10000 50000
9655 9245 415
7575 7152 491
5538 9311 160
2077 8881 278
6532 1031 741
4047 7805 630
9390 1945 920
8260 8976 17
8229 8026 774
2103 1199 198
813 3544 763
9792 4749 876
6876 4768 987
5401 9998 530
1434 1656 594
1204 8148 166
4690 7151 660
3726 6574 108
1413 8652 53
6201 3368 821
3920 588 10
1598 5235 288
8956 1178 957
8734 5088 376
1355 8597 408
9516 120 108
2552 4485 239
7280 9375 887
1156 6330 466
146 1728 394
3419 4170 371
1146 9448 448
7759 8252 510
1257 4187 669
3191 9678 869
478 9394 668
7716 5721 522
9420 6236 321
3281 7621 443
4949 183 545
2836 4742 477
3758 1226 439
7543 9734 215
309 194 489
1629 2878 42
2425 373 479
3600 6446 959
1969 6089 531
1585 2987 202
3257 2251 550
8306 8578 82
5253 105 489
1427 4291 176
2776 5067 258
7801 2618 548
4689 849 490
979 7381 546
7324 2392 876
9750 5899 78
9398 6432 418
4827 436 973
9422 7826 878
8244 2867 423
4623 2386 111
3131 772 737
1452 9249 221
2978 6890 223
4771 1224 604
4065 3187 855
2514 7090 313
3421 5559 461
4777 6552 772
12 2441 544
8228 9398 75
1678 6721 110
9466 2421 95
7233 2851 263
160 5993 943
547 7656 64
6205 9758 121
8654 5901 624
8274 2175 922
33 1235 935
5407 5036 973
3504 2078 714
7576 6597 525
1578 9788 511
4211 1927 283
1296 5065 131
1447 9910 491
2203 7913 619
201 6042 682
3730 5553 410
8637 9084 416
2296 8636 164
7553 4552 90
6000 2381 786
6601 1594 724
123 3693 493
6482 8206 9
6627 4861 92
8760 2486 662
3754 8503 622
2838 3531 785
9459 2747 141
2050 8540 748
9480 4129 383
265 4860 671
3729 3606 698
8037 2064 641
6782 5278 511
7458 7563 288
4114 3675 616
1825 83 504
8474 4935 20
9553 8538 416
3758 2166 944
2307 7161 890
5464 1735 901
5562 3196 179
6377 2936 178
2182 826 147
8144 9336 246
3201 7333 32
6848 6536 481
5559 9543 162
4927 2460 987
5799 9090 154
872 5839 807
1591 5598 856
9322 1199 151
2628 27 785
1571 6815 289
887 4977 680
2383 2876 159
4406 951 809
7923 8309 365
4816 3827 200
9453 9949 170
7801 640 945
6276 1471 938
3857 4228 392
9271 8519 251
6679 5688 215
8756 7887 793
6173 990 681
7749 3589 714
8834 7915 410
917 2945 266
8884 2832 943
6027 9492 430
5488 8375 433
4566 537 865
1808 2874 675
1884 9039 919
6775 1896 571
5518 5649 897
5251 7514 290
721 1772 635
2633 7992 670
986 6002 113
6063 7990 938
4118 583 246
6786 4374 516
7416 9762 654
7223 4154 935
9878 4318 495
9391 8117 595
8116 5565 472
1493 8323 353
6183 6701 416
2658 7048 92
7922 182 121
1019 7932 497
9144 3035 357
2228 9165 687
1036 1136 162
7262 568 243
5289 8405 360
3722 167 301
1598 5752 624
4816 3953 998
5067 3306 163
7068 6191 598
5712 5670 62
4590 8912 546
1049 1495 495
9249 8252 548
1731 5332 988
3914 7277 234
118 452 276
8735 3793 839
3854 3215 943
7801 6153 235
4136 1390 489
5250 328 3
7802 1820 866
1695 5577 555
965 7686 102
6811 5950 800
8717 9212 413
4570 7445 998
7564 8043 727
6444 8302 505
1299 5347 925
220 1824 517
4455 3700 252
1569 3569 551
6451 4278 196
3022 5146 856
7375 8960 878
7409 1989 111
6464 2724 505
7682 4068 694
3007 5410 51
6325 1453 593
2862 2694 34
2935 6915 178
6573 4007 405
2745 6313 962
1527 9898 88
5043 7385 984
6021 7131 358
9425 5111 925
189 1612 3
2108 4287 881
6776 3227 400
3646 1129 262
7026 2982 455
5528 9078 924
2837 4284 877
4161 3144 839
2678 506 70
214 1728 334
4806 460 290
1791 8313 23
9696 9982 647
3292 6057 340
5725 7367 248
646 2253 488
9232 1960 527
595 7867 126
2527 7662 84
9647 8703 616
9603 7243 942
7888 994 926
2737 8947 630
1157 9513 939
6104 4225 509
4004 2748 322
1633 2248 513
405 1223 30
4370 1065 846
7735 6821 790
1032 1353 290
7431 5568 791
9438 6354 387
5201 17 886
7214 5767 932
316 8017 524
6199 8953 259
1081 4922 915
1310 167 298
5273 1707 33
1687 656 17
3810 6828 739
6891 4971 718
5123 7920 239
448 4512 55
6594 9518 342
2097 4575 9
1739 4649 313
9579 9856 250
805 6995 535
8113 4214 603
5676 859 969
224 6262 47
1442 8514 848
4071 1814 325
4099 6267 683
1494 1135 374
6941 9090 906
6557 3650 956
9167 9518 416
4845 7962 989
6685 7145 387
1909 4647 527
121 7637 902
857 858 120
8047 5014 968
2242 7050 76
5702 5320 470
4321 9003 895
779 3180 494
7431 9536 200
4155 6961 998
8937 2964 455
9957 753 460
8884 9262 901
8352 4892 888
9852 6767 532
4855 2600 924
2413 5074 856
1769 3501 371
1964 9125 855
1997 8683 969
4812 2225 26
7296 5938 145
9886 2446 244
7185 4684 171
3754 5587 678
7863 3690 778
1057 856 983
1801 2045 265
1145 9548 373
4222 7429 999
7119 1589 23
3886 7582 839
9573 7757 182
2272 1565 17
1367 2330 690
5294 4374 185
891 5179 24
7427 5365 995
8281 5350 290
9877 9893 350
3642 1342 836
6687 2001 949
3587 8992 584
9704 6632 385
9160 5549 926
9950 1157 459
5482 3684 8
8402 7197 740
743 7832 156
598 9329 142
4060 255 524
7890 1434 958
1082 2598 682
1796 5580 729
9733 4794 965
9557 3529 95
5458 6593 356
9801 7071 471
6624 3540 78
624 7302 377
4045 1343 604
1785 8117 108
480 3123 762
5234 1626 698
7408 642 949
7762 3682 33
2159 3468 209
6344 2778 536
3811 9395 9
5210 4641 212
1782 7617 454
3696 7067 964
4845 6522 280
1693 8770 703
6301 3018 996
6082 8248 578
1105 1649 689
6646 8338 656
1108 5144 417
7628 5639 775
9785 1034 469
9963 8732 633
3346 6455 602
5262 1640 437
8689 9070 401
254 5584 825
7102 8017 257
3061 3343 612
7014 2073 604
1905 3939 843
460 1435 100
4668 5667 857
7216 3266 529
6330 1670 286
2105 8378 103
8384 9816 308
2957 6943 183
8952 8090 141
1465 3527 556
8739 5561 125
9424 697 462
1493 6564 448
1952 7299 937
8692 984 70
4569 4156 723
7101 4221 603
6480 1420 210
8572 8970 207
6949 8210 519
3422 4989 630
4546 2897 312
5756 2830 734
9160 2080 404
9009 8855 989
503 259 665
6262 5278 214
2714 977 753
311 6984 752
608 5933 177
7802 2857 738
8720 4018 560
808 8972 342
6331 6741 417
1635 3071 498
7627 2382 229
1656 5104 62
4289 5044 182
9360 7581 269
3462 2283 817
1771 2207 902
5182 5554 933
311 7643 999
6699 1222 87
811 8710 712
5504 3302 300
1384 6660 198
4342 3611 13
1015 1386 666
5026 6061 444
5870 1749 152
2237 1479 783
4591 9356 981
7034 8873 21
1611 4104 111
8191 2049 992
8750 155 649
2178 6924 913
564 8979 273
1549 7718 42
6792 9434 743
7827 2533 93
3947 3372 745
5030 8101 15
6084 3554 711
9512 8218 325
8445 3327 426
1094 1355 287
4283 2363 643
8912 3751 519
2556 2931 741
3089 1503 445
7857 9527 172
3477 2551 306
7037 9064 848
683 3169 557
2116 1119 532
4269 1937 487
8356 7845 898
7083 2399 583
6180 9376 436
4350 9829 304
351 8497 397
7521 7769 49
7186 1080 63
2166 6870 415
6849 9071 428
8661 6774 849
3148 861 958
4827 8266 242
1520 6191 6
1361 7062 842
9383 7823 781
7616 913 685
33 3858 465
7329 9209 809
3646 3455 63
6776 8419 47
4003 9837 250
1209 8448 328
4523 7087 454
8511 7005 641
6890 7073 604
167 8659 705
7956 1322 942
790 9613 36
2413 2217 463
4202 7107 46
1992 7990 579
7967 1388 914
4561 9797 748
2642 5553 216
7210 2313 288
57 6636 399
1912 9638 335
2201 1759 158
9261 5033 137
3118 5330 448
5957 539 996
8209 5766 480
8033 824 251
5338 4358 243
1697 6554 677
7168 9608 931
7726 1199 67
2254 2649 713
1892 322 450
3929 6983 207
2350 2217 341
869 2614 505
8124 1120 914
412 6453 639
3712 4307 903
5205 4717 390
2418 2719 298
2719 1486 200
2987 4946 501
7530 4556 411
846 2917 580
3390 899 469
9743 452 46
3134 15 381
5015 6507 811
5025 6249 121
4434 395 966
2029 1417 960
1360 1789 996
3452 8194 917
8202 4711 222
3720 5636 614
9024 3890 615
2476 522 972
3879 9363 537
4872 6294 669
5648 989 958
8992 3252 357
3555 2 713
6373 117 176
9259 4740 812
5605 9206 288
2925 1162 554
8806 5405 9
5377 6352 307
6150 9299 548
4210 4288 845
9002 8670 916
3725 1318 288
2931 6937 807
5741 5525 736
71 4524 414
5960 3797 575
3232 778 7
2929 6561 36
2499 3586 695
333 7936 247
6241 5182 320
1749 4367 279
8881 2902 149
8720 1149 589
4532 1881 406
1343 6073 11
2926 1044 722
6201 9406 644
5726 6217 69
1333 181 584
3324 1732 968
8837 6607 161
2938 9796 134
8560 9903 350
9725 1405 460
3630 593 688
1759 1184 556
3505 456 309
8035 6878 336
6778 4294 651
9184 3746 119
9401 5918 584
5031 826 916
2066 3053 292
5450 6715 832
6420 1501 136
1832 6613 959
8901 5375 465
952 272 278
5670 6837 870
69 4205 977
1196 1083 399
4154 6729 727
1529 8285 403
7966 8074 588
5999 9038 195
9239 8765 442
5350 2009 187
6503 3913 356
3240 7174 165
4687 12 868
146 1991 295
2094 8278 748
4247 7337 6
8422 30 320
988 735 290
1647 9241 955
4871 2864 468
1485 9130 100
9636 811 815
5813 915 190
2558 6057 419
9123 6617 153
925 3317 642
771 552 398
7690 5149 55
6315 3437 931
5399 4624 484
9426 15 348
6186 526 672
9854 6812 473
3111 424 387
1581 2456 891
9420 3380 477
9092 7250 606
2488 6749 41
907 2174 63
4422 4665 532
9150 4854 40
2374 6797 108
6412 7853 948
1495 483 353
3015 1051 816
3016 6817 174
5783 2870 313
5774 7761 389
2636 4186 634
2878 2027 294
2130 993 598
8443 2505 106
9112 4014 359
1501 3485 344
5363 9650 434
6630 3409 116
7812 337 185
9751 4764 752
8822 1856 681
4749 5260 882
6799 1702 110
4926 2727 933
3743 9410 118
1858 7239 261
9322 6823 680
5882 8930 572
8514 5259 949
8580 4835 872
8310 6783 875
3513 439 34
2528 7000 284
6124 6821 266
7457 6219 256
1127 2718 886
8660 7271 937
6844 9660 104
1293 6621 249
7278 2763 255
8798 698 126
2068 2049 543
1619 7025 373
1760 1928 874
9054 8669 404
9877 1973 272
7592 3252 429
3923 3045 767
5877 6245 630
425 471 725
5950 2929 24
4029 9933 637
6904 7850 631
7458 2548 27
4030 5327 267
1889 5881 234
1638 7734 965
3635 1396 937
3747 3400 796
8408 890 624
1308 2479 903
8924 353 840
5993 7355 272
8131 7810 285
1925 2609 123
763 4954 395
2359 4532 883
5809 676 315
9911 9519 613
9071 8233 338
1499 4299 855
2140 172 703
5979 748 885
2686 2257 642
6420 3371 32
3417 9361 453
1580 4454 703
298 2459 432
6805 707 991
1904 4602 20
3587 419 264
3520 3714 869
4776 2482 676
6777 6494 927
626 4590 654
98 444 76
3135 7343 649
3352 8544 668
4239 1715 512
1221 1228 346
6370 6936 452
1674 9001 264
7219 3082 352
2461 7413 590
486 7436 188
7280 631 531
6931 7313 686
8904 5329 633
2602 9835 447
1644 1270 168
9181 2126 38
8025 1234 535
3607 9804 211
4218 3774 985
6438 7491 140
1943 23 503
4168 1951 75
5729 6333 208
595 2402 597
901 9427 608
6326 9460 612
9547 6581 409
694 4612 753
3010 7498 278
6073 9916 191
961 7976 6
2411 8308 239
5316 8349 404
7868 1695 625
8251 4642 419
8643 4642 545
769 87 705
975 654 248
6614 1191 356
4160 6213 209
9567 1160 120
5363 7483 368
6535 6750 876
1345 3217 467
3101 7633 795
8544 9461 447
3184 9262 671
3375 6186 589
3618 2432 664
3450 3609 244
304 6071 931
792 1959 675
3364 3181 583
5301 3253 7
9296 83 763
8268 1211 271
1244 8774 314
8197 1807 980
1132 718 531
5366 7823 673
9672 1304 855
474 1750 49
8879 5907 939
8108 8805 418
8593 7166 338
7211 2615 449
2930 2488 734
681 2521 310
7647 3678 943
9122 6147 57
3494 1244 747
9626 8425 162
6217 9313 223
56 1631 675
8880 1791 719
3239 8983 660
7890 8370 873
18 3581 648
2165 4642 496
8980 4044 954
4129 9866 251
4859 2633 3
1830 4576 205
2856 672 436
1392 843 745
803 1671 66
5742 7548 189
4653 2519 917
951 3435 317
312 9259 136
1115 2061 893
41 78 63
730 4195 680
8083 105 768
1081 438 542
3147 1591 767
5472 3767 536
1541 9710 731
1141 2634 158
3225 2386 448
3670 8360 627
8451 9535 950
833 5407 270
6233 5372 211
8452 24 947
9231 3233 557
9171 1922 60
2190 461 847
8718 4700 731
4008 3497 556
5187 6027 531
3141 1612 364
5135 7544 545
292 5781 887
6565 1185 304
719 3942 62
5217 8311 492
2204 8890 694
7715 4288 542
464 9840 879
2479 5082 713
5800 9776 470
288 665 989
8665 6888 125
927 5891 936
6156 4396 838
3609 4187 542
851 6819 173
7098 2065 677
8162 2877 663
1276 1712 602
6812 7827 831
2639 4541 964
9913 8073 39
8174 2394 668
7254 8424 436
7912 2949 133
4478 392 655
5208 2158 501
8205 8361 613
3018 6136 640
4202 2273 410
8802 4497 415
2584 4979 365
3347 8211 123
1899 100 952
3523 34 788
6740 5873 584
479 2171 738
1574 2201 603
4424 8327 559
5997 5788 437
6652 1356 318
4717 3303 32
2387 8204 987
1149 325 985
384 8464 217
1420 2408 18
1830 3928 420
4121 3746 606
7447 6403 697
4074 5691 860
6368 2433 347
4553 694 723
2033 1589 804
5006 1849 637
6087 9539 206
8 8052 925
9068 9249 875
1550 9357 655
1127 2524 471
8332 6117 397
206 7309 282
8671 9646 954
8890 8060 700
1927 7639 811
5542 6114 279
1529 5695 70
8057 4106 584
943 6057 499
4803 735 34
2602 1722 8
563 7385 960
6666 1461 254
1589 6935 508
1278 696 222
3020 1356 584
3373 3486 468
6740 6339 290
9453 1988 37
3831 6134 335
3751 106 272
6094 8165 20
5973 8177 522
9623 5287 432
7224 1089 316
1317 153 402
3000 1017 327
6163 6643 827
8007 2135 613
6456 6051 295
3127 3895 903
9544 1892 469
1124 8183 105
609 5204 745
7728 7112 669
4052 6115 387
8138 7730 103
5791 4238 407
5190 8046 770
160 4162 452
3160 646 463
6725 825 572
3984 405 861
9085 573 680
241 7058 540
3779 9702 683
9397 3098 559
739 2882 612
1026 7721 790
4084 1827 796
9141 9353 358
9798 1437 432
8420 4437 764
2680 4703 934
1946 9574 737
6122 1304 570
5410 8446 497
1938 4305 422
4784 1326 429
1018 7666 924
1580 427 213
5749 7523 535
1585 1455 327
6643 4142 820
1100 5577 335
2075 4692 219
3302 7302 2
9446 527 764
3303 794 185
2071 9837 849
8586 152 699
2766 7042 218
9192 1280 596
2300 2691 487
2192 4035 82
2271 6700 104
7913 187 277
9773 6270 963
7144 7030 147
432 8853 662
227 2639 399
2951 2361 13
7149 8014 949
9866 7397 302
3624 3753 681
5212 4874 679
9778 8339 178
8354 7597 233
5662 9380 83
3489 467 632
6253 1363 999
1524 6264 105
8941 1159 517
7147 1034 765
8996 8701 510
1552 4770 759
8748 7570 848
3365 2997 841
5095 145 441
1258 2856 262
4632 7017 313
2422 601 743
1581 5926 89
685 4594 535
3574 624 177
5729 1700 485
8082 3996 864
655 1503 63
2155 327 529
8956 297 564
2288 6531 514
9931 351 999
4137 7176 902
8630 4955 166
3453 9852 514
7963 6805 754
8283 4176 169
8995 6269 519
4181 2144 404
677 1822 260
500 5371 50
3082 7417 512
9385 2542 830
7881 252 961
661 3363 861
9217 5455 943
3287 8744 620
8040 1512 508
1597 8922 564
2455 5231 387
3355 6704 675
6694 3286 530
7221 8453 822
9411 1257 783
6502 6799 61
6131 282 198
2347 668 880
8731 2805 749
1981 4503 366
7495 411 374
1630 7136 906
6312 5870 422
2293 2090 5
8941 70 182
9114 2989 301
4552 51 815
1341 9579 262
1809 8311 812
902 2001 218
4932 5217 278
9563 644 95
3165 4946 860
3949 619 70
1508 1818 414
1162 1879 217
7473 7143 533
5193 1783 356
3360 8394 287
5924 9449 481
7281 8183 195
3141 3721 635
2072 8859 505
1644 5340 663
8452 1 967
5748 2872 825
2278 2502 387
4302 2348 622
3194 2578 525
3053 590 839
6707 1612 567
8603 5373 20
8141 3019 68
7354 7677 559
2424 6885 33
479 7875 851
4572 8484 836
3024 5524 826
1670 2137 465
7412 1970 136
148 3025 179
2337 5395 830
2296 2316 37
4492 1639 820
4993 8483 768
7071 348 742
1544 2687 562
185 9223 193
2548 4145 76
3347 3035 732
6575 1731 36
1457 2359 734
9557 4680 245
8383 1543 836
3089 3696 20
6832 7244 333
8554 7041 118
2783 4377 746
7560 9303 298
1165 6900 828
6137 6033 204
6438 7196 655
4273 548 636
2130 949 459
3435 8614 858
9927 886 487
5172 4903 150
3701 2805 940
1346 3839 720
8003 4023 870
7384 1892 258
8811 7401 585
2749 1756 79
6866 9936 83
4887 1368 898
7231 7682 193
7209 7255 89
1365 9110 364
2413 4158 356
5598 4486 61
8074 7090 527
3818 3911 955
5927 7779 686
6903 5467 906
858 5907 450
1056 5756 641
6666 7446 394
9104 4745 886
1746 6445 582
3245 7248 321
4625 2596 748
4667 4000 695
6631 8512 756
286 1712 552
8028 8226 290
8363 2248 586
5240 7875 208
7838 5876 699
3574 4059 547
4672 5016 441
1189 6000 123
9385 3212 753
5 1276 979
5994 1850 256
2098 9471 882
2819 8607 137
7640 7677 222
205 3309 793
6572 6631 758
9828 8641 622
9788 8257 836
1553 3179 557
43 9810 341
4887 307 74
1311 8657 61
8973 1516 181
6282 8384 897
866 7984 752
2106 5702 501
6420 1931 721
6563 6110 568
9943 3173 62
5673 2054 993
4848 3640 520
5454 2887 533
1115 7456 450
5484 7312 274
877 2045 809
6444 3947 493
7462 861 515
3939 8921 258
8568 790 713
5135 7070 236
6780 4381 954
8134 1209 53
7193 8587 837
2780 8068 705
1947 9032 162
5555 817 930
2766 6736 473
1716 5291 312
6966 2773 669
1324 6592 218
8282 6414 689
1008 4761 119
2720 8295 217
992 9686 937
1309 4163 560
1099 8102 579
1788 3643 730
3465 871 315
2820 9561 510
8101 1932 804
5268 5712 329
1270 1619 313
8675 2259 790
3557 878 486
5879 3238 196
1674 1125 972
2098 4253 736
3726 9670 842
4760 9770 567
5414 5562 873
1957 9460 468
4390 771 13
8532 7073 187
1282 9428 847
9488 2020 984
4868 6369 887
5587 6243 637
6465 3566 429
3962 5393 515
376 5227 814
8786 3594 817
1126 5890 823
4864 8137 738
1775 4094 980
8607 8588 55
7762 457 418
6173 1816 930
2455 5439 480
6534 9173 831
1248 3249 526
2888 155 662
6944 1199 465
2268 8601 257
9283 1206 12
1742 8282 810
2068 7516 96
4105 1657 103
9774 2569 713
3920 2848 16
9256 6508 830
810 99 566
8276 4325 474
1103 5741 3
7572 5829 75
8951 9087 786
5410 6019 296
7734 3854 858
9456 128 442
2962 7144 121
1034 5740 918
2537 3163 550
8768 1742 1
7264 1448 306
2514 3535 145
2620 2354 183
5873 9658 957
6188 2072 270
1084 3762 864
6598 9330 531
2133 8545 254
9321 6502 542
2407 1021 693
4519 4603 87
1932 895 712
3575 7448 63
3174 6692 954
7639 6580 771
1219 2843 514
5754 3568 107
3247 5205 391
2624 4637 496
1761 1156 482
7350 593 2
7336 8754 467
7502 1863 501
7936 7053 40
9391 4785 784
3997 1729 818
101 4160 354
1434 327 138
5648 8815 951
1061 353 623
8626 8676 563
9444 5149 137
5881 7704 839
8023 6495 554
8950 8673 776
1695 229 834
6989 1508 156
9415 2201 659
1472 8010 259
7629 581 88
332 6887 209
5877 7490 247
8922 2158 668
8465 9395 384
9710 8037 971
2007 3767 723
1351 8474 985
8650 5745 189
5057 6389 608
3702 2176 848
9498 2029 297
993 4472 37
164 794 905
5768 6666 446
8505 970 34
3378 9795 428
1635 4014 677
1436 6883 932
8067 307 336
1176 1038 656
7573 208 311
107 9159 791
2063 1476 425
5132 7376 317
6852 288 745
3869 6859 360
4566 2303 238
352 5975 74
2124 1529 18
5114 3271 443
2147 8375 827
2775 1859 532
1256 4302 406
7043 8 566
5081 3839 786
199 308 770
6312 792 285
4912 1318 464
7557 35 348
9409 2887 864
7750 255 166
4731 7282 330
1910 7495 506
9424 4238 488
3994 5960 388
9580 4612 866
1161 959 26
1970 2719 822
4508 3182 352
4103 2467 566
3657 799 477
5620 1567 660
6090 5988 624
2868 950 925
9606 3093 360
433 8127 6
3897 9850 585
1021 1834 749
724 5747 24
6747 9527 126
3361 2477 8
606 2579 649
9671 2930 834
1579 9394 971
2515 2053 102
504 7656 897
5292 4564 563
4582 1402 677
1373 5242 156
9382 6969 575
5099 1016 181
5953 7013 188
1 1862 804
1909 1140 727
5003 1876 483
8855 2399 971
2098 5985 107
7613 7880 671
4982 6174 486
8120 2264 639
5569 4185 627
2053 9048 288
2207 1435 112
9956 913 797
2598 1617 932
4103 484 91
4944 4268 480
5657 4882 499
9473 3596 308
9663 6516 776
4759 2646 630
1274 3215 117
4818 3802 54
1146 7862 499
947 626 537
9921 4588 852
8807 3394 497
77 8024 128
699 6549 390
4550 1837 58
774 9393 978
212 2617 713
2511 7616 387
2608 1410 105
555 8930 708
7260 5021 566
5539 8843 556
9340 6131 373
6692 9871 261
1539 495 293
3640 174 845
1948 6488 895
8346 2711 780
95 2315 74
2364 848 385
402 2235 395
9153 1040 49
4172 1259 72
1460 4964 250
1917 6737 157
4771 2528 565
8123 2817 440
9017 6704 984
3652 7989 928
5737 2359 395
2055 6662 938
6416 4096 239
3857 1079 991
5259 6447 183
6025 2131 555
4685 379 859
6831 8773 616
9978 7590 221
559 3357 95
5258 788 223
3879 9912 926
5819 7435 452
3721 5317 14
9748 6597 558
1960 4001 30
6806 2328 132
5861 7983 724
4967 199 120
8214 5685 437
7871 5472 716
9484 5843 76
554 8805 872
6965 86 1000
2932 74 104
9036 2738 212
9468 8818 485
1574 5027 939
2487 7596 931
5015 3306 615
4688 1688 55
9088 34 118
4942 2411 817
2557 5261 239
9606 723 900
4083 4124 270
4040 9283 911
5061 3342 650
9484 9470 835
1946 7993 504
2338 4354 902
6418 1325 959
5732 5164 831
6143 2429 492
9242 4378 613
7284 5236 649
5479 9 288
6052 8739 496
6594 7174 310
3452 4611 516
9258 8243 446
3550 9000 177
681 7437 339
5157 5560 14
6511 9603 958
5141 7018 138
6230 6405 1
9183 4194 647
7902 4225 889
3322 2705 406
1286 9082 677
9870 8439 580
741 9735 779
3816 2462 232
4679 96 414
3635 8675 929
9277 4340 368
8703 1219 399
6053 997 667
8649 2915 989
7870 1765 149
8669 4979 90
3556 8843 885
1075 1858 35
485 4591 477
3182 3882 778
3007 549 159
6548 4179 222
8356 8480 586
278 8303 536
8095 8400 628
4479 6144 405
970 2743 79
1996 585 629
2047 132 177
6801 9746 856
8820 8674 458
4218 6974 249
8159 7899 492
9004 5329 233
6468 487 55
3266 499 646
1335 1057 468
4198 5486 255
2223 3044 826
7859 4241 494
4014 4493 363
7409 7886 23
8349 5227 308
7693 4244 690
938 2783 57
1932 4457 324
5932 1881 137
6802 4905 957
2762 2091 274
8954 4563 841
1301 2134 545
8958 8039 593
5266 4997 217
3170 8362 589
7314 9778 493
3255 2046 369
2934 1870 302
4711 7088 223
1487 5822 395
5001 8975 902
5978 574 453
553 7338 906
1073 5977 461
4508 828 526
4024 2595 873
7420 121 386
724 4428 390
4919 6913 418
9842 7545 432
8727 9609 736
1960 2184 142
9497 7874 111
2666 1018 616
6064 920 635
9437 5647 39
1206 4550 288
9840 3016 922
9271 1160 48
7534 8961 408
4399 7108 370
363 841 20
4544 7784 923
5819 72 769
3765 1980 808
1211 7795 149
4181 9119 782
1835 8966 552
2928 1784 424
3390 856 787
5516 682 290
9121 7118 123
8651 2180 943
5216 9571 321
6228 9623 876
173 2608 790
115 3610 376
5944 2100 983
7254 8514 779
1462 1017 190
9200 2067 243
1680 4666 625
7866 1087 223
6086 5019 638
802 1722 508
2708 3567 668
4616 6232 60
6550 4313 233
4032 2338 169
7102 9400 261
4241 9641 959
2619 7750 1
3310 619 344
2960 940 620
7933 8602 616
9680 7134 7
6381 7792 896
6467 2805 937
6902 2908 705
245 9477 811
2728 5189 120
4095 8806 157
8325 1670 486
1880 7183 646
3675 7054 989
6779 6188 395
1164 7473 119
9106 2496 773
7863 8353 657
3927 6504 207
3091 7491 642
3636 5510 640
8900 8320 776
8759 1260 495
8007 8088 860
9586 5012 963
9335 6609 556
8563 9604 97
3680 2087 457
6160 6384 683
5604 1121 676
6876 5127 236
9635 6099 730
1676 5823 996
1941 5864 344
3968 2878 882
6504 2832 744
9916 1264 234
1917 6413 161
3697 2148 30
6797 6840 206
5881 7574 287
9878 3468 15
4801 5504 490
170 7997 412
1931 5786 164
978 998 187
883 3279 916
6374 2417 929
8630 9633 474
6672 3945 902
334 7766 241
651 4468 928
3588 1306 275
6989 9649 738
8962 2727 953
4757 8365 127
9684 1227 35
9214 7519 576
2543 6769 21
6705 2716 940
1667 1773 532
2763 4953 913
978 2717 701
4692 4623 210
1274 9125 210
5886 5729 282
4691 86 390
1546 7794 923
487 6852 547
124 6553 506
1533 6201 804
6849 4843 238
2623 5122 35
2628 918 726
4845 9214 179
3684 182 226
1140 4679 534
6103 1956 207
2014 4726 819
9324 8334 940
2818 842 926
8182 1738 401
5411 6950 629
5717 3901 382
5664 3790 751
1074 5038 680
4438 5491 840
173 4789 984
2452 5561 976
2816 9132 871
2080 5646 641
9971 2783 180
3399 8535 580
6988 5666 890
3801 7410 209
7869 8883 885
5755 896 658
5600 2799 517
1554 2332 808
6106 9544 793
5049 3045 161
9236 237 899
7344 4667 794
8186 1502 159
5967 1280 775
7481 7067 244
6986 1768 928
6027 3641 346
8297 4829 963
3697 6719 857
6166 2664 506
6694 6993 726
9054 8548 432
5058 7244 890
1761 3600 387
2441 6215 306
5598 329 76
635 6783 523
541 8696 924
5527 8121 728
1738 9974 946
3541 288 962
4191 387 397
2589 2297 105
5844 2247 212
7166 6710 444
168 8238 704
4070 441 885
2775 9975 164
1491 1050 929
8868 2328 112
7137 2875 18
1417 2665 412
8284 5569 142
2769 2737 2
2225 8216 506
6416 809 36
7501 2835 313
801 711 753
1030 6367 746
9123 8117 779
4122 4321 706
9762 252 535
4379 9744 505
5266 774 801
6522 8438 321
4333 828 914
9505 3337 494
3287 9204 147
8096 6028 946
2430 3582 133
1305 1471 829
4701 2025 71
1350 9522 817
9315 857 112
9271 1696 435
3185 7701 931
4059 3771 714
9176 5257 594
2950 5976 512
536 802 985
6063 1386 543
4993 4658 821
6119 6850 286
9873 4985 221
2012 8428 400
5416 3861 50
8526 7042 688
7788 6837 80
1240 4374 663
6521 5457 982
1518 6783 124
3497 1174 431
9609 5408 762
1803 4444 860
260 5829 363
2693 5609 271
7287 4689 860
1505 7458 619
9490 3163 992
1090 3446 211
4985 6156 70
2929 4109 859
4446 3073 401
7350 4875 449
3385 2299 851
1940 1558 852
7562 158 914
6535 7832 361
4138 4154 202
5887 9548 447
7845 57 408
6085 5115 415
1772 9943 135
4481 6850 1000
5667 3734 541
2087 4028 930
9804 5240 908
4397 5278 563
1400 7922 519
4441 2555 142
8274 9228 163
3962 63 950
6987 7585 734
3765 2617 950
4261 5637 256
8952 3215 663
8665 6839 566
5889 3973 892
8626 7829 358
8468 1418 222
6743 7862 178
5529 5304 405
5774 9401 775
1903 798 885
1100 6279 962
7934 1748 216
4424 1011 464
2747 6099 527
5070 3899 775
3934 3096 15
7443 7403 244
9639 3213 758
8541 1299 692
8709 3015 953
402 8712 160
1469 5536 25
5693 2830 519
9428 4731 702
148 1275 728
7561 788 789
1608 7618 689
9584 1220 187
1971 1868 440
3596 3226 610
1460 206 858
3661 6437 560
5128 6744 861
4913 2797 521
4833 2255 785
2716 5153 912
4529 3850 413
2767 812 523
2277 5569 147
5586 706 448
4039 5769 308
7951 2423 229
6636 6791 906
778 1467 474
9193 2210 505
6463 1033 826
538 9566 576
3118 3167 756
9725 1910 9
2968 2149 489
6803 4510 588
6545 209 132
6457 7686 595
2444 4757 352
1710 3874 748
191 4013 582
13 6814 524
1492 1375 440
6358 778 596
8664 4455 457
6723 3695 100
2712 6584 922
7329 4813 263
9386 9683 765
3897 1009 8
2127 3214 241
4292 3908 796
3279 5734 849
5550 2904 537
8136 8384 330
8871 8692 554
8870 2027 948
3532 4117 982
5641 3250 761
5637 971 799
6293 5688 297
3446 7679 270
8472 7550 517
4471 8079 598
3214 8626 32
5842 9379 729
8216 2205 222
850 4083 960
8273 2463 690
3769 2713 791
7318 3191 677
7598 3642 477
2370 779 740
7165 985 25
7044 5655 619
4841 2704 210
1515 3949 927
5178 5805 431
2021 883 926
7051 3078 277
1300 7547 494
1360 4023 498
9000 9978 257
715 1518 319
4834 7899 193
6032 374 764
2361 1519 299
435 5607 545
5453 1932 633
2645 1076 708
6582 2405 586
9136 4763 851
2661 8900 565
2262 5060 806
6511 1484 912
1277 1862 681
8584 2044 715
825 9289 3
5393 6859 773
880 9529 80
5884 8377 866
1658 409 389
7284 9695 79
8996 7647 280
5347 381 231
7853 691 95
5507 9428 895
2697 9982 210
7439 9757 541
1008 8990 170
1819 7041 206
8682 5410 484
9459 7204 794
4021 4692 963
8215 5161 695
8062 1622 946
6876 2200 935
3039 270 35
8346 5007 629
8177 3427 591
2335 8460 352
7179 1056 999
5581 6202 735
4612 6461 909
8612 8423 820
672 2759 842
6203 538 98
8195 2076 154
9442 7971 262
4346 4434 264
1547 6777 352
3541 5480 628
1916 9384 404
6004 478 173
2493 7766 879
8217 136 454
971 9082 159
7429 3382 357
7976 7822 997
4783 5387 379
4590 6464 516
4445 2666 37
7522 7852 657
3109 951 260
8079 7815 298
4720 9694 634
1185 1859 380
2900 6946 677
4983 3719 804
2962 9062 281
2417 8282 297
1675 3535 116
3444 1636 304
4804 79 662
1718 7511 402
4298 7787 996
8952 9944 416
3038 2273 322
5524 895 781
6993 5848 671
6773 7407 248
3486 916 775
5228 9182 630
9162 8920 692
2215 2516 17
2640 3391 214
7145 2 245
2101 1325 392
8018 666 821
1422 5352 339
8747 1453 115
2403 4048 447
7198 2558 35
1210 4248 199
6899 6283 720
4053 352 237
8303 2219 757
2009 1790 39
8064 8656 296
7622 4268 920
2505 8670 31
7683 7382 643
7720 8182 895
6102 3284 640
9635 9003 809
3370 1947 642
4506 230 705
4105 7276 242
1802 3680 136
1975 330 405
4803 9541 903
576 4578 378
7417 5033 138
7195 5384 865
8190 2321 902
2823 1954 232
3174 7636 456
2260 2710 960
3329 7485 121
3087 5703 668
6656 8134 328
7230 674 867
6389 7497 833
8844 3444 13
1735 3822 787
5277 7009 577
8374 9942 147
8065 2994 71
3740 2473 811
3545 7052 843
4971 696 355
7227 1020 955
8875 565 584
105 8328 948
2519 8957 487
1164 1529 403
5925 714 76
5363 8234 947
8800 2046 997
9162 8585 718
290 982 573
1123 586 699
5023 1939 257
4680 8403 674
677 281 978
4602 7797 229
3689 5468 465
6051 109 848
7265 209 905
5514 2761 149
1020 7629 531
9215 6493 724
2285 5398 216
2431 3964 362
5437 5851 665
3843 8943 317
6291 1640 962
9952 9453 234
9953 8308 2
66 6999 674
6622 9848 220
1622 6559 6
5066 1380 700
7004 9753 470
6837 4053 168
4156 6387 770
5732 6725 520
4933 3094 438
2562 9977 896
7913 9364 880
1584 6135 718
3813 6025 368
1927 3267 518
2378 3624 29
3984 7121 178
5104 3426 518
2787 6262 474
9475 4197 628
2019 8918 239
9590 7426 84
1968 5762 589
2376 6497 658
2546 5260 274
1358 8423 183
1696 8353 70
3703 3150 851
9164 8505 817
3583 2729 7
6729 7461 722
4025 7012 987
7534 3807 125
2272 1990 286
7181 4833 97
4249 3009 855
7478 5130 565
3153 2603 329
9678 8310 221
324 5742 133
3097 5016 452
1081 9843 799
8418 8143 717
5554 3539 650
5187 6697 76
1617 3492 776
930 7550 499
4196 4189 203
2910 2599 548
6017 23 128
6905 841 146
223 2862 422
1142 8455 608
634 9671 357
6378 2656 931
2776 3797 890
2588 2609 999
452 9422 765
1378 2112 129
3440 5007 652
7880 7404 194
9001 3179 371
6688 8333 731
4546 6510 868
2132 734 203
9730 6327 635
1505 4364 905
3003 6872 15
7302 7396 180
3857 9594 501
1232 3647 457
4585 7506 742
1005 4765 281
6111 6841 335
4829 1316 804
232 7805 760
2367 4492 903
2583 2770 470
5900 912 316
521 9489 708
2610 4989 557
8882 7306 743
3120 25 169
2660 6457 802
8825 9191 115
5588 1126 721
1833 7618 395
1504 7007 923
3713 2084 595
3032 7224 445
4747 3771 521
369 5785 453
2331 3821 324
9176 2716 641
1425 6903 155
7889 7234 588
1580 5257 702
8624 9875 938
914 4592 764
2402 9165 477
9442 7416 938
6516 8639 896
5873 7672 788
3940 9719 53
5433 1548 624
6591 655 382
7290 2050 76
5762 1452 315
7391 5768 726
3166 5228 315
3211 8801 738
6321 8124 249
9011 8315 711
3532 356 627
1216 2879 838
7244 9886 793
6037 1726 2
79 7799 873
1283 7441 646
538 2629 285
841 9660 563
4003 7232 689
2147 8569 191
8930 6114 775
7533 4514 503
709 9957 617
3972 5884 364
5920 2634 843
9900 2025 396
2435 8465 505
887 3653 147
4376 1448 66
6467 2688 158
4979 4465 532
9594 3595 165
9179 7349 201
3012 8349 105
4690 6589 69
994 2110 573
6135 2614 250
3256 565 3
7343 121 349
2551 1192 268
5893 8390 745
394 1241 56
2630 1293 68
9601 1074 804
1837 4133 18
8016 452 667
8945 4208 454
2689 8981 619
3949 6865 489
6781 2563 186
28 7419 520
8082 2034 970
7130 1635 738
7236 37 115
6648 4797 580
7904 6356 533
8758 8620 314
703 6484 606
243 9433 137
3833 596 109
9955 6896 438
7984 8962 90
9542 7992 599
627 222 508
6583 5059 75
2726 24 123
8176 4220 546
2525 6947 688
7217 9972 566
7236 7179 884
4465 4594 789
1386 4734 451
715 5511 101
5694 7071 721
8905 2667 378
4682 6571 64
1713 3493 398
3205 785 207
3474 8299 974
91 229 218
1297 4537 263
6691 1584 55
4444 3427 986
2287 7839 578
1459 4067 989
9466 9197 7
6488 556 144
7343 3926 39
3083 9729 825
7178 9795 963
1191 8852 891
1856 9221 130
3117 927 80
2337 8552 908
5252 1421 699
516 1961 705
1760 8907 706
3144 4373 464
2112 6323 223
6467 6759 163
2279 2749 630
2570 466 449
4173 5373 723
8794 7834 29
7132 4406 901
3431 2054 73
685 6840 893
1493 2242 276
1247 2808 988
9849 3630 646
1403 3136 819
8072 3705 852
5934 1237 14
854 459 305
5114 7935 623
3124 7176 87
4740 2908 849
2678 7361 261
6174 5674 102
8023 8106 225
3831 5729 951
5943 7758 413
24 7065 614
1220 9775 275
2477 7803 313
6607 9257 486
838 375 302
9652 4981 917
3039 7411 415
6256 8300 150
9931 2714 834
6028 8194 169
4769 9019 643
1234 8002 404
7018 7076 880
6097 7269 484
4209 4156 944
13 8772 98
4665 6603 973
296 5710 448
7758 228 141
6630 6449 167
5220 4133 548
1762 5835 663
3931 8415 902
4667 332 385
8271 2360 527
1415 2148 922
2741 3732 629
5137 2619 43
9169 8176 887
5153 2937 243
9730 7779 253
3197 8046 210
9854 384 945
5116 1723 726
5755 6797 824
9377 5437 86
1476 5598 522
6204 2121 807
2538 6020 434
872 8885 54
7896 874 301
1343 1581 151
7239 1860 637
3941 6692 220
2769 3903 626
693 2646 568
2032 769 478
1433 2754 90
9302 9020 2
2748 8279 170
3208 4450 344
6499 499 652
1092 1828 128
5135 336 70
6227 7213 769
5884 8684 287
7443 4084 51
4913 9612 162
334 2661 314
5538 9618 754
4314 6741 105
5557 827 445
4996 9505 970
260 8505 387
8320 1090 14
6433 8209 22
6383 8797 830
5199 6939 205
7093 4651 414
6117 3518 7
8939 7110 210
6456 7848 56
5104 3626 407
7782 7536 519
2417 7665 939
1210 6158 224
5946 3476 43
3294 9174 767
1715 2717 272
9874 6937 586
9723 2660 388
200 471 460
4196 7482 614
1144 6989 675
4404 1876 169
4408 995 454
939 1241 668
144 5937 851
4525 7533 337
2761 7335 936
8104 9125 183
9617 4030 489
736 6865 238
6603 9783 152
7637 5921 791
6341 1625 56
4198 1270 740
4988 9896 352
9664 6931 682
129 173 730
1297 1284 906
6949 2140 886
873 4449 407
2055 1549 116
3482 4226 656
6567 9282 728
7672 6138 550
8457 5353 209
1980 3005 778
7926 9357 771
929 7095 238
6032 591 506
2817 9290 796
8166 4787 381
4730 1875 567
990 9221 205
9755 9518 918
181 9962 169
5516 8265 642
5439 2692 157
7014 7563 786
6569 606 330
201 3100 581
9079 2551 970
8476 7469 405
3435 2342 259
9453 1740 156
231 7300 105
3561 676 299
7523 8360 494
8 3174 797
1728 4266 247
6913 3300 798
1268 9322 315
9067 7036 674
7373 3757 273
559 1899 576
4155 3099 122
5010 295 229
907 8718 663
1056 2050 190
3620 6834 75
2833 3465 271
9564 8702 242
6607 7719 680
1852 7414 958
690 6263 954
7964 5989 674
8194 6185 263
2526 2221 838
5662 213 641
4882 5886 900
9701 6068 55
7639 2857 715
9258 7876 988
4362 7365 147
9558 4287 901
7276 4943 559
7732 4138 184
1378 7300 270
849 8869 194
4942 7162 111
3070 48 422
3523 443 498
5981 9152 834
7724 929 670
6971 8032 571
1698 2878 808
6695 8443 486
1161 3413 934
6616 927 337
9751 1716 466
1501 5289 977
3791 2542 376
1613 8313 484
4173 5357 801
1950 2721 289
628 3750 494
5364 9820 288
2730 7107 674
2753 4589 268
362 8357 821
873 5943 369
2240 2629 785
2979 915 126
8668 7807 648
1475 7284 411
180 7216 133
2453 3714 896
2663 1323 650
3555 8914 212
6047 800 294
3333 8608 115
7847 6310 220
5307 615 174
6083 2646 924
9756 9650 398
5507 6728 63
4592 7525 409
9439 7497 386
2313 557 732
7899 6630 747
6547 444 601
4917 3602 193
1932 828 546
1328 3016 873
8012 5056 205
6987 7587 504
6998 7810 360
1860 1179 949
4984 9499 984
1921 3417 492
2911 3634 869
5922 9018 751
6134 9542 747
2561 210 828
5607 1469 705
9280 88 739
1533 1235 763
4445 1872 968
7618 7259 965
1908 8050 334
1792 1566 559
1157 4383 771
5582 4157 613
6532 2259 723
6117 6788 733
7639 5844 661
8711 721 746
1587 3784 343
7426 2531 949
2891 5303 676
3437 4742 681
1607 1142 497
6265 3492 814
3374 1890 350
4645 818 177
7967 3161 270
2726 4038 441
4718 1530 912
1038 770 651
3236 766 635
2119 1100 987
1976 9550 577
7364 1809 410
1983 4915 691
219 3721 375
9854 2254 893
874 5835 518
4331 781 19
7678 7418 483
9340 9358 620
6420 3252 92
635 59 451
2804 52 458
1516 2043 835
3299 4052 193
5455 8986 343
2309 9951 74
8999 1565 237
4229 3414 542
7314 1993 326
4761 4226 167
9470 4159 897
1693 3472 190
919 9022 9
1876 800 600
9753 7883 135
1151 5300 22
8756 2408 472
8547 2531 720
9199 729 431
3422 9815 716
446 5559 289
2279 8199 377
6999 8393 306
8489 9953 412
1863 7897 978
2929 3657 68
2174 8096 84
3204 854 623
4533 2950 104
3872 9601 612
8553 8720 217
516 676 669
548 2350 272
744 3725 892
3212 2411 630
2253 7262 685
5998 8611 989
2563 5871 78
1403 4057 875
7983 6663 626
744 4082 866
9677 9017 486
3409 9336 344
8766 722 441
6929 1557 458
9658 6408 182
8494 8373 141
3874 2201 409
9286 5790 421
3755 4734 715
7382 1672 549
6335 5739 130
8873 7821 158
81 451 297
8134 3860 516
6182 4027 497
2194 9875 218
7857 8686 395
1001 8943 352
9852 7638 562
8597 1642 731
5945 9328 557
8972 31 886
6937 6404 424
1126 2757 877
786 8865 294
4062 5991 918
1044 9794 178
6474 5236 391
2968 8094 688
364 6897 497
2557 6222 942
4319 3915 789
742 1938 546
2363 7980 856
4715 9204 107
429 9252 908
7765 4899 81
6 9479 191
8295 9033 74
2926 9474 32
422 4544 618
1337 4415 996
4793 6997 492
2524 6264 450
318 2522 955
5262 3654 442
1250 3413 698
2922 5594 453
4082 2304 835
4632 645 195
2602 7729 369
6628 2818 523
4371 1454 23
4526 9924 844
236 6891 333
7930 1941 778
9132 1447 311
3161 3463 466
6639 6392 480
2122 2184 396
7018 706 145
7361 1915 949
6982 1267 379
8254 2653 422
3084 3251 204
3572 4642 586
4122 367 884
837 1827 8
8987 1403 488
664 7275 735
5270 3964 393
1893 4157 718
6108 17 532
8258 7494 114
2179 9086 660
5104 3282 958
7956 7922 928
6998 967 243
3718 8777 223
7301 2629 762
7243 6006 85
2018 3689 419
9912 2481 171
2890 7190 456
9797 9684 82
2342 4981 307
8644 945 172
4296 8937 527
237 7145 808
3030 147 657
534 7769 264
648 1989 972
2851 8340 592
8146 6433 704
7810 7788 927
3308 1520 293
7319 1845 532
4932 4050 998
5475 4394 29
5567 5449 829
3526 9894 588
6652 2696 684
406 4747 382
6177 8903 633
4933 3369 546
456 5781 256
6406 6237 513
13 1553 825
4301 3476 856
695 2783 310
8361 6975 385
6364 4157 962
5702 7146 592
1695 1507 609
1995 6445 48
6879 9149 858
4743 2731 101
1052 3884 883
2378 8030 197
9640 71 877
2348 3021 329
5772 1539 348
2594 8908 920
1146 6404 744
6009 7244 702
7208 7097 1
9739 2435 524
6322 2875 739
7855 1840 49
1156 7267 564
4559 5742 748
7893 8271 491
4525 6589 932
1818 1095 877
8528 4253 697
1850 2839 664
9273 4816 195
9827 4324 623
9290 8650 491
346 9133 851
3599 1015 514
5208 9878 660
868 1677 206
4455 6186 836
7146 5538 717
2855 6635 196
206 8446 176
9483 5071 714
9136 9848 816
793 8031 876
8102 9963 1000
1154 39 852
7507 8604 937
8611 9471 779
1051 762 865
2409 860 151
3910 3138 515
5002 6045 938
2214 1440 208
1912 9143 527
124 8747 724
7611 1071 372
9990 2065 115
9085 2124 771
8696 9320 209
4283 5454 83
5371 6011 402
5530 3462 203
5297 429 768
1692 5579 420
7174 798 754
7825 1599 653
1972 1221 671
897 8516 5
6143 7213 48
1998 4787 672
7519 7927 804
4275 9017 622
5959 507 451
1285 549 823
7546 6374 797
3204 5384 749
1695 911 350
4877 3602 210
473 4814 73
3891 1488 198
5896 8553 308
7389 2774 521
4144 3357 134
6256 9204 73
1134 4457 197
8005 2811 466
7815 7776 276
2018 4109 53
8751 8061 384
9040 8057 332
8463 927 98
9206 8710 230
6960 363 738
1607 2795 379
4659 1514 465
954 3875 938
4770 3119 790
6632 974 502
8483 2548 534
8554 1522 985
3841 4727 214
9961 4400 263
3788 7985 412
9850 6005 173
6270 1692 793
7031 2087 410
4716 3724 673
5893 2158 431
5486 5698 421
4627 1120 217
5334 5035 464
1845 4236 396
3794 707 712
1502 6009 302
8945 5782 263
1667 757 664
1608 2424 113
8611 4736 562
1174 8293 874
4448 2437 249
2355 1626 141
117 1870 886
5354 3097 952
9411 7591 941
7463 5543 47
6091 9535 55
2809 7997 469
2102 3714 775
9623 327 807
648 5732 22
8531 6766 72
1548 7206 936
4531 1553 343
7087 2299 368
1179 3543 550
1365 2359 682
8220 9801 682
1159 3708 514
7262 8321 215
5204 2825 10
3786 8733 263
1994 5784 336
8898 6811 287
5056 7308 15
5937 9919 332
1555 9182 63
5184 6069 208
665 5914 589
5199 5237 686
5512 8606 865
8707 4899 598
2861 1216 678
8985 4926 760
6070 274 337
3841 5295 419
7531 2618 538
3031 4903 851
4460 1369 599
1753 5039 412
8582 4242 77
2109 334 573
7913 790 958
462 1721 621
3678 441 121
3532 9077 557
8201 5817 19
5939 4899 441
2955 4711 989
4489 3067 86
7806 3117 599
6440 2670 716
1754 8417 734
4588 9543 866
2955 3618 304
7301 7381 861
8460 9401 237
6348 7622 682
4054 9052 956
7141 5954 334
2493 3674 728
5449 6838 587
6573 8172 623
4404 8050 815
3105 1316 908
8586 6099 571
8649 1965 406
7500 7529 746
6629 7029 499
1800 9681 308
9347 9890 116
3453 4728 144
2356 6473 298
2667 5323 113
3395 5822 940
1723 269 348
3016 1588 197
9845 6571 79
4207 7893 984
3645 9275 526
3876 7101 318
588 2297 998
2499 7233 177
3683 7051 843
9359 8222 315
635 8 792
2958 3480 359
2167 914 563
2114 6617 255
187 3983 297
7965 7132 787
6504 7717 844
1284 1293 587
2350 1829 360
4666 5555 586
1587 6201 37
7845 2714 749
6701 7552 229
2695 2088 700
83 8655 478
6810 6161 233
5588 5167 220
87 6754 445
9195 7775 494
1576 1601 439
2874 6214 241
6222 6948 419
8242 6884 253
6371 7565 285
1685 1193 773
8249 4293 1000
9823 2520 460
8504 977 133
7630 8732 736
3232 2193 417
7829 592 90
8873 2552 625
5584 8201 847
6298 9823 480
8912 2970 680
9497 2470 877
9911 3442 737
8113 4150 486
6833 9718 536
984 9819 597
5111 4393 957
4279 170 244
1831 6434 529
400 8330 88
11 4894 646
1048 7771 947
2750 9769 294
6912 8071 308
2656 5609 794
402 3680 930
8525 2894 977
1208 5456 811
1602 5431 30
753 1200 496
6747 8276 937
6518 782 198
9253 2457 679
5087 6385 306
3794 8482 812
3568 5196 977
9558 7882 573
9387 3349 374
4055 197 785
7122 2743 231
7843 705 409
585 7170 608
1208 4341 950
2601 7878 686
808 872 121
7322 7281 564
1864 2556 42
4272 8556 189
9388 9371 738
4908 2569 124
2199 1059 771
6442 7421 124
9724 772 526
708 2589 996
2998 6351 939
1745 4606 524
8791 9301 645
1786 3524 420
2010 187 318
9646 4048 272
3322 1367 577
2741 8664 165
9678 7 64
3273 4669 147
6428 4994 709
7256 2834 646
4206 2400 206
6451 7716 939
7613 3997 342
5581 9732 689
3249 8849 322
9665 8387 94
2267 296 797
8433 8407 193
6520 7211 90
5147 8403 580
6533 952 291
7039 149 190
4437 3984 827
9797 600 884
7284 1186 703
2128 602 419
9085 8245 154
6764 4953 370
2647 1034 61
5602 3799 814
9569 3352 756
7620 8637 72
686 2429 31
9048 6440 962
1242 3919 232
2098 9720 988
5338 3917 1000
4866 2039 465
1347 5411 898
6885 9220 267
9075 5789 183
606 6208 501
6892 9212 873
1353 6675 955
4170 61 129
5054 5126 352
940 4542 994
798 5636 406
7392 9335 435
4075 6486 954
7798 6227 38
2134 1476 229
807 1562 878
3946 1132 346
5872 8458 955
4941 1768 202
8424 2150 492
9292 4947 360
4368 6928 591
4509 2232 114
1189 8568 3
3820 3409 186
2009 109 154
2354 4062 842
4256 9064 847
2004 8177 644
6068 3586 109
1658 527 440
7787 1713 213
9504 1539 628
3474 3905 765
7409 2682 157
9506 9712 829
1527 834 86
2546 8012 565
3131 383 201
4438 7792 584
3510 9765 781
1758 4114 860
1858 8898 751
2044 8069 227
9519 7192 811
7323 198 178
1986 241 922
7413 9318 307
8881 9516 442
8289 4818 553
4130 2738 287
575 9695 385
1368 4652 683
952 1900 906
3477 6272 724
589 3927 360
5912 2642 86
8340 966 373
9730 5800 648
4627 95 629
4854 4554 754
2898 75 557
6544 6399 420
6405 7660 150
3191 9364 703
7956 5448 132
5333 1559 346
9248 3989 15
6956 4945 122
9049 7593 251
8992 6258 933
921 3184 73
813 7558 208
3281 4950 341
7380 837 176
7652 9098 877
4548 1909 189
2864 2092 341
5479 1410 187
4040 7877 256
4077 9341 702
2289 6911 117
2220 4143 514
6258 838 606
2796 8830 325
8301 3184 674
4285 427 343
1688 3006 396
3823 9170 308
2924 811 788
7804 9794 699
8911 2601 857
4037 2520 621
6395 3972 937
7323 9135 728
9759 5093 469
4926 3092 857
255 546 757
8186 3378 986
6278 964 517
5445 1300 295
6378 3675 579
8496 1891 486
7258 5428 294
2058 9940 751
7723 2209 696
637 7910 587
8707 142 801
564 2084 15
3212 7341 344
2974 4639 631
136 4094 430
6998 5560 5
7574 1899 673
3874 408 652
4441 6018 715
9632 2193 260
8599 4965 151
972 3760 965
2621 6598 935
1961 1578 532
295 612 304
601 246 203
5134 4942 115
2075 3558 4
9479 19 753
2452 6247 780
6482 9924 153
5103 584 915
7084 5781 232
9462 2229 229
3323 3636 984
5017 1028 567
9995 8906 180
1860 9513 974
4385 757 662
5430 6484 420
1942 2669 779
6403 7595 422
607 4042 55
1205 302 953
950 8305 219
5486 6992 944
6284 9097 557
6499 644 351
1257 3020 147
4188 6979 934
3307 2491 985
5707 9516 667
590 2820 810
4394 1670 356
7125 8069 57
1661 1506 556
2399 4648 424
6416 5147 223
8837 1670 395
4798 7514 704
8863 5425 28
2738 1583 767
3573 2962 442
6576 6155 283
1492 8282 750
1396 7687 618
4024 9053 238
5314 856 633
9158 93 367
1651 3230 587
1607 8602 153
7113 1521 270
7433 5344 278
3728 5630 210
5200 8757 567
1728 906 404
4152 8735 677
9152 173 820
364 4447 389
6670 7978 556
5091 1291 531
2530 329 214
7488 2634 790
935 3943 223
1274 323 339
6064 2503 829
7303 8454 99
8421 8737 534
283 4976 21
3977 3513 825
3710 6922 97
1351 7069 256
2281 1558 467
6877 9167 658
8097 7589 368
3593 7794 259
1165 2953 335
7721 3120 627
4004 4919 512
3750 2041 158
1378 6510 972
21 89 758
5524 2667 767
7451 8593 318
3100 8099 946
2092 4309 711
1855 1832 441
9629 2145 39
7449 4849 182
9691 7758 804
4161 4279 703
7453 5698 861
1002 3808 346
7005 723 348
834 9478 148
3002 8684 114
1444 2442 409
7077 9242 776
2557 8590 955
1895 2272 505
3475 9732 262
1820 2616 695
3729 9953 261
3118 502 164
5726 1178 989
3149 7663 37
9949 392 450
2868 2712 723
9505 6314 378
911 152 654
8104 4059 143
1054 2511 309
2423 1587 202
9778 1778 70
1104 2625 760
6484 7692 859
5255 9342 367
781 1418 844
5316 7001 421
4020 2330 962
3728 9789 111
711 3499 216
8451 5930 297
4025 5619 88
5560 2675 551
7219 6680 818
9174 2871 785
2909 7009 259
146 1075 373
6417 9511 900
652 2519 11
9740 326 862
5070 7596 684
4450 6289 986
1014 2371 568
8634 3389 204
1750 5044 731
7723 5912 264
7394 6688 2
2504 2867 441
3479 4357 32
7709 4200 332
4844 1648 642
1265 9185 526
156 8453 321
6083 1857 349
8913 6883 412
2875 5259 381
2081 5257 28
9517 8532 459
614 2050 660
9020 9838 85
9671 860 592
940 5788 688
681 2702 997
8490 8774 952
4436 1611 99
8751 4975 798
9255 8854 999
7735 6094 314
7453 2276 798
8188 2806 147
2190 5784 441
8236 5868 116
1110 560 118
2338 3850 242
2436 3673 640
8677 2444 353
8394 5310 277
9118 4624 707
8760 3303 360
5836 1131 71
8534 225 120
5291 8934 381
7495 750 928
6201 119 218
9627 1628 970
9215 1294 961
4050 889 795
6058 9718 421
4708 876 410
2291 5482 866
6462 9883 412
7598 1413 521
213 5062 200
4227 425 164
2828 2173 649
7112 5410 514
9013 9345 846
8678 6178 394
2570 1978 797
9570 4876 208
7230 7334 701
6079 4335 611
2299 5433 215
591 9 131
6738 8391 765
2996 5644 239
8547 1242 438
7333 8904 394
4720 1054 426
6510 9152 117
2438 1332 650
7593 2361 84
3688 3767 227
642 1819 288
5777 6782 563
6525 1739 760
7979 8095 77
4575 8465 891
5513 6059 237
8551 5940 705
3367 9006 896
4600 5894 234
8019 6826 646
7731 1094 885
8546 9090 960
6771 7851 131
2468 6190 895
3083 4992 960
9781 685 943
5586 4648 172
9834 8523 290
9348 658 300
1595 1697 617
7201 5642 629
2778 4482 20
9708 8614 659
2810 9707 425
7137 8575 144
1884 9279 99
2003 5148 775
6354 1053 963
5892 5025 24
7957 5071 721
9431 629 145
900 9215 841
1177 8576 167
5859 278 746
676 4994 800
2308 1768 945
2682 6386 131
6830 7010 90
875 5246 12
8467 5768 167
675 4415 731
2430 6025 435
6240 6826 530
1654 1033 880
9892 376 390
5544 4266 94
9290 3431 593
7403 983 375
6794 3001 92
5437 6050 768
8550 9113 758
3694 2205 459
8251 1216 81
2724 2988 871
8189 6763 341
2055 898 425
6976 2268 54
4199 9870 934
6167 6382 521
1638 8243 119
3911 9641 962
2140 7553 517
2702 6454 197
2306 8577 977
1353 8715 56
357 4129 316
407 6439 490
4574 3485 167
6408 8250 985
2667 8165 730
2173 3708 771
2286 594 502
716 1181 685
6054 5744 258
7728 5544 79
3081 5908 415
2799 6026 53
5296 5720 934
5550 8624 70
7183 8903 493
5591 2109 276
2987 2774 926
6432 441 183
7693 8162 659
5507 7415 463
1297 1439 274
24 3215 864
6303 1669 998
6234 137 529
923 2993 590
8312 5110 551
8246 2487 806
9567 578 852
7412 8849 934
2917 2341 608
3610 4405 788
1592 5 996
9407 9108 291
8014 8224 183
3922 8247 246
3745 3583 301
2213 4380 326
6823 1076 536
4513 6228 550
6428 5656 583
6164 2133 2
7338 857 588
9091 3961 469
4283 9159 8
565 8608 590
5839 2147 470
9065 885 714
2304 3868 75
846 4799 564
8330 5977 982
1554 8567 864
1444 5240 510
6024 1825 524
1670 8715 877
331 5035 671
133 4928 521
9473 8207 429
3008 4973 129
9337 6115 690
6981 7282 853
9028 2232 197
822 1705 866
8996 2562 721
3824 1239 347
1287 1113 558
1872 2565 270
8822 750 439
574 7626 774
8567 320 300
3359 6321 442
5012 3190 487
1017 2792 611
7552 6466 965
1829 3668 689
6973 6832 931
1024 4313 991
5791 1419 800
6597 7559 153
7633 4984 54
7693 9502 1000
2747 2277 658
5660 4354 995
8724 1046 867
5347 8636 808
7265 5948 941
3742 3222 538
9091 1790 805
4331 9335 910
6480 5729 914
8133 6907 184
9094 2845 113
2624 6611 975
5077 5244 16
247 2715 44
1752 2225 592
5945 2232 237
1800 1159 949
5367 2815 111
3235 2618 914
5126 7492 109
2118 1080 101
1710 4857 513
5520 8079 856
6430 8565 647
8689 2367 314
7434 482 679
573 323 905
4823 663 745
2709 7984 787
5655 7637 903
7647 4265 824
2326 2955 492
8252 4321 360
2077 9803 335
9211 1221 515
1626 649 483
5445 503 101
3786 377 737
1104 1572 127
4291 9848 808
5025 5358 684
2112 7447 682
5495 8862 171
8088 60 1000
2015 1399 897
5793 2755 333
9806 3114 515
121 9359 953
2120 9847 864
6265 6854 35
449 2402 822
753 7699 90
3325 8796 202
9804 4085 662
2411 8041 34
3344 2743 964
7263 5810 393
2001 5098 893
1996 5465 406
9831 328 95
4192 4263 799
543 6068 625
8507 2336 240
7204 9195 151
9529 1322 158
2854 2157 616
8511 6109 33
9808 1737 208
2124 1995 372
9040 5803 874
3368 1799 894
1446 3978 950
7403 2014 21
1145 8730 794
4771 8974 873
5622 2068 257
825 2945 366
3452 120 350
4030 1029 968
7258 8950 176
9247 5663 183
1807 929 409
6473 5583 300
3160 1873 277
3778 8805 97
4193 7852 616
2238 762 996
6713 3351 529
180 3429 649
1154 2453 867
4371 4681 971
8088 6230 177
3175 1560 644
1251 6829 574
4254 8885 48
366 6982 273
3498 7097 484
1039 1312 657
8679 4117 164
7309 2530 966
621 2894 378
3673 7109 307
9221 3197 34
8731 5797 769
5127 8506 844
5816 2955 957
4178 3220 978
7057 3413 690
3627 6400 209
6144 3394 990
1632 6778 263
4227 9428 818
2791 2218 659
5313 1353 570
1105 7337 163
5938 2116 846
2365 7946 308
1125 9222 295
3426 10 783
1920 9435 240
789 1439 708
3829 7547 946
9080 7324 583
1219 2536 671
2659 1612 387
860 2039 359
3566 6911 357
3053 8869 849
1829 5045 410
224 5531 543
29 4423 565
3897 2766 287
929 4411 303
3245 47 446
4941 9806 234
2282 4864 393
3389 7224 481
6180 691 349
7532 8570 160
6577 5046 483
5374 7022 1
948 2075 573
8301 16 777
4941 4705 415
2645 1005 146
8951 37 820
5171 4232 211
5031 6870 444
9111 7331 378
6543 477 900
1806 99 266
1389 3836 455
4429 3945 137
2273 979 137
1301 5210 139
1502 2518 801
4012 7658 578
8754 8571 474
5300 9960 577
775 126 32
1573 9222 649
81 374 868
1128 9289 412
1693 9588 777
4799 2023 283
1316 656 587
5914 3444 783
2508 8997 110
2132 3987 132
1143 7034 649
1369 6150 376
9022 5327 900
8314 6034 109
2945 9336 539
523 8177 22
3743 6949 735
9620 338 213
9896 4494 273
517 8068 158
4272 1982 105
8568 1273 643
7784 343 54
617 5884 918
6281 419 160
114 7401 304
9280 646 256
10000 8778 822
3572 4088 870
8665 1674 330
1869 6977 769
185 2118 20
550 2587 903
64 500 319
3593 7002 191
7105 8980 24
3473 3083 590
2352 7180 319
7302 3120 912
467 2005 104
4088 2571 904
517 8656 709
151 8215 274
6017 1249 964
1585 7256 748
3062 6165 855
303 5875 913
3268 4771 805
2017 4888 706
3737 9184 301
8638 2299 472
7249 9269 2
9844 707 99
887 8355 158
4648 6764 733
509 5532 811
6491 5766 33
1612 6154 826
952 8347 320
9635 6470 961
7178 2566 728
6418 9909 779
676 2560 748
9123 8018 526
9826 9106 468
8319 408 949
8753 2175 576
8574 5152 242
8827 2445 652
9308 65 361
5850 9145 959
8799 9467 150
2134 986 150
5847 1753 460
3197 3298 838
8364 4387 780
1041 8473 684
3067 4414 654
9190 8836 606
3374 3855 998
4347 5506 183
9775 8863 488
6207 3861 466
4798 722 887
283 943 779
4589 5897 77
3863 6901 34
1233 524 312
651 8559 986
3604 4129 885
3937 7643 848
5685 2580 636
1658 3448 997
4368 4578 86
4272 1536 729
2124 3908 534
8625 797 199
1033 5593 172
9634 8252 56
2712 9157 817
773 1505 739
1450 5134 154
3002 1344 383
5752 2044 472
8798 2362 457
5715 1685 42
6353 1412 767
5251 7476 360
7591 1258 604
7377 981 178
9934 1811 650
2323 29 611
5126 6811 183
652 8584 496
2484 5188 806
2548 5012 710
7549 761 576
8257 7187 503
9085 7130 940
2717 116 925
1666 196 21
5522 5912 378
965 3229 632
189 9405 606
7003 8566 918
7979 6634 665
1450 2107 922
2138 5508 316
4637 5330 962
422 2287 562
6385 2122 702
9415 9275 254
9142 9807 173
162 44 3
7260 7088 193
6341 7569 991
2201 9684 593
1392 908 285
3466 7285 685
5612 2123 223
8250 836 484
2335 7571 587
4254 4839 198
3465 1204 713
9177 7835 186
9576 7138 755
5125 7887 548
6442 3347 47
4883 105 700
3308 2554 636
5361 7506 483
5064 5180 452
103 1407 905
3245 5670 305
9771 2634 897
677 5097 384
8325 5465 970
10 1299 958
5159 4454 655
3991 2921 513
2590 3099 547
2384 1843 337
6937 9040 19
676 5177 736
1655 7695 48
9662 9490 930
1289 4654 284
222 8881 922
1966 3118 486
7831 839 662
4466 8476 719
1104 1330 569
3458 1533 380
2653 7390 369
1872 2712 985
8634 5838 979
61 8634 832
7900 1205 499
2329 3630 717
6218 2167 457
1716 3559 669
3990 5525 628
204 69 655
7484 1596 290
4642 2871 29
6334 8227 75
6938 6218 906
8468 8576 161
3089 3559 715
4358 6999 195
8050 2444 142
2682 8492 61
3178 1055 444
9261 9036 352
2529 2631 85
8437 4536 432
3919 6761 542
6995 8600 521
7448 9845 136
1691 4902 82
6453 2161 528
271 1405 518
2591 8146 501
9944 8863 351
7703 2318 891
5876 2385 500
8362 1135 403
3229 1233 375
1144 288 689
8960 2586 438
5610 4155 72
7099 2072 948
7065 5883 549
2918 1133 191
3591 8844 729
6592 3019 906
6092 4596 714
1868 2456 502
2363 1636 659
3138 1850 578
1110 6905 559
4983 6429 634
2466 9154 417
2315 646 263
1371 7174 67
5381 2690 102
4944 3815 110
3972 6416 725
1126 4933 373
9276 2311 615
9491 9371 653
9684 5094 119
2759 4565 502
9330 1494 139
3322 9519 631
5834 8811 433
1666 7872 394
2380 3233 212
4533 7796 196
2826 9702 237
8997 4902 788
8075 5432 158
2558 5099 645
5333 589 514
7832 3710 713
7236 5913 830
1351 8767 168
6413 7490 665
5067 7613 512
7840 6188 580
8182 449 124
8055 2158 26
93 6968 383
5908 3790 18
2142 6883 935
7169 1116 720
8104 4920 528
4289 2286 261
2047 6343 414
4039 1273 912
6356 7547 342
4750 1526 75
6400 9161 324
545 5002 280
2251 9107 890
373 6811 919
6523 8650 982
9040 3262 430
7306 9209 345
8140 2120 834
8121 2366 229
409 6869 502
3385 2834 786
1478 1783 114
5774 3865 204
3728 9407 824
7740 3846 852
7993 2369 767
1783 9526 253
8377 2521 930
922 5676 598
4225 1303 867
915 8744 774
7611 6437 578
2860 2618 683
2293 6481 651
511 4373 201
1702 4953 399
3050 7084 333
441 2422 604
9478 2336 211
9192 331 41
5042 116 256
1732 349 559
5784 9894 988
794 7946 646
6730 5585 866
754 947 656
9833 9963 624
8081 1231 175
5543 7523 744
3661 7197 876
8253 966 717
6370 1669 170
9422 3774 803
5688 3263 938
6706 8987 486
581 2678 537
6698 7740 965
765 45 555
2878 7256 150
5789 8 963
8974 1864 846
216 4802 405
9321 3746 352
4455 247 290
7357 1833 499
1059 6174 860
3469 2352 678
3937 2212 101
152 9180 681
8580 4517 851
8957 1209 527
8238 7901 375
503 7254 541
8596 5460 978
483 5930 374
6056 558 360
5034 2057 535
8737 9846 328
8670 7947 904
2500 3128 411
1346 8644 903
6119 888 179
6523 627 533
205 9120 304
4347 7360 119
2602 4921 670
4578 9065 498
5210 1482 987
1436 5944 59
2263 6150 3
6787 1773 149
2129 4087 92
8817 281 822
8684 4340 105
1010 7206 803
2257 4380 665
1111 1068 647
5798 3278 463
5536 766 110
3146 7332 458
6554 3280 467
1594 3408 594
9979 3514 817
6544 6296 395
5643 6522 859
9318 8436 500
4729 8079 560
2129 2781 935
7509 5905 624
4569 7341 782
7296 9922 435
2867 1823 867
338 3046 678
7216 7122 608
8681 5902 364
4354 9244 105
744 9794 246
8867 5852 990
4693 5532 448
3496 1059 262
1033 7491 528
3728 467 405
2591 414 890
5518 7741 247
3242 7752 23
4487 9925 750
4132 4781 341
1250 1020 887
2307 346 22
4629 6936 835
928 468 897
2169 1458 933
3672 2478 748
7125 6289 601
890 7101 114
2200 9220 724
4023 7353 723
3476 3428 853
2449 9130 517
6686 2337 946
466 4467 631
483 6847 274
520 6039 499
8005 7117 22
7727 1376 772
4259 258 513
7408 559 554
3129 5378 68
1629 8298 784
348 5809 450
132 956 353
4039 6344 131
761 7747 234
7536 444 387
9066 1427 900
5946 1731 649
2081 427 105
4462 3917 534
7384 3887 384
1618 2046 430
1480 5405 602
1273 564 376
9092 9836 328
9559 2886 590
4427 2591 508
9258 5471 744
2272 5416 345
9853 7305 43
8786 6585 189
3475 7789 789
7269 8326 330
7576 8560 570
6186 4406 906
9623 9668 468
8158 7587 183
3298 202 501
9377 3385 362
150 1696 808
7848 6509 31
8250 2474 58
1523 1122 868
9357 9663 778
2824 6896 892
4768 6435 578
9941 9490 657
6125 6106 59
9148 5043 291
6350 7361 661
8367 2715 652
3595 3797 360
2774 8611 388
8410 6267 371
1518 8316 601
7817 778 206
2565 8158 506
7434 4920 790
4938 4299 195
5764 5619 71
9094 4739 246
5175 879 943
964 2932 625
1789 7606 780
4203 6889 673
7285 3027 47
1220 642 34
9884 4997 131
4410 7613 544
2386 4733 448
737 4539 8
5090 8805 659
6536 5952 148
8845 2188 234
3682 7537 723
7421 7406 342
6935 4353 322
9097 7354 338
5780 5671 287
7538 7908 559
2701 7943 831
8771 7551 936
2171 48 944
7158 4933 932
2853 2033 543
6624 9419 617
5966 1327 83
8110 5699 310
1883 9474 192
9163 8640 797
8365 8234 880
1929 6515 38
5796 4183 522
4862 7198 697
6710 817 407
6490 471 394
7964 9723 105
5711 3394 984
6392 6350 223
2842 1608 745
5715 302 141
7165 1296 918
7910 9405 46
414 5992 28
9706 2001 304
5915 3327 125
2864 5071 805
2517 8614 150
8249 3318 561
1468 358 524
606 1113 459
2645 7810 582
4820 8790 641
8192 7461 501
3998 6115 956
1335 5043 898
6255 3906 243
7822 6934 446
5183 9630 658
2672 4950 86
1742 1503 496
8915 6741 402
1069 6053 100
3953 3065 742
1202 8460 379
1098 445 97
4527 8231 294
1250 8248 920
2960 949 74
4620 628 54
2959 8500 681
2058 3400 893
7363 9901 734
6091 7401 719
1049 7191 587
7523 5329 594
516 6984 555
634 6940 91
8103 5044 962
7372 752 155
7560 456 571
111 2558 303
9100 5282 284
9615 6509 543
3690 9929 191
5932 8331 442
4158 8394 289
1524 4201 82
9386 8510 688
1818 8404 122
185 1985 13
6550 9659 567
998 3949 420
9336 9696 766
913 8738 88
21 8061 149
9143 2345 764
2627 1733 382
8039 8880 519
2571 3234 436
7758 9439 844
5958 9011 760
6448 2315 240
308 2154 336
2416 6259 891
340 4721 573
6497 7281 593
648 1465 133
6287 5212 78
6051 156 555
6094 9800 41
5627 9171 875
4506 4190 279
4284 3532 988
6596 585 955
519 8971 188
8263 2919 844
1793 4712 679
3397 2623 543
5112 3134 180
4735 5724 740
6686 348 894
7108 2864 843
3160 4155 969
970 2965 548
2179 8521 344
33 2763 234
301 3877 172
3996 8982 354
9217 6334 705
5991 8339 698
4256 4764 47
7856 2208 104
3540 597 207
1123 2347 659
4047 2008 704
4483 4824 381
416 7392 717
182 3699 798
6854 6710 908
9571 214 400
8159 644 78
3342 9939 980
2905 1575 312
3736 4081 886
8730 2550 874
8017 1302 672
1958 6135 980
6115 4073 309
9142 1701 733
9499 3864 942
5929 2154 761
2566 1029 73
2593 1752 690
1673 5843 693
5983 7037 837
7140 1151 582
6605 7544 729
6534 86 322
336 779 596
6217 1581 567
8892 1984 505
2245 6824 455
1239 8142 882
8444 1025 358
1358 3523 330
2752 332 931
1716 2217 806
6020 5571 475
5079 942 306
3152 5109 19
6036 3187 441
8776 3662 169
9285 2159 979
5085 7085 713
4047 5253 800
1514 9753 559
1984 5813 706
3400 3585 715
8899 7670 943
7286 615 188
7059 7706 724
3446 4367 174
1488 6694 335
1991 5505 94
4123 7454 421
255 4674 115
4099 8410 969
1914 5858 884
6413 4405 809
4487 4765 138
1495 4151 75
2342 6180 90
701 3346 367
5788 1959 958
8521 177 91
1643 9641 764
5276 3701 898
3072 2870 440
970 7157 554
26 2381 414
1346 6130 242
8808 7584 616
9227 6213 43
309 283 922
1932 3460 483
2534 9422 569
341 8148 853
6344 6429 970
1912 8145 980
675 3762 211
1911 7522 357
439 1752 664
3728 1679 67
3264 1242 318
6820 73 287
4361 4759 644
3492 295 679
6047 517 509
6651 4344 191
4629 5351 398
5578 7287 607
5004 6343 88
521 8959 747
8379 4419 579
4714 6478 626
7953 1544 454
6701 9180 84
3733 9953 68
1334 5891 510
858 6514 730
5914 3557 573
4511 9197 476
23 9574 109
8437 1834 725
9219 2614 818
9203 2949 10
1550 4922 109
5630 7854 572
9522 3324 157
2810 9397 760
793 2370 103
7353 5569 529
6089 2834 294
5007 5908 578
7508 5883 547
177 1555 919
7869 7964 642
5414 5535 370
2867 42 810
5663 3637 818
3920 2417 349
4316 2645 954
9950 456 908
5166 2620 46
8911 3597 547
7487 771 195
4797 2666 67
7966 9715 736
3676 6663 827
3458 1377 437
7444 9860 135
5318 7142 809
9868 8800 821
6329 7260 143
2944 3120 940
8448 5980 329
9939 717 359
2955 6517 977
7154 9162 746
8591 2614 673
4078 6198 738
1575 2315 72
8539 5472 468
8835 4614 118
7666 7791 314
6279 2421 353
1402 3128 779
6911 8929 450
5333 8389 366
356 4642 888
8210 5089 603
5305 7240 532
714 6172 549
4169 1669 202
16 5950 399
788 7955 42
1840 505 122
5068 2539 65
5836 9055 921
7402 6320 676
8477 8411 778
8185 7008 320
8926 1457 501
9933 3355 612
2599 7086 204
5649 8945 399
195 8313 287
7599 2783 957
5380 4819 816
8755 2291 648
704 412 577
4368 6652 986
179 7305 563
8312 6132 322
2246 5826 914
2871 6681 736
5706 9775 305
9236 912 69
279 2300 444
7700 8012 308
817 30 533
8780 4488 318
6504 9058 301
9061 6407 681
7440 3426 454
7074 3870 981
6440 9122 833
9190 2198 804
2005 8313 762
9832 9860 589
5441 3557 405
2958 311 154
201 1711 952
3283 1926 123
1276 2610 775
9686 314 5
3091 3272 264
415 6693 498
2890 2553 613
2540 5177 913
7901 3486 62
9651 6326 38
1567 7912 923
1881 9481 85
438 9533 240
7541 171 894
1106 4273 266
639 2194 687
9336 444 876
8561 1920 622
4724 2832 357
5511 1708 288
684 3919 389
2517 312 981
5758 9735 590
7833 3627 146
5642 730 215
2848 4377 948
7294 8635 25
3660 8988 222
7478 2471 394
9340 5702 136
3314 2707 415
6448 817 898
775 2587 84
2745 4892 537
9094 7487 886
2762 4201 10
5082 1797 419
4650 5776 130
8699 1239 831
6735 2436 581
4391 1256 65
9461 2823 515
985 4214 632
4323 1638 707
4994 6426 248
1558 6582 141
7031 1349 27
1827 681 589
517 190 193
5861 7963 797
1657 1932 95
2049 3945 413
7740 670 288
9481 187 4
7770 9062 142
8719 8794 815
8625 6140 778
5467 7534 878
6986 931 928
7295 2989 646
3850 3546 818
3392 1400 113
4649 9971 366
4810 1604 179
7728 264 472
257 6650 207
4388 1872 361
7151 2226 348
449 525 491
156 9833 791
784 3933 372
9838 9542 657
5641 1401 746
623 733 263
373 7949 687
3621 9145 284
4893 8345 13
8739 7581 454
8494 6214 454
7850 151 600
2344 2604 913
9671 2473 33
5406 2887 370
7752 5211 866
1241 4325 525
894 7784 948
9829 4215 614
5631 910 423
829 913 878
1371 4132 203
8404 4064 253
8086 9889 54
5929 9995 546
635 5587 592
2893 1275 51
100 1081 279
5884 3773 435
6435 4391 295
9342 6557 329
1279 7083 666
3059 1369 250
2043 9801 407
3328 7121 581
5555 3353 380
9740 4231 351
2506 993 891
7483 8294 137
7671 4588 871
7631 6306 830
2468 3753 194
9453 3260 483
4172 4946 194
5210 3854 21
2688 9171 819
3244 5067 493
7335 8714 992
2428 5739 803
1294 1304 412
3015 996 574
367 7454 948
9525 3344 971
8392 4180 171
772 1099 385
6602 6400 652
9437 2625 426
3031 5262 454
821 6708 317
3956 2297 860
3970 2578 85
4361 7292 688
781 8413 749
610 8030 542
1526 6896 31
4272 2215 948
1539 8684 785
1013 5364 304
7607 492 618
9710 5450 590
1316 2202 93
8642 1574 294
5457 6443 403
7744 5746 687
429 3806 265
4145 6820 153
9570 7772 451
7304 9921 65
1545 2846 841
1475 4222 831
8989 3657 164
5759 8387 196
9433 435 573
7081 9474 748
2050 4929 841
4057 9669 687
3490 5644 236
6610 7491 41
7611 7364 250
7546 4722 545
1163 518 621
1444 1242 595
5242 3183 486
5737 8208 786
4631 393 414
1038 5346 478
8146 4794 650
275 9212 349
7184 4502 761
157 7246 987
2996 5200 73
2691 7938 209
1670 8238 804
7437 1966 231
7067 4478 309
4576 7039 303
199 7798 400
3474 467 805
7017 5231 469
2839 8570 37
6863 3913 853
9590 2527 887
5059 4710 359
7145 2896 372
4977 2190 380
7812 961 424
1339 1436 760
2824 6272 238
598 155 549
3382 1920 284
4606 5260 914
2765 2167 452
3206 9417 474
4444 246 700
1326 8061 798
7500 1980 950
2534 7689 948
5501 7566 908
8896 2335 259
636 2991 51
7521 9078 501
354 2545 374
792 4873 502
9905 1502 178
4058 4445 814
928 5886 59
4836 4018 298
9052 6713 378
5793 3178 241
8518 4153 792
6439 3070 361
8309 951 351
4852 4804 570
5367 9910 287
9527 5114 12
4390 5367 981
8265 8379 442
4185 7781 424
3161 138 24
1611 1644 737
3545 2096 205
926 2240 607
6556 2482 258
9512 4788 260
2798 4276 533
5490 7347 470
1139 8419 437
5210 2664 819
8000 4341 574
5670 1484 958
4504 216 186
5410 1353 461
8061 9382 444
5788 9444 649
413 2001 247
8431 2872 283
8632 3246 34
7491 13 386
8660 6559 531
7804 6679 982
805 9283 52
2453 4621 297
5091 6865 905
6889 9343 741
4114 7063 167
8462 9209 89
2192 6205 387
2508 3634 102
7 8051 728
1247 3205 971
8884 1506 490
3194 9890 374
8417 7778 147
1987 3724 392
8813 317 227
226 6449 795
8507 5665 206
6704 9691 747
7508 9738 76
6891 5227 993
6415 7701 349
1954 5987 148
2145 5948 399
735 2161 259
876 3772 782
8532 9071 843
9643 576 142
583 6296 732
4649 2072 672
2543 9283 676
9349 414 272
8007 1682 461
7081 9609 848
9111 4950 815
293 9232 900
5916 9707 65
5119 5545 581
7268 1522 347
4839 7208 156
4293 8358 479
869 7181 118
5326 681 371
9939 7517 268
1119 1561 535
5943 1290 616
3580 8202 25
3178 5173 707
2357 8311 616
9925 5542 348
8093 1829 681
5015 696 409
263 4926 353
6106 2896 392
728 7147 232
979 4932 42
1593 4416 93
1831 5841 853
5776 1658 766
6329 6092 42
4527 4165 779
9843 1668 537
6395 2424 857
9693 1782 730
2919 2065 591
4727 2883 326
4677 1166 155
4967 452 474
7958 2754 834
1285 8420 116
1680 1735 974
8468 2466 631
3079 5806 433
8073 5907 475
1710 5529 702
3358 4417 959
2017 1962 956
7028 32 987
5921 8532 975
667 275 459
9431 1598 556
3205 1100 263
2018 2953 737
2148 7015 157
4437 2392 201
7272 1135 960
8176 364 352
1080 4919 363
5209 1646 884
3972 7805 278
7067 4845 536
3920 7247 363
9200 6392 874
2752 6090 573
4704 3652 784
8932 287 983
6338 5469 954
406 1994 166
455 1164 901
2094 3380 475
4207 109 609
9595 9934 443
3098 226 346
526 5908 68
8283 7840 714
2637 6827 343
2504 7709 357
9006 4424 724
519 77 955
4446 1948 701
3499 5824 949
8743 7806 884
2753 1437 413
9985 3690 473
1494 2431 155
1924 4847 601
990 1314 428
7523 1402 68
914 9294 350
4501 1549 786
7655 5746 519
7980 7112 596
9834 6448 818
1464 7008 473
2161 3800 513
390 2706 715
789 975 10
2755 4066 521
2609 3438 336
6269 1223 727
2867 7480 485
3029 1305 543
1087 3684 605
2745 9344 994
1659 3929 766
445 9349 292
9864 3620 349
8296 6702 19
7699 1822 576
9579 1258 977
2650 1337 510
8383 3830 30
2305 7752 578
9623 1230 556
5243 7485 957
8466 6058 711
3585 1503 254
5727 150 507
2891 7987 575
6338 1529 637
7063 8617 224
8053 5582 376
5546 1445 390
4487 9833 557
6631 6156 124
8072 2616 604
7900 9198 846
1647 6659 572
7778 6193 479
4369 214 470
2155 2043 792
1030 80 121
691 2826 114
9186 9018 574
6413 3534 158
839 1986 875
3466 8038 700
4107 9725 605
8328 675 327
8114 6452 247
4104 8178 71
604 1837 696
6898 8695 180
6430 7477 613
1531 1938 421
3666 7436 925
2061 2229 996
2337 6178 700
1548 1585 132
7772 4854 901
2801 8996 4
8909 1588 650
3478 6806 438
6686 131 603
3276 9070 858
686 7274 129
9593 8295 205
2920 1741 708
599 7378 147
4514 1943 279
6463 6594 367
5127 2643 136
410 2956 347
6120 2237 909
3358 7322 542
4813 5583 24
4930 1700 957
7549 6507 715
1663 1536 306
1069 9092 648
7489 9364 914
643 2229 450
7485 658 706
5978 5659 343
3143 478 182
8050 771 386
1874 872 199
1521 2895 614
4446 9294 304
9076 6188 70
5453 3197 499
5108 4087 133
5851 7372 498
3996 6034 924
4056 7819 850
104 659 580
4083 3478 554
9255 2129 497
8744 7370 431
9089 6330 993
4139 1275 272
5463 7556 109
7445 6027 706
1133 386 694
4421 682 760
2299 5528 331
4349 7424 367
2527 3264 605
6615 9437 576
7795 2101 749
7059 6126 441
5646 1859 238
7244 113 109
8227 1576 805
2124 8855 48
6893 9884 640
3728 2535 547
2885 6598 887
1069 6993 328
1979 1967 350
4184 9600 395
4421 2382 973
3262 2571 540
382 2783 277
5792 7060 658
3303 1565 107
3123 2177 11
4460 3286 60
1752 3428 78
9436 6791 293
1997 2526 944
4187 2596 995
6560 6882 731
69 1347 862
59 3826 527
2170 3130 959
3475 861 831
5815 247 378
3334 5300 198
9472 1366 517
7297 4450 945
65 5734 806
5804 5610 121
8595 321 829
5265 1711 881
4234 6199 935
1261 8695 50
140 5942 634
2391 9930 731
5214 2231 249
4516 9301 920
5817 1365 807
1905 6898 285
666 3520 938
5287 2275 55
6307 9080 196
8839 2292 971
8710 955 678
9281 5889 400
2354 3717 969
611 7745 71
5955 3348 132
4079 4777 433
1421 4421 970
62 2798 390
5782 8940 473
4073 3120 487
7 147 925
1245 8125 792
6708 852 723
9571 4990 722
3927 9624 56
5275 3658 344
8559 8759 17
8949 6507 522
9895 9126 55
2536 3016 701
7520 3032 913
4950 1819 440
8111 6771 860
2562 1406 775
3957 7181 907
7423 5052 479
8563 5688 528
482 3309 492
5597 5292 549
9727 2285 388
1194 2617 314
5369 5443 45
5665 7525 718
2634 1521 194
1137 8311 109
2764 8085 836
102 5279 311
3142 5317 898
9600 8260 503
6541 7912 696
2993 9270 942
1832 830 242
2859 3062 455
8107 3777 148
6042 5957 22
4668 7943 173
4237 4815 703
1308 3198 708
6581 9232 412
115 9129 283
5968 5275 651
7817 8484 545
6269 404 27
1137 1740 258
3263 1274 880
7370 4923 70
5442 9810 195
967 5294 972
3888 1888 233
1635 1016 506
8020 2009 301
9902 8290 658
3420 1771 774
8222 874 376
8097 3442 906
3716 9899 729
1842 7476 687
4698 6167 485
1420 8530 109
6923 2744 419
7596 1001 896
356 4791 290
3966 1819 870
8879 6595 304
927 4153 589
1588 3649 674
3138 2179 377
8119 7477 861
7113 2449 568
2011 8421 557
4843 2360 319
592 4812 206
5222 3654 528
1483 2635 893
4153 9107 548
4582 6609 552
884 9860 277
4102 7658 664
637 716 209
5059 9331 529
217 9269 514
7627 7803 551
3305 8750 139
5948 9544 834
9729 6421 514
1630 4928 277
6268 3116 219
8409 101 37
1948 581 550
2374 2079 99
476 3203 255
8277 300 851
9879 6573 246
7260 5220 858
1141 2145 153
6726 2150 649
859 8055 239
1458 4710 811
3874 9221 343
1775 9858 876
3796 6776 180
2001 8360 299
1466 57 364
1475 8684 785
6978 7042 240
1687 5588 658
8636 8556 429
9003 9217 753
7397 1672 427
2512 6003 957
686 7652 182
1116 4723 204
2421 5024 371
1268 8752 889
2307 6452 758
4194 8248 124
6928 7951 261
6752 7630 715
3387 9801 1000
4721 7769 541
3688 8273 724
3368 8742 261
6096 6331 460
5180 328 596
6524 2103 442
7165 198 979
1598 3585 822
3926 6417 948
2982 1749 493
6331 1224 805
6851 2021 990
8137 452 848
9429 8012 396
7286 6799 695
1976 4153 840
4293 1362 677
844 7796 746
4357 295 327
2671 3401 605
9402 2534 534
987 126 194
8206 5565 702
3069 7842 178
6520 1126 982
7357 4232 676
1444 2845 218
6906 5747 767
551 8475 888
194 945 231
7214 8219 10
4535 4531 658
6002 4030 899
205 1856 336
264 9140 523
3663 4642 117
729 884 900
4897 8991 395
7983 4406 114
1522 8323 206
4998 3179 499
2376 7341 311
9832 5822 642
7230 5209 767
3758 2037 258
917 3411 863
802 1201 856
1007 417 806
380 4484 234
1803 3398 414
1501 8077 52
8536 2448 461
4202 4167 415
3741 1838 770
4794 8401 538
979 4590 324
2930 2613 310
24 8790 13
2052 826 273
2774 2498 525
515 4472 190
9230 7028 200
798 7920 371
4966 7184 969
3270 6571 157
2164 3290 458
1726 4625 942
6817 1791 602
3139 1895 788
735 4606 736
714 44 313
39 783 769
5966 1707 596
570 7590 61
4433 5664 506
8425 2042 641
1383 331 593
9067 663 948
7948 3783 86
6133 1769 683
4274 6251 735
2360 6447 716
1207 7550 26
4001 1434 828
1412 6364 692
5044 4929 299
42 5782 457
9478 4512 580
735 886 30
8479 8481 302
1372 112 991
6607 5659 609
239 5126 942
2109 1023 433
4985 1636 821
9042 2648 236
7348 5802 60
8373 5816 266
9730 3843 308
7454 2828 738
2978 5163 595
2605 587 195
9893 7455 279
918 9772 502
6055 3995 928
1076 4840 520
382 4584 619
414 1008 29
3340 7392 959
1985 32 581
2750 4904 202
2340 6137 498
2015 3120 390
1466 7432 300
3802 161 176
5088 5791 523
6927 8781 973
9880 1790 790
8647 5429 572
1039 7535 44
6297 7602 908
8921 3745 640
7155 7111 346
589 4948 507
994 1199 903
5270 9259 752
5879 3489 576
1298 9125 668
6725 1458 280
2391 1633 648
4027 6581 455
1262 799 566
1470 8199 435
1908 1774 987
377 4504 300
8104 804 765
4296 9666 343
5549 3788 334
4006 8172 175
5891 4755 794
1539 8219 930
604 6676 713
1694 2445 211
946 1992 105
5609 9801 565
4522 6424 990
1231 2959 166
7151 2343 577
8995 2946 177
6064 8014 665
2232 9814 882
7 1364 338
247 8210 409
6767 9070 761
3235 2134 517
6232 8710 690
6404 6394 306
2450 2335 470
351 2348 669
3677 3661 768
2464 1531 416
9763 4222 60
450 9917 879
4953 4609 573
3888 7619 34
107 48 583
5022 2734 785
9107 9309 751
2921 2760 152
3166 7017 96
9411 388 870
4114 90 17
1318 6915 699
9766 5565 783
965 733 705
6217 3888 656
1338 4799 93
8912 1383 714
5982 1359 397
1029 7609 471
985 3331 770
4244 3463 213
3815 9552 739
900 2551 686
4721 9180 693
2185 2369 810
2290 2789 949
536 4985 382
2445 3519 999
216 6819 460
8363 5231 251
9997 8314 873
6061 2269 998
1408 486 902
8143 6532 115
6263 8394 232
8927 1911 362
9803 487 249
3612 138 29
2689 7424 484
5666 9413 596
2319 5000 503
4011 793 134
2594 6287 993
7596 7762 2
535 7634 329
8139 7777 933
9824 9687 672
6986 7643 198
5699 5389 808
8319 2538 4
5817 575 365
4151 6280 526
669 3971 211
7178 2779 80
5648 2656 449
2288 778 80
6254 3905 340
2009 7822 60
8757 8741 720
8518 8325 838
738 8015 848
7873 6674 362
4249 8450 686
3284 3712 480
4071 2449 983
1258 1937 435
3953 450 230
404 8044 1
891 2446 808
7323 6691 680
8408 1668 587
5004 1249 76
2311 7791 425
1303 6243 369
2634 4008 3
3182 5215 887
3414 5324 70
488 3569 189
5311 2262 273
3535 8884 567
5163 3875 785
1818 343 395
9941 4383 706
9335 9 534
1651 9642 689
1962 4081 264
8049 9319 978
2555 8754 50
2039 6294 5
624 502 769
5480 4642 56
8070 5670 295
9013 2732 251
8234 2124 626
5065 5518 976
8638 4156 247
7103 1719 749
26 4476 847
2269 3232 168
1717 6552 776
8868 4010 36
9795 1586 507
7074 8035 981
4910 916 686
4430 568 608
2559 4729 14
3796 9150 239
467 66 409
668 9810 54
4979 84 196
862 6100 874
3475 4561 50
2337 7392 27
6134 5919 714
4544 3570 319
2497 1214 425
1869 6546 473
4735 1719 3
6545 3491 66
3866 2654 778
1819 7273 407
5215 2472 500
775 1511 726
5206 7817 849
5643 6513 382
1262 1782 324
2949 8741 342
5362 8458 379
7377 5025 521
3529 8095 632
7556 4430 397
1389 916 358
2062 2005 269
8827 463 397
294 9667 489
5329 7623 450
4717 3627 970
5130 1539 478
9431 9001 876
2499 6051 474
5697 1004 353
2741 2979 791
373 699 260
6334 44 189
3165 4380 559
8701 7706 306
4562 5135 547
3020 4624 377
3300 2261 177
65 8712 594
2519 3902 497
6069 5813 905
4323 9697 785
637 5434 646
5739 7869 744
9149 9974 293
1292 3638 672
7397 2296 87
1349 657 217
5433 6960 115
981 9750 796
5853 9567 733
6111 354 486
5825 6488 965
8864 1990 635
1916 8177 590
923 6414 696
475 3296 554
7356 5150 73
4146 4794 136
5611 5008 75
1910 1546 528
1964 322 296
4598 7125 632
8540 1633 814
9302 8956 689
5574 5632 350
3029 815 787
8723 5776 415
1568 8981 876
6288 331 675
8375 4522 220
3690 5358 958
2213 9823 695
262 4310 18
7827 2228 102
2493 3628 113
8707 918 964
4991 2660 576
2310 9529 900
2817 9880 401
5097 1031 393
2146 94 708
1631 8503 438
788 9781 451
6555 1565 123
1571 1030 519
718 6033 215
2619 5274 322
3302 9192 877
1282 5675 348
8045 3750 404
3272 3853 907
9221 9567 100
8533 5149 233
2766 6611 798
8539 5024 449
9381 409 950
3941 4291 702
407 9350 43
1243 6347 930
4997 6599 259
4008 1338 326
9787 2293 953
3492 3212 434
9618 1764 876
1261 4208 628
5498 223 500
6947 3932 279
3344 7903 275
3069 5329 112
3066 257 866
2849 35 221
3804 5832 75
8160 3682 803
1575 7341 700
5469 5647 987
7458 8009 905
1470 4923 559
3817 7318 750
7517 2719 918
2730 9288 994
4648 857 939
1348 4959 666
534 3606 197
7303 7771 958
1766 9908 541
1925 1972 954
2650 302 212
6770 75 532
4626 1389 865
971 4089 164
5666 1865 549
6980 9964 334
9700 6300 585
6883 2690 450
7228 6127 276
4338 812 336
6464 4840 542
5672 5155 745
503 8085 443
4877 4522 957
7454 440 783
1961 1545 745
3277 826 678
8042 7545 418
4456 4953 263
6941 1353 742
2289 3351 79
4766 8934 927
6522 975 188
2260 9001 566
6857 4071 101
1949 4118 874
6517 8705 558
3583 7804 275
7613 4804 984
9685 3988 253
1924 9455 620
3683 5729 882
6097 4675 216
3174 7418 690
436 3079 493
7096 334 741
5488 7042 944
9076 6206 525
4973 6040 630
6408 4520 253
2074 3313 901
3935 8863 426
8694 9542 96
3685 2823 940
1120 6782 180
241 7311 513
5673 7214 885
7147 1369 881
4413 8037 763
7497 612 678
8450 3467 146
5064 1412 292
7175 6919 86
5368 8250 653
9214 2458 862
1257 33 380
9287 7960 86
121 2476 717
3474 2346 628
5894 7269 622
4678 6607 453
6709 691 611
1034 5687 431
6575 6849 488
440 6969 405
4567 4622 609
627 5096 580
2776 1757 102
765 6286 466
7965 2627 568
8731 4583 660
6498 1345 261
5382 7288 557
4704 8837 124
9992 4000 498
8187 7396 461
5014 5952 122
5956 4679 990
8086 1917 738
4776 9688 971
138 2459 141
3363 495 967
1237 2209 219
8289 1222 47
4313 5605 889
8503 8351 554
403 6914 62
7406 1351 34
8095 8028 921
7910 4176 578
3014 5564 447
1664 1171 68
3991 3406 843
6609 2225 38
5021 6467 884
6066 749 564
7416 5479 90
128 7663 402
3672 6600 829
9777 2095 848
8114 933 987
5447 5637 438
8245 4688 435
3288 8706 255
1912 3885 91
1677 214 404
8845 1792 132
5600 3105 653
9424 8452 47
4735 2440 285
5118 9548 150
9624 143 598
7274 966 467
8336 3684 628
4202 8209 586
576 86 438
1678 58 47
2995 732 415
1008 7857 522
5308 2034 951
3977 9529 488
7482 5596 515
154 8959 719
5894 2926 707
3305 3755 539
2737 340 551
4344 1163 221
1780 4829 484
1703 2884 648
3302 9077 875
27 3568 816
3180 7915 10
4101 3710 524
8443 4587 729
3620 3387 203
1540 294 373
8297 6712 183
8623 730 99
5726 6077 790
8430 4247 362
2616 5759 713
569 8284 70
2793 1076 25
1698 8358 234
54 3740 838
3846 3226 167
1337 6390 294
5357 4605 705
5502 622 105
8324 4297 101
319 303 772
955 8683 747
5037 2728 265
9743 3063 206
8054 1020 18
5825 3245 141
8629 3132 909
3563 2502 478
593 648 936
3037 2936 515
1551 9641 518
3507 4120 460
3827 9863 757
8609 4154 196
4623 2579 381
689 700 575
7791 6448 4
8476 7314 870
8575 8225 578
813 6377 272
4786 671 600
2491 9022 943
1109 7356 96
3642 2841 97
5502 1740 451
9631 9172 936
1815 1510 342
63 7656 782
9689 2325 497
3216 9746 984
3041 104 287
9091 2589 250
2149 8002 363
4498 4346 87
4020 3968 564
8796 5000 332
4625 5354 865
311 6744 938
9761 3946 536
9913 4205 458
2656 6225 551
8852 903 38
8150 1214 509
1662 4609 591
1193 1701 276
7767 5812 911
1065 4122 238
4879 2610 888
6527 2840 134
2713 4657 122
6963 8656 924
5024 6940 381
7698 1743 170
8607 4621 481
751 1346 389
955 8617 125
2166 2748 380
7287 6641 111
8835 2780 970
1426 3768 298
4450 8408 522
4209 542 220
5343 4402 800
2247 9330 582
4220 6212 870
8555 5750 290
1076 139 530
1322 2553 661
4228 3458 116
5984 9801 704
295 8301 685
499 2195 909
7790 1774 609
9635 5473 22
102 7451 28
7423 614 322
4692 5954 173
7368 720 2
8601 156 61
4991 820 662
8428 1338 450
5331 6425 858
6781 8780 860
1230 457 112
1509 7812 445
1988 7676 802
110 8296 463
4627 5523 996
72 9580 948
9922 5734 359
9268 7669 11
2808 7681 307
5565 7686 873
7239 393 324
4480 2946 69
7097 111 363
1548 6157 359
2668 4376 29
5462 1439 371
8896 657 729
3206 3642 107
22 7158 249
9309 2461 371
9151 2319 861
3315 8840 445
1024 8143 92
7877 439 244
1951 6000 942
6109 9079 352
2970 2311 981
6201 3888 733
8424 6010 200
7693 1151 526
4337 5938 461
1526 8222 163
9217 8761 546
3556 2519 543
4545 3812 697
1546 2935 175
202 8111 396
2109 917 155
2488 1707 561
5905 1307 120
8888 8235 256
6658 24 391
1755 5530 713
8012 1025 965
832 5164 399
1980 3331 989
7774 8151 326
9379 5845 662
5670 808 696
8816 4876 743
5679 1927 653
9677 2386 59
9287 7833 355
9382 1542 117
7284 9624 992
9357 3883 765
5141 120 131
6444 9883 125
3446 6848 865
5552 8224 348
2163 6268 813
8586 1293 267
1901 2965 131
9332 8847 977
6433 4709 923
2087 158 226
5341 9789 767
8444 2455 597
7273 5572 486
8461 9710 954
6864 7959 20
1714 2132 482
4778 830 59
3336 1476 90
7749 6713 537
7291 6391 809
8532 7665 812
1733 1968 104
41 8684 631
2433 181 579
8997 4454 417
3065 8480 638
6756 4517 426
5294 5427 893
2210 6633 975
4512 8896 8
5143 1541 280
9829 960 190
8393 8884 729
3144 599 980
2676 660 709
7669 5762 754
1078 1555 430
3740 8446 66
7117 2026 957
2977 6900 205
7364 2179 715
101 1843 428
8449 7966 274
5210 2672 248
3319 4508 42
7679 7647 87
1859 9875 392
7070 4665 952
2630 6354 786
7656 9381 163
1293 1375 455
229 956 672
2093 9895 32
4319 2267 912
7029 5102 672
3338 9047 60
7731 2371 909
4410 892 746
4829 8168 426
3847 4169 536
1577 4022 153
4520 2495 526
8257 270 710
9221 1995 23
6308 6462 576
5641 273 277
620 8442 1
9058 495 177
5164 2005 755
3083 9098 337
1546 8552 682
2644 8104 655
8004 541 786
1511 3806 423
5717 5232 292
4509 1865 633
3708 1694 615
1147 5153 860
441 2054 918
8687 1202 147
3333 2255 974
889 32 906
9003 8708 320
7459 6327 539
1300 1540 803
1617 5933 805
5993 7446 367
981 355 478
6698 3592 420
523 6442 497
322 4487 404
5746 5356 564
4467 2714 96
3591 9897 31
1673 4170 313
2101 6791 66
3293 8045 135
4280 3075 17
549 4955 270
14 8879 662
1226 6859 36
7678 5703 522
8140 9960 98
8692 2561 432
313 8490 695
2212 5701 193
608 2378 861
2797 8012 167
8928 3010 839
315 4155 527
3578 1081 28
8988 4583 818
3742 7005 551
756 1007 560
8038 1807 30
3403 1042 145
6592 9697 647
8339 6173 39
1119 7740 990
8889 5328 972
4994 8171 590
8291 9042 125
6971 2378 153
726 2660 770
2008 4524 558
8741 1865 515
8440 9746 82
445 1227 716
4188 2617 568
6925 3829 142
6280 3327 11
1857 1530 100
5034 8301 832
5886 6687 619
9547 113 422
7819 2617 240
4985 210 163
85 4002 364
1596 1957 219
323 7711 787
6284 4512 120
2228 8085 210
5326 1683 437
2269 6495 246
2218 4565 141
9729 3305 467
6103 5529 448
3511 563 675
2458 6102 162
9262 4931 54
3517 1687 628
768 5735 276
450 7189 219
8282 490 109
751 1882 200
4011 3912 930
3216 6981 137
4281 3428 386
230 8253 288
869 30 976
874 4649 193
5119 6941 701
4941 1213 688
6931 3223 200
867 388 17
1667 7514 118
8111 2092 453
2432 6694 614
4222 908 374
9457 301 894
3231 3193 184
53 5563 341
3735 4128 947
2305 808 211
4973 8877 46
7466 9171 383
5855 2685 63
1191 278 380
2518 8634 710
9789 1747 993
9576 2668 494
1994 5655 386
8460 2511 562
6657 9424 726
6866 9982 570
3050 4940 496
9255 335 809
4617 6642 267
4996 6715 442
5659 6660 916
5643 7396 395
165 169 139
8430 2407 563
6855 1941 383
4204 174 573
3068 6736 821
1965 4582 5
9044 6846 529
4799 960 111
1275 9297 923
8959 6818 672
5569 4076 225
3378 9837 4
4285 4792 428
7130 2731 584
487 8763 932
5966 8591 577
3691 9851 940
3255 143 262
511 399 996
3307 9945 385
1431 2217 714
9908 7641 329
8046 7762 59
6451 4350 655
2308 6483 259
5082 2447 836
7128 1663 512
7851 673 748
2584 840 454
6603 7767 161
8388 8528 330
8511 9630 683
6997 228 640
3440 7946 85
4876 6245 587
7821 3529 139
4660 699 33
8385 2525 293
409 4853 158
1348 5462 972
1572 9938 902
4405 731 561
3949 7161 668
4909 1241 661
802 1085 328
1899 7527 375
2321 6054 492
4218 5968 637
4697 7391 230
4522 9505 450
2272 4491 346
4414 8350 848
5259 2687 903
4374 7751 436
7923 9403 122
3852 3321 355
5345 1384 107
1907 8734 137
5967 7820 556
7987 1431 754
8976 2355 914
9646 1585 293
812 8576 178
8522 2788 321
7437 8263 205
6760 8810 169
5607 6851 48
4552 1271 825
9891 6209 124
5302 9423 921
3755 5974 796
2582 6326 661
1347 4208 816
6199 927 240
1036 6507 639
2312 9591 181
1179 1524 539
5829 1437 207
4485 6594 803
7033 8137 722
3338 5655 932
2958 8829 427
4739 8498 637
8486 1106 675
5283 9099 71
7940 6060 126
3265 5770 413
7789 9227 534
8032 6374 101
7348 1253 985
9764 2922 900
8887 5673 834
345 2267 984
3619 7026 616
6874 9549 501
595 7757 828
9429 9482 162
2447 9103 845
4688 8649 680
2004 7919 112
9666 8522 367
5780 1734 936
1602 618 795
8557 7959 225
7104 1012 296
9789 3942 375
2487 4187 498
2315 9900 556
5250 5651 770
125 6486 514
955 4725 337
8643 5905 145
951 7355 559
8909 9961 225
927 9020 719
9788 2765 946
4838 1559 483
3464 3042 257
1310 5256 261
8480 6618 649
2809 8710 442
1221 8970 892
2402 1601 224
319 368 965
5340 1352 984
5908 2048 216
3351 5694 132
9347 3571 380
3862 1332 441
1596 8417 378
6974 1647 34
1098 826 446
1447 5357 714
2468 9480 4
4837 2392 763
3488 9522 833
4451 7031 344
3823 2872 252
5941 7392 13
3261 2787 744
9406 2707 952
45 4872 574
3004 4602 518
5743 2065 105
2441 210 918
5919 8543 572
301 6706 383
361 9014 246
5516 7097 547
1689 9344 995
6597 4988 323
4139 3726 275
1220 32 625
9311 3575 225
6975 8073 80
3666 5316 393
9791 9009 449
7945 4789 30
7082 9995 925
5250 4011 970
726 4575 31
5736 136 656
6538 971 70
4994 5712 13
955 8596 100
1437 8399 331
9949 248 100
4057 1086 468
6404 7791 485
8454 1838 624
2719 5666 56
1271 4466 747
2759 7788 226
7036 669 676
1344 806 98
6423 5856 226
8422 789 418
4570 2933 51
1540 5628 989
8322 5606 895
7164 2442 190
5712 254 53
2028 9134 205
4374 768 109
7753 4220 979
3368 8851 586
1332 2747 196
5321 4844 800
1627 4335 595
7352 3559 234
6044 4173 226
4008 3775 245
5727 6049 759
3433 1437 799
1131 1335 387
8468 1128 37
7703 4277 142
39 562 902
721 5266 462
8334 244 2
6155 3828 617
2569 446 402
8892 9209 443
5777 8449 996
981 3990 187
6594 8123 419
2910 2195 85
1233 8503 645
5847 668 603
5880 821 15
4237 2208 609
9570 8356 179
6192 1249 788
980 163 991
572 5063 381
8491 1640 734
1537 4002 735
2187 5766 733
4232 78 940
2220 4416 442
7033 1659 928
1339 5776 851
2741 4219 706
1020 5079 205
8135 371 814
1993 2214 551
3258 874 227
6840 2922 404
2225 905 207
4586 985 13
4842 1103 529
4088 5499 731
6000 1760 700
6560 4865 196
1445 2270 863
3987 3849 732
768 1336 641
4871 3356 717
8543 9128 511
2118 4910 457
149 3039 776
7904 918 440
5504 7992 187
3312 8681 660
4495 4104 398
8061 1945 377
796 1646 738
9953 4989 318
802 9881 118
7757 152 123
6419 2411 857
4611 9562 237
7679 1162 557
9466 6262 451
5276 2093 524
3080 1050 203
168 1004 455
1920 1692 655
9102 4541 5
3205 847 812
7779 1144 344
8207 9324 807
1760 7382 237
3247 7340 232
8412 1513 829
2324 2288 540
9346 5288 410
1957 8146 394
9840 5708 844
372 2663 792
1915 5165 432
6254 1964 806
7559 3334 146
7435 1888 230
8900 4107 843
4835 6364 633
7762 2981 60
8180 2039 859
4101 6491 795
4687 5912 149
9493 5675 488
3576 560 835
2319 9976 825
1589 4176 915
4567 5495 117
9179 19 144
2890 8492 866
3906 6801 478
1448 3654 768
3524 4584 480
9600 5174 242
9508 6415 157
2483 1818 584
6381 9875 670
2058 9696 851
7435 2702 504
501 3561 629
2188 2625 899
778 5519 53
6286 3347 926
8637 6520 269
2257 1443 181
6760 907 697
9440 3001 29
5556 5832 448
7232 7259 521
4433 5106 33
7204 8486 130
2703 5089 29
2143 9829 92
4718 8711 258
2782 416 172
659 8510 804
4643 6568 719
3873 2592 669
28 6682 404
1416 7001 453
3048 6686 587
9350 8383 475
9683 9428 158
705 2871 441
319 2160 90
3831 736 168
2702 5041 373
1643 7750 408
8013 4342 600
3616 5139 353
7971 7739 131
4021 8918 323
1057 5118 897
5909 876 705
8584 5364 8
2463 6277 140
964 3578 196
2417 153 872
9942 7807 509
5190 5358 787
1559 3279 304
1329 2355 925
6795 4959 688
7055 1796 778
3113 9339 117
9712 8921 158
1254 7566 146
4754 8827 323
4695 1543 477
3940 7960 622
1806 9409 366
8505 2183 864
8760 5007 52
4025 9934 47
7987 4170 420
2378 9288 995
4553 1182 477
1164 1536 584
1352 6670 62
2658 9621 976
1590 6301 838
5451 7849 520
336 7816 354
898 1912 504
4265 29 622
3052 6086 148
4841 1871 825
6574 2715 824
5895 3747 229
8284 976 854
182 915 518
452 48 98
8952 7220 804
5257 7880 559
3296 4062 810
9578 1398 458
4903 9234 214
4514 937 783
1278 9033 487
2412 4842 436
3435 9878 511
7358 1674 18
3188 9213 739
4372 1706 324
3588 6670 51
1882 5585 142
8858 6555 631
7243 3009 14
5512 9433 561
9111 5776 538
3501 2382 167
8415 7808 735
5184 2272 240
3875 9626 921
4171 7519 228
7702 185 60
8654 3112 554
8039 9301 808
522 4441 528
19 4961 442
6033 2342 448
2130 7414 796
2281 544 217
7206 3046 918
8380 2914 173
6644 521 384
6939 6908 273
4520 1886 974
915 5584 743
9085 2847 445
6496 6778 196
3367 850 296
375 4219 683
2647 3373 139
5445 1317 194
1344 1466 97
5459 8003 175
722 6513 272
6495 256 743
9020 8522 449
150 1256 189
9935 6775 110
8804 3320 529
60 5149 510
291 5112 670
799 9308 842
4346 7880 233
104 4688 478
5335 6677 404
381 8258 283
5474 1949 309
8404 145 561
9947 4395 100
1786 549 104
2519 1356 349
1492 1880 78
8618 9681 955
6824 5309 486
1267 1904 819
5458 9878 142
5204 1870 608
7289 1476 480
7474 3673 928
301 1692 726
9923 8239 17
5848 8889 135
3163 1009 372
5 3215 825
4653 2742 794
8408 5397 741
2027 6465 60
533 8091 317
763 3717 674
2349 4669 397
228 692 795
5296 5876 644
760 6155 72
3736 1705 669
4357 9146 434
9487 6916 615
8621 8526 741
1575 5812 47
4555 8865 793
7290 8481 734
6860 9578 747
7917 1892 748
9639 5535 314
3990 3549 779
8875 7866 926
9117 4092 594
369 1363 698
4222 9988 297
8642 3445 792
4749 7919 480
8941 7341 923
2229 5521 79
1832 2170 931
1145 3638 800
4237 4714 952
4731 9473 665
3802 3727 658
1173 886 645
3510 7285 543
318 4523 233
1773 3207 952
1512 5787 293
2982 6843 813
83 3919 162
2790 306 701
7494 8665 505
2934 782 246
6341 6142 854
7095 250 133
9565 9939 979
3163 2493 411
4334 5418 425
1116 2203 723
2322 7228 415
6547 642 864
7252 9439 821
2629 4371 485
6060 1070 845
4413 6588 126
902 8225 687
2758 3067 289
3762 3705 597
5321 9086 309
6647 3799 74
749 8965 839
4705 8157 869
7106 616 46
2618 1383 691
6195 9510 224
8081 363 336
8696 9573 967
479 3939 878
2950 1606 423
7337 3272 408
6658 8645 472
4173 132 71
469 8182 590
5248 2466 245
7427 5932 741
1329 486 948
8077 7233 540
8742 968 366
2779 5738 259
2678 3332 617
9411 1222 445
5794 1076 888
305 4525 336
4006 404 531
4866 8821 498
6637 3868 549
1343 8324 125
6608 292 777
4199 3673 705
8383 7400 472
2430 9429 567
7387 2999 728
3898 8134 783
7449 5334 414
6291 8035 806
5626 4250 495
1935 7747 564
5491 1020 958
2265 1096 533
1600 5771 67
1725 4586 415
647 8156 220
3088 4105 90
38 2300 828
4702 9501 851
3006 2430 43
421 5259 343
6987 1380 248
4856 7579 618
5482 2650 138
8195 1568 242
6492 1526 206
794 8532 872
8564 2228 673
7674 5943 489
4388 4453 142
9306 7401 755
1815 6925 356
5183 9075 385
9014 3287 783
6429 4536 657
1037 3542 303
4084 874 64
8457 3976 193
1704 7447 729
1208 5943 219
1320 1890 585
2899 1378 581
4550 3503 293
900 4945 376
289 7143 24
601 9995 145
5339 6075 184
7019 3824 851
183 1296 797
2246 7903 337
2584 4161 140
9609 1076 610
3124 339 61
6027 2495 171
7758 1488 182
5378 2785 862
1979 5782 231
8199 6234 73
2200 7899 510
2625 9909 529
5110 8408 900
406 6297 413
5635 7317 977
3475 2569 625
7732 9712 634
8511 2304 64
9105 3407 72
9747 8171 779
2722 9605 985
5737 7060 916
558 8462 646
9799 5882 404
568 1629 542
2909 1927 436
4385 6480 341
1867 6803 316
6839 3914 576
4579 9899 824
4231 1025 145
2941 1547 364
1937 8353 385
8086 5813 253
8027 3928 425
6729 2429 914
4744 4733 94
5801 1888 196
314 9112 746
7702 9829 514
2779 2549 602
9550 7846 314
5685 4964 173
8337 382 312
3229 3578 31
8709 2266 241
5047 4035 811
1016 8248 587
4104 3940 334
4818 1065 269
5930 1605 192
9834 8829 381
7713 1020 473
8051 4193 714
6660 997 589
718 3398 801
189 5069 502
2385 289 996
9671 9327 410
1553 1689 691
1844 2360 749
8036 2082 647
345 8180 411
2420 4949 391
116 4549 453
8636 7366 377
64 748 449
1637 4784 179
3113 8449 923
8301 2624 708
4785 9931 748
3709 4591 478
9786 3332 932
5019 6451 472
8426 5544 758
6123 5879 830
2343 6163 236
8887 1998 817
238 6810 835
7519 6531 348
8257 8294 919
377 216 958
4032 6164 335
7753 6262 843
889 2506 184
3327 2328 698
6643 5890 848
6212 1860 578
5181 8394 95
9077 5015 182
6529 8261 517
7645 1739 742
464 1577 152
4581 3690 223
1593 4540 790
377 6 811
7033 6452 337
6001 8057 796
8382 8436 573
4438 2405 653
8526 710 451
2927 8309 851
3245 1681 557
1104 2998 10
2737 732 836
2869 1833 308
7182 5629 169
7543 2904 219
4155 3483 451
9637 143 934
5406 385 551
5279 2337 187
6392 2142 92
4187 102 906
124 3219 62
26 5486 463
5474 5125 966
6901 33 349
4178 7775 637
4977 2522 79
2785 5083 387
1762 1587 594
661 7976 526
4504 9522 964
9251 950 48
3535 2409 527
2928 897 482
3715 3351 74
8312 6229 573
3310 3080 742
9485 984 629
5299 1060 144
9904 9957 702
951 8631 904
5429 7587 468
6806 6099 542
7448 1877 666
2388 7936 798
9369 7549 158
8687 1162 335
2834 5915 498
7064 7427 216
7953 8834 624
273 5707 560
3556 454 526
6272 762 105
3269 1850 549
466 5787 23
9924 4694 252
4285 8115 746
3369 6771 333
2158 6226 824
1857 1448 250
241 2411 47
2893 2274 308
3786 181 876
7220 3543 589
3320 2007 600
5269 9067 918
8555 3968 803
8424 8880 738
4713 4553 969
533 7023 833
2757 2486 716
4167 1077 284
6590 9360 212
5345 199 707
9720 61 147
7511 7798 742
6656 2863 365
4756 3807 253
4008 7396 594
2244 1978 323
215 7890 654
9550 1716 718
8765 1800 27
2575 1028 396
2144 9166 996
5955 7472 748
6795 4119 101
1318 7940 593
2864 3464 266
897 2326 776
2115 1700 437
6261 9403 986
8104 6824 110
4704 2362 49
7210 3756 24
7549 1635 744
2538 4030 81
8272 3587 388
7464 3191 30
1315 5007 607
2620 8756 139
1039 9827 641
2644 9922 921
2395 8175 926
3162 8502 718
1274 326 192
9662 6172 535
2598 1287 889
1473 9951 649
8230 9850 293
8029 1551 204
7641 2177 454
1705 6118 537
606 6847 817
2394 6432 788
2351 1728 382
6643 904 771
4718 1215 923
4029 10 760
1969 6343 429
7428 6278 885
8336 3840 662
8423 23 719
8708 3690 173
1665 3857 262
4391 4087 243
2096 5631 743
340 8419 368
6124 6101 675
3098 1087 178
9459 7478 659
8079 5271 228
8765 1667 900
2866 7307 124
1927 8113 640
4292 7339 11
6933 2915 199
4695 7033 236
1199 8072 59
2924 3505 434
4735 1161 507
9799 1928 199
3636 2305 326
1209 6232 305
9864 5 752
264 8603 441
321 6699 987
5101 8787 132
7329 9569 533
2287 3310 649
2783 3418 160
46 5065 553
7411 70 410
9841 41 222
1107 163 108
4152 4653 123
9331 9472 200
905 707 931
6902 6087 88
5394 143 205
261 6387 222
6874 3689 969
8307 1172 538
9285 5939 618
2070 3421 349
8535 4783 596
2102 537 239
329 8336 739
3269 9997 494
8592 406 615
8115 4522 248
2018 6748 674
7058 3683 11
9056 304 899
3781 8148 214
7595 310 182
4891 7993 252
1940 2384 733
5385 8658 408
8049 8501 799
5555 7377 371
5437 4166 279
3738 1345 413
1714 1248 108
9651 3360 18
9993 681 778
4942 6208 453
1927 5469 650
9461 3787 371
14 117 1
9073 5212 445
6671 5662 352
4703 6369 321
1000 4535 137
1457 969 388
4349 6104 832
6318 9385 566
7381 7752 983
1338 9412 111
6836 151 735
4948 461 812
7454 7095 33
2339 2169 268
1185 2303 175
2851 6101 912
9015 3274 401
7017 8000 613
2840 2564 740
4393 1832 124
9482 9078 534
9643 2412 940
4499 2765 38
9231 1776 588
1601 8829 245
5942 1222 190
7304 8484 126
5630 9052 412
418 1000 880
5617 1831 707
6378 9377 308
9745 6619 136
6447 389 581
2732 9060 685
7827 6888 487
9377 8071 244
5613 7795 985
5573 5918 799
463 7697 358
5245 3552 78
2164 812 222
4027 5690 441
2603 983 670
7688 8330 425
4504 9234 354
8855 13 161
7806 8131 475
7544 6697 483
9511 382 25
9192 2283 60
5448 2057 988
620 6587 521
6547 3365 76
4366 8722 413
6603 6308 473
8990 4373 937
561 4220 59
8506 7522 189
1303 6814 992
4234 9522 201
5939 30 241
804 8591 532
5161 5219 384
6126 1944 839
3442 1467 647
9293 2425 8
6677 3878 485
1619 6829 256
9584 1428 979
6534 5722 308
6434 8244 724
1914 9610 862
2460 1508 328
1232 7361 435
6119 8248 408
779 2638 972
1702 9985 137
790 2175 909
2580 3951 614
4826 7909 139
1029 4740 402
7289 159 577
851 8142 821
3227 5097 890
9990 6485 591
2811 698 532
5984 6689 233
9256 8170 386
7223 203 473
6142 684 594
662 1029 745
1761 8761 520
5652 595 501
4622 3168 466
6475 7432 135
36 3434 39
7666 7935 950
236 1602 798
734 8672 263
637 8523 293
7753 8881 277
6669 9670 556
543 5337 659
4879 943 877
5734 952 863
4082 83 559
4495 8580 862
1988 4031 621
9745 3531 871
3257 2358 602
6746 6156 366
2178 4642 817
3643 5172 173
8357 7828 518
3105 8315 487
6510 1820 816
8172 2399 935
9146 9342 178
5883 4301 949
5478 1397 118
4379 1283 318
859 8188 915
958 2370 473
842 5770 874
4622 1007 227
3176 7363 916
4602 7754 624
5003 4457 745
900 4553 91
946 4392 72
4438 9757 631
8583 2344 587
4769 164 968
7521 4936 893
9919 4938 162
3715 2326 532
7337 4273 697
6537 9320 68
2845 5057 367
5418 934 678
3600 616 204
584 458 271
2087 130 13
870 3192 597
8080 2374 826
2275 1920 954
4265 2055 354
2173 682 947
8187 6089 659
9522 2470 101
84 2367 990
6894 3679 765
4404 8298 275
1337 5178 153
5767 221 689
5357 8397 599
4952 3371 685
6249 5326 233
4364 1825 347
7275 2540 948
50 7953 446
8567 1793 260
1925 374 284
6713 797 432
2943 772 68
2619 1050 241
5000 300 970
4558 3769 450
2205 4629 247
2620 3734 705
4903 9975 75
8119 2315 276
4203 7472 248
778 7651 283
6468 7928 803
4896 2319 846
4653 8914 393
4524 573 749
549 826 911
3792 4460 298
1405 1868 245
2075 4088 463
2915 2480 922
1002 9871 944
7562 3337 32
2479 6607 564
7289 9789 24
5521 2266 94
6411 813 65
8378 9100 643
1130 4277 72
4124 9372 553
8835 4944 935
1378 1847 123
5955 4674 271
3691 6930 263
4395 2761 289
1938 2660 998
6770 3049 322
9032 6670 704
3163 6430 241
1955 6263 776
4103 2079 794
6242 454 850
1226 1355 275
6599 1306 720
5529 3366 486
4806 4943 844
8792 305 450
647 6195 326
9563 4237 765
5120 2010 414
2394 4001 867
5854 2254 830
9248 3528 891
3553 687 951
6469 2057 589
8630 3394 732
187 1659 926
6192 6313 127
1341 255 952
2242 306 9
3580 9180 536
6614 9106 215
1631 4204 789
7723 8562 981
4519 8794 990
5589 7103 806
1677 3675 502
9135 9532 134
6759 4873 658
2554 2126 581
5386 7650 719
2535 5810 608
3571 9329 453
8883 942 966
5846 545 484
7256 8375 533
8222 4166 88
4946 911 88
3819 6697 652
4557 7160 63
4148 2184 413
7315 9964 206
2760 8846 862
7427 2912 644
34 9998 704
6858 2069 66
1630 289 258
5894 2427 730
3287 1166 267
2401 17 531
2520 1335 930
3578 1226 139
938 2369 746
6833 51 575
3471 1822 554
1548 4680 339
2539 5318 731
5888 988 157
7150 386 509
2618 6556 328
2573 5828 458
6026 5393 354
1938 9211 33
9648 5552 17
595 4436 563
7010 2685 488
742 9882 5
5637 928 546
9578 2573 833
2379 9769 522
5406 7347 201
230 3350 431
8536 8242 165
3410 2729 187
1777 2717 726
1506 2660 288
6771 1978 210
8719 4123 783
5899 4040 895
8741 7635 652
2339 4559 736
3821 1707 970
4228 3023 439
729 3723 177
1275 5274 679
7894 218 648
666 4063 84
6859 7219 795
6325 8813 902
9938 3264 710
6373 6950 36
4474 3739 899
9597 497 403
6913 1422 975
8236 3904 542
4181 1864 147
2161 8256 525
6231 2361 649
7331 4158 892
2149 623 527
9639 1974 447
3497 5219 609
1575 7224 71
1705 3380 622
9422 9668 991
3846 6331 932
1293 1253 954
3089 4916 481
1497 2389 456
3495 6647 281
23 1192 435
7246 6145 620
5560 8374 676
7530 1951 475
2247 2541 382
5096 318 443
7672 4928 581
8395 1774 739
5720 3525 780
6032 3627 207
7422 295 261
500 228 222
875 2287 276
1543 3442 505
9295 7368 980
6472 2095 379
2047 7464 456
2623 8162 862
9411 6399 858
2330 5499 513
2996 7493 666
8113 5307 884
59 3047 164
180 662 958
1008 398 319
6927 7371 620
2127 1238 211
3701 1800 850
9122 1117 899
5323 983 657
2333 4215 298
3802 3601 486
1559 1496 591
1543 2125 776
9790 58 784
2481 165 143
6635 2603 361
6223 3114 433
3754 3962 902
6265 9350 600
722 8522 354
1508 3926 917
5998 9998 690
511 8720 55
4758 806 44
1579 3144 281
907 2226 573
5909 8986 951
1795 4733 525
8757 1062 818
419 3686 434
5732 5402 439
6625 5031 470
4064 6876 897
4735 2072 183
2563 889 929
1969 1119 313
2831 8641 201
9972 1406 263
5465 6249 717
6282 8927 610
3334 7286 351
2406 6040 25
512 8643 238
1493 4880 387
4601 7408 58
4332 739 874
570 6309 134
5111 8016 134
2869 9335 748
4759 5072 362
2153 3435 430
111 6468 62
8558 8574 599
7452 1831 189
9241 588 97
7024 2401 390
7083 981 235
2521 919 911
1297 2296 522
2721 7958 813
4736 1453 463
8487 8624 13
8731 3152 923
1378 173 914
5291 5115 255
9179 930 745
2880 1462 560
608 5505 964
5794 7552 629
4899 2311 477
9032 7334 372
3596 6162 365
4234 5368 507
9230 2046 427
1057 9588 130
392 1447 927
7755 9169 657
5420 4603 884
29 3655 975
5204 3540 622
1315 1325 162
935 3788 415
8801 8053 110
8983 7725 703
8056 6763 412
8578 4461 644
4444 9296 372
6481 9065 520
4242 9137 247
4464 5966 385
5893 2993 909
6255 6795 930
8312 8958 733
7 1699 708
3800 4212 527
3616 7341 532
5226 463 52
1143 1565 521
3315 8259 878
8199 7086 497
1183 3200 729
1316 3607 765
6172 3254 720
2321 9790 68
8817 9125 477
9787 6484 803
5589 3947 202
6713 3175 322
6870 9480 788
6212 8439 870
4803 3250 26
3177 495 976
3216 9317 324
5844 8468 23
6139 7548 39
2019 8988 926
3703 7491 539
3094 2997 761
7439 548 967
7904 2743 36
1222 3221 605
1450 6112 659
2280 5133 144
7880 2772 27
4532 9170 125
2141 2615 750
820 3517 872
3970 1984 789
4820 7409 793
2762 4288 223
2610 5161 121
2829 9565 681
5503 648 811
7793 1399 157
1595 8291 32
7984 2267 553
4320 7573 21
9910 9200 950
3588 8929 709
1263 3912 534
1713 222 693
9565 6562 470
5170 7759 480
8494 1225 974
517 3126 826
6356 5840 346
3422 7031 298
4554 2665 619
2037 7424 958
7185 1770 900
5257 1663 570
4805 4705 536
2639 1192 541
7661 9540 902
4065 771 706
961 3129 567
4044 1951 389
672 4757 723
1541 4852 489
1808 575 77
8705 3863 855
2877 3939 763
7766 208 210
8779 2982 826
857 9232 748
9825 2702 343
3583 4499 413
7617 5377 114
5505 7617 772
5975 106 870
2790 366 588
2738 7680 297
6581 9242 867
6959 2497 750
7124 9318 361
7659 9098 86
6073 456 133
9888 2697 582
929 3007 183
8740 7499 54
2426 265 668
1195 8786 539
6804 506 702
4968 1713 12
9558 3363 855
1666 3427 17
3114 588 523
3988 8674 863
3097 3135 70
3847 6261 868
2357 5313 896
2467 608 948
3499 91 20
7480 9264 94
6807 8368 48
7144 3089 324
3878 1488 901
2603 9285 826
1663 2783 798
4220 6392 209
8044 8512 536
7670 7484 602
1955 2090 294
6650 8680 428
4137 356 134
7874 687 590
5759 1679 524
377 5738 18
1957 4132 579
7168 8662 901
7198 6141 205
7386 716 975
7069 5687 157
2395 4037 512
5623 7181 715
9377 1549 618
7795 7933 828
7040 1620 876
2314 497 740
568 3159 699
771 2826 433
4075 8942 8
2602 9771 285
5554 3373 418
9495 5941 482
4803 3532 367
1549 4305 756
6908 278 881
5102 6993 420
8248 2131 767
1699 6287 956
2298 6376 220
9593 1867 226
5227 9675 922
5332 6556 428
4704 7448 519
2646 7188 38
413 3090 756
6349 9137 426
3391 3793 328
4992 2097 446
2236 6193 974
4556 9559 556
5650 339 510
9303 7633 241
2219 2268 538
2666 8944 24
3289 8559 969
4077 2686 74
7905 9728 856
2809 5031 253
2197 7745 243
8977 9862 300
692 1065 855
3486 6412 377
6645 5645 662
6208 4683 839
1926 8386 6
2065 6842 669
2176 1277 208
9592 8522 483
3040 8673 909
4195 2539 486
7858 7417 460
1487 7176 466
2189 626 39
9263 5917 110
2651 7464 474
4900 3795 915
5146 2578 138
3269 3766 354
6646 2471 272
148 1879 885
6908 6111 210
819 3317 181
3815 2872 26
1456 6015 456
7329 831 154
3525 2522 182
696 2574 608
2653 8830 154
7227 4495 603
7839 6729 101
4420 5462 670
2460 6285 57
9962 1181 474
8088 9498 260
8357 7992 553
7899 6407 797
3705 1064 172
2217 1732 36
6634 1294 632
781 5891 288
2954 5558 652
2599 8538 589
109 2628 704
7046 1825 217
5413 7110 736
7278 2022 371
6900 4081 44
7594 5736 125
9567 4008 512
6607 6484 661
4356 3701 572
9910 1663 455
4615 6538 984
363 8865 472
7278 6692 972
5295 9481 130
5782 2901 319
1200 6261 36
7092 7218 472
3146 1622 733
2983 5496 736
5059 3982 77
1740 6751 238
8796 3943 807
612 451 47
2432 1070 85
968 2005 355
2515 1856 3
5539 6102 992
1359 1655 624
7396 4641 722
7700 2117 61
3664 5883 749
9463 133 297
2529 607 354
1575 7246 381
9531 5970 997
7767 3645 995
8977 5593 454
4721 2844 284
2565 1452 468
2786 5988 299
6707 5969 106
7680 9216 358
8262 1194 480
5820 2881 268
6561 2045 108
4348 952 151
9794 9799 577
8867 6279 35
1175 4370 497
8237 2509 417
1997 2371 836
9760 413 189
2710 6693 209
8392 5114 677
9996 7554 113
4414 6480 373
7337 3070 564
1678 1359 976
1677 3637 98
8169 1755 882
8390 3038 662
3910 1719 513
9464 1960 534
283 2020 705
104 6515 40
1290 1061 504
5255 2412 775
9076 954 448
9996 6633 312
3104 8149 337
8260 5429 256
1176 1518 355
5387 6020 684
4378 2962 433
5137 2167 546
846 3439 626
1767 2124 738
7745 6547 128
6813 2060 128
6038 6473 458
5912 9704 706
5981 4219 920
8869 362 529
1643 3807 660
3768 7774 464
24 6352 589
7928 387 861
9337 4392 939
7981 2058 300
4532 5899 414
4143 2173 395
1281 8568 474
1431 2845 875
4107 721 451
2651 8084 1
9659 5599 278
6554 6537 19
4390 7712 233
6609 1708 829
8875 6583 175
1725 4778 2
7936 6189 410
4931 8444 475
5784 1161 141
818 4391 40
1835 909 464
4768 6071 839
2889 8305 353
6424 6457 245
2979 9427 459
8446 2205 221
5169 2355 418
5776 7147 125
4723 8441 897
1510 306 406
8045 8876 858
9244 9892 659
2533 5712 254
1153 526 837
7147 4013 200
3230 865 914
1134 3276 884
8273 4741 986
8654 8325 279
3455 7831 171
5818 1115 405
4145 2232 262
2367 6654 543
1565 7879 779
1060 2295 695
8160 1963 351
7558 2858 75
5514 2243 684
1704 8540 264
2252 3912 846
5258 8015 179
7698 9872 839
1100 8954 339
2763 7893 446
7653 2176 634
877 3053 255
7613 5950 337
7695 9202 295
3357 7212 627
3974 4419 936
951 909 875
1146 7574 795
3486 7260 208
281 4813 993
7591 4451 872
6111 1530 936
5196 633 940
9379 715 152
9060 4715 594
9946 5510 15
9271 4187 394
6518 9170 596
6635 9166 926
4562 1595 12
5056 8745 629
9099 3239 968
2395 9488 588
2254 2417 38
2076 733 257
3373 3115 597
8033 4441 76
7893 2 207
118 1254 746
1155 5049 672
5205 2576 354
810 8215 496
9099 3907 941
8893 6254 774
2036 9518 443
2790 1234 606
2336 2110 396
9682 7497 252
8672 8018 24
2311 1436 529
1814 295 278
4216 7251 748
2469 3632 435
633 6176 407
5474 4546 470
8693 2784 452
4029 8254 928
5588 8711 291
7606 6242 594
5029 9912 511
2519 7105 358
6982 5350 603
84 5975 263
9084 4640 161
7012 1861 551
81 6837 625
405 6390 516
6893 1660 63
5074 172 116
8151 4098 521
6596 3367 957
6123 7993 829
3629 680 445
8372 4918 851
7745 4820 657
5520 582 819
2243 1195 783
6124 165 67
8483 9727 798
6348 3379 113
38 8509 919
1782 1228 175
2366 708 851
9664 8253 746
1736 1983 959
9481 919 920
7382 4897 470
7706 4809 183
3746 2592 678
3237 1409 965
1922 8738 176
1283 511 124
6726 1437 69
3108 9120 971
613 1297 702
2950 6825 96
1670 4333 864
610 1824 512
6009 173 162
19 6781 408
2117 3517 914
1786 7263 97
7261 4618 826
740 3335 756
5068 1753 492
8226 7017 577
2368 393 918
4767 2427 718
1520 7387 319
7017 2613 405
8351 4984 344
3389 5626 719
7491 712 312
6255 6351 38
1036 9228 232
1433 1811 588
1095 8040 948
2645 4200 733
7728 1374 989
1692 5548 640
666 8774 740
406 6268 85
4275 1155 811
7160 1601 883
8111 1865 683
7109 2210 173
1049 2671 338
3635 1100 971
650 9713 215
1656 7881 907
1679 9356 187
2886 4790 41
2975 5460 484
6181 2545 137
4855 1351 361
4646 3965 598
4668 3867 943
924 8056 546
2769 267 542
7457 8359 111
7059 2168 338
8948 4407 772
3130 1649 307
1724 7750 502
1612 1914 291
6362 4573 924
9210 9671 868
3916 3789 722
9083 3540 2
1510 906 454
2424 1440 603
4659 4786 817
5390 202 187
6223 8783 507
4977 1597 228
2429 5684 620
3899 2365 617
81 8676 920
9370 4137 394
42 9792 915
1912 3160 396
3277 7273 987
5697 8138 33
6910 3871 914
8138 1258 940
9490 2209 192
9531 453 243
6215 6562 427
6786 1286 726
8634 5485 60
7002 2082 558
2302 2352 181
581 1113 151
631 2294 137
8654 4034 326
3777 5360 285
4972 5148 424
9886 957 147
2062 3853 192
3856 227 139
1532 4490 673
1620 7910 578
327 1409 487
9349 3332 96
3270 8163 729
359 7282 56
2596 631 531
7513 9906 638
8609 5649 541
48 1789 508
6494 7511 159
2580 717 448
2631 2186 911
4375 632 663
7367 7646 353
4164 2384 58
9854 2135 345
5719 2199 702
6082 9357 448
8097 3294 243
5000 2323 874
8531 8510 697
2453 6566 985
4831 7488 425
2174 4071 792
9400 536 891
2626 6994 874
709 9550 53
2121 5173 847
6852 4472 219
5794 7750 851
8653 1805 377
2641 99 74
982 8532 953
2163 5367 186
2781 7480 326
8873 6297 255
7496 158 291
9492 218 343
4116 8818 858
2362 3166 152
6426 5733 585
7983 3456 288
392 8251 321
9200 4959 368
4400 6957 584
9783 5937 557
4606 6097 515
5970 6353 91
8573 7674 692
3938 1576 783
3371 2889 437
2102 5945 825
1105 243 537
3689 2446 517
9531 9790 652
1989 9625 620
5056 1541 242
1229 1467 255
6879 2442 790
4059 3565 640
596 3077 458
7628 1498 710
5291 3843 282
6674 9381 107
7302 2539 315
1606 715 540
7936 2856 515
448 8901 526
3928 9707 45
9049 318 737
134 4380 976
8110 7867 706
6630 2213 456
4036 413 502
6894 2258 912
4458 9232 551
3341 7008 901
1530 3531 197
5014 7114 171
2703 2610 289
4220 1315 73
7173 1164 888
4926 9563 403
4564 3472 660
154 1093 626
2909 7076 66
2170 4386 211
8547 9559 251
1559 8006 519
1449 3395 604
6455 7178 568
5467 4252 523
6070 1405 850
5814 464 313
8643 6301 479
9032 1786 629
6906 8915 521
5894 933 756
3767 3338 135
994 7086 172
3728 9984 348
5675 6747 464
3048 5959 1000
4404 8672 180
9469 3845 9
2261 134 352
5934 1930 827
3230 644 348
41 5450 38
4984 2340 577
5588 6019 459
6333 3873 613
220 1178 877
2801 2721 5
8848 4092 923
6377 1345 636
23 7067 750
9499 3038 761
1940 9348 769
7663 5466 557
2564 770 473
3213 339 657
6806 696 459
3009 9051 625
4930 1383 418
4087 3105 723
5932 6547 208
9643 1034 593
8587 8629 242
7981 1740 106
9035 8296 514
4423 9852 539
4280 646 738
7571 552 29
8225 2029 482
9860 1542 108
5143 7997 18
4905 7683 991
1169 1947 299
4019 7188 359
5579 7011 851
9081 8435 215
6111 9732 355
5971 7383 990
1060 70 721
4176 6929 739
5500 5508 174
2445 3891 112
1135 7007 732
9402 7077 482
7618 4620 765
754 2136 970
5889 2659 136
9393 4867 983
9571 5418 694
8100 7665 944
5983 7772 691
8279 1413 381
2271 2125 949
4034 6811 437
833 9097 342
5457 3242 463
2932 3656 747
6633 1320 305
744 5252 23
5655 1407 383
618 6773 53
8695 2868 52
4620 2947 149
1626 5900 634
2222 5245 560
82 4742 521
9882 6482 237
5478 5889 314
1487 8117 146
6329 8043 908
6461 2783 412
7593 2242 461
8439 3867 100
6889 2254 391
4460 2582 61
9586 97 484
3099 7554 486
4836 332 178
1812 1246 500
3661 2858 446
9590 330 434
7532 9382 657
279 932 628
4174 3236 782
2354 6915 30
3334 5847 395
756 1414 501
7788 7781 531
1688 9140 787
5502 7961 864
9895 6355 210
7409 4214 159
3066 7944 122
725 6082 58
1956 4498 113
6719 3704 866
1918 8552 465
5586 8772 480
3424 7024 59
2389 7399 824
8972 143 666
2184 3333 344
2000 7790 38
3987 7661 673
8267 250 500
5813 3771 651
8741 8298 800
5275 2697 543
168 142 765
9756 3387 125
2006 9485 838
8169 6274 582
8744 2671 1000
8387 8611 581
4944 1286 765
4116 8885 799
8767 7742 322
1503 5302 721
699 1429 288
4613 6550 845
1969 4419 818
2590 6903 943
751 7643 347
4103 8038 740
3529 1772 177
3062 585 736
9206 9360 47
1888 3329 567
5655 2389 568
9452 2630 454
9987 4629 917
3520 2587 378
6479 4952 825
3912 1165 528
5714 11 880
8936 3802 711
8783 3991 872
9000 7057 707
1569 7027 445
1021 2407 653
5728 1784 210
5426 2303 779
7839 616 613
6941 4849 685
2112 7937 173
8655 4879 402
7651 7627 70
1473 66 823
1982 8836 242
8100 6606 393
9936 1438 855
212 8517 6
7478 1261 952
1442 4859 213
1174 5635 682
2499 1639 959
5087 3594 482
1184 4512 181
9820 6229 205
3478 7549 520
3731 5530 347
4280 4786 137
3899 5351 452
6365 3541 823
1503 6330 544
256 6492 253
5342 9117 496
2655 3521 744
8059 988 406
987 6920 550
5545 8937 996
8560 9217 483
6267 3752 509
127 2351 436
375 1559 106
8641 4400 654
9046 8184 900
8312 8370 754
2151 8810 16
637 3713 927
9285 6303 286
9981 5465 250
6361 2952 776
3505 5962 517
656 6922 925
9281 3660 220
9573 2451 967
379 2400 864
3173 3386 149
6174 271 817
4172 251 430
2471 9685 502
1786 7777 211
7421 8834 99
34 849 967
2214 9279 455
2196 8235 127
1721 7465 103
5547 5693 177
2768 8522 772
2904 2623 223
4453 7753 814
4885 9794 494
1724 8976 692
3393 263 662
4971 4771 345
9301 5680 716
6573 5751 983
7634 3724 52
3783 3317 139
7206 9292 810
1488 923 167
1390 885 190
2371 8014 316
8639 3931 213
820 7244 643
9910 2450 704
2549 258 915
2132 7509 691
2089 5707 950
1106 1300 530
3638 9007 556
2335 8551 447
7260 3600 192
354 7184 264
7140 717 11
9343 8377 574
610 7439 92
759 3733 582
2714 3740 615
2384 7842 720
4307 8284 626
1629 4074 371
5135 6298 770
6044 969 642
2601 2764 382
2139 7403 444
8365 612 312
2307 8334 267
4218 1341 536
1933 5893 428
3475 143 471
422 6360 933
3234 4184 278
5825 6272 842
558 4662 711
8522 1552 909
357 5733 15
688 4381 419
5203 3957 658
3882 5822 382
4692 1102 162
1790 4897 592
320 2294 565
1308 1940 338
6413 4776 103
7013 8369 538
3684 1500 488
3321 2488 122
2120 3663 924
8351 3294 300
4940 6478 651
1606 4581 119
6944 8369 507
2978 4307 290
1376 9958 330
1560 3892 953
1535 8588 105
1584 5901 712
7086 8585 403
1239 1319 863
2462 1388 939
3038 7051 293
2246 552 533
2721 7367 63
7804 3983 748
772 2487 601
965 7320 43
5761 2207 569
6028 3643 866
8870 5811 892
6581 7486 681
7633 777 230
4580 6754 963
6018 8071 848
3029 7055 574
7789 3207 70
4835 931 42
3611 4202 456
9286 134 556
4009 6101 657
2802 2213 663
4644 336 451
1239 5574 101
1429 6910 181
7759 9343 142
8272 7780 419
4577 5714 350
2815 5596 137
9895 8618 398
8696 6662 866
3509 4442 240
6570 8420 801
8530 6650 949
5246 7814 535
8629 5209 53
7261 5264 690
6452 6666 979
4001 5265 676
1777 6636 944
1502 1503 407
8081 3735 260
7377 860 875
771 7620 392
2271 5820 237
3632 1599 194
2469 3200 818
6941 7871 566
7096 4363 731
3140 5867 954
2426 5813 908
7090 5155 342
9527 7737 502
3575 2585 470
1039 4610 745
6210 2428 339
1461 2276 138
5704 3391 164
9262 9972 824
4282 8440 254
666 8712 180
2839 1948 13
8332 9692 618
7307 9904 937
6772 7100 192
2591 1200 160
1587 5358 506
8682 8825 863
1586 1373 198
3155 3807 120
3935 9448 51
5081 9226 70
3815 8729 833
6940 6545 788
5096 9137 514
3845 1792 840
1693 4463 602
7522 3197 214
9407 8994 638
1759 832 550
9783 1094 994
1050 3926 79
7244 8121 708
4991 2988 918
5771 3211 710
2543 5669 953
7446 6044 975
5590 4409 303
1006 111 271
9908 472 964
1972 154 263
2018 5359 947
353 400 34
9321 2907 149
467 7945 456
9288 8194 628
4476 4039 572
4987 2422 996
4903 2348 253
9373 4000 971
5482 4307 546
1218 1143 6
8583 4515 326
7494 5979 101
3237 7925 71
7670 8688 483
2420 6808 416
2786 9784 943
1411 8587 30
177 6035 600
217 1575 451
1092 9065 788
560 1072 418
8459 5532 488
8888 7070 601
4565 7944 460
4716 3940 843
1602 2048 703
9972 1974 708
714 388 951
3527 760 515
1369 1092 839
1162 1392 193
5762 1583 435
9356 1726 153
8243 1679 455
1893 6244 715
4787 4040 243
6476 7903 758
2400 1012 481
2930 5238 450
9653 1222 793
7580 5516 894
6663 1338 219
3840 5658 805
9536 6518 741
1696 6809 768
9973 94 368
8475 5530 116
6562 6503 334
4712 136 496
6549 7067 608
6170 6 483
308 3362 873
1067 1186 683
7137 8887 390
1383 2396 491
2141 8383 88
6115 6939 196
1976 6465 992
7070 4376 362
215 741 965
4954 4855 695
4032 1833 381
329 2237 229
8241 1809 367
1234 3816 731
607 912 562
2827 9588 277
277 8139 965
9258 1034 525
4453 5441 166
8747 1510 999
4923 3332 849
4287 4816 674
9308 6752 23
7954 4405 943
3486 6436 486
3584 2320 388
3730 1233 604
8359 6288 847
6126 4738 213
2662 9421 408
5382 4635 709
890 2455 268
1445 7092 349
2642 4772 822
9027 8269 288
7488 3787 745
2191 1625 794
5801 2057 34
7609 3361 78
6782 9866 591
1092 1813 352
2605 8403 449
946 4288 781
4472 9497 149
328 8620 336
8397 7862 464
2899 182 319
3068 2083 28
2293 2690 538
6239 4992 465
2641 263 275
330 9666 197
2567 5521 835
860 2086 518
5528 3904 363
4293 9692 206
2760 8363 89
4684 6144 283
694 354 414
6976 2784 465
3342 6867 493
5171 1282 750
3677 6780 591
5890 4497 119
8306 4054 857
779 4381 522
712 5736 287
4235 8563 893
2242 6271 210
2916 1974 659
6238 4104 430
5035 2468 669
7642 1451 144
3497 4933 75
9797 1665 832
4560 2076 727
3182 2488 804
2723 657 550
2633 8760 485
304 776 241
204 8629 425
4995 6090 290
3102 3340 793
5463 6468 572
6416 870 623
2027 2807 331
1650 6243 239
1346 631 600
3607 5365 556
477 8114 158
23 89 391
6892 2516 58
7593 3153 956
9928 4465 403
2224 1237 160
9497 9118 660
3057 2321 987
672 9014 287
3418 9422 786
4624 8460 389
2431 4344 144
1612 9433 577
1085 9758 203
8414 3614 874
2528 9007 861
7109 4421 221
3987 4948 621
5832 8830 828
8876 702 109
477 4592 623
1112 7311 341
4575 1819 427
8977 8396 884
8333 1552 833
7683 7545 608
7898 2466 507
3982 4809 421
2435 2523 521
8868 9681 258
5488 974 214
2339 7546 457
8907 5581 371
8287 2541 655
485 4002 874
6408 6212 796
701 5007 54
72 2672 533
3463 1173 362
699 5931 660
1671 9654 277
5776 8008 858
3160 7310 618
5949 220 277
7659 5547 796
7471 10 531
4781 6608 103
4015 2569 815
8779 521 421
483 2896 373
9496 5175 84
5930 3973 297
163 2125 122
7896 8963 615
3810 7076 412
3645 3168 962
7687 585 814
1800 4597 367
2892 9238 156
299 660 150
670 2377 694
2789 8754 780
2680 6346 679
3635 976 846
3774 6810 869
6693 5896 229
562 9556 856
2066 6549 75
1802 1783 127
62 4371 281
9124 8462 171
4599 3198 285
57 3734 5
8290 717 566
3082 4433 892
1365 628 463
9063 1491 59
3437 5317 766
962 2162 723
7663 6194 342
1841 4412 29
4732 5887 839
8264 7552 215
383 9829 986
9132 1309 456
6337 3772 946
2752 1979 866
7607 2856 731
4183 1613 303
3813 9530 623
1669 6615 989
4076 1327 832
9698 9113 500
6653 462 919
1232 2545 941
9472 3233 341
4110 2048 713
1088 1648 434
9740 4209 341
6064 7019 803
854 9263 247
520 7624 418
5705 5121 181
2653 8402 61
7341 5133 334
4408 2855 879
9135 5709 219
4767 183 432
5450 9578 150
8045 1992 477
597 1165 720
4631 8209 570
8256 8180 820
8520 9303 908
3585 7887 477
3651 6455 502
2514 3034 536
5275 3185 495
2338 7672 238
1560 8877 520
8646 6742 958
9490 2382 223
2491 8220 783
476 368 669
3032 9540 786
884 1501 928
5650 12 486
194 629 812
8643 3528 89
4730 7374 421
1066 5089 361
6345 5598 91
491 7519 845
3568 5109 712
2013 3766 193
1127 7325 979
3661 2484 785
9450 7500 61
4797 9739 534
5922 8622 318
4218 1111 517
1384 3273 144
9677 3607 620
1680 5679 347
5216 5898 155
1038 1841 299
1178 7437 445
208 1618 47
1515 1020 474
110 3884 869
319 4403 752
4568 8614 911
6060 57 626
935 2043 616
1288 8703 634
3872 3697 963
1960 3298 905
8002 2726 818
4486 6596 115
8976 978 621
4724 4393 68
5514 5658 943
4628 2044 412
70 5382 227
4959 3920 17
7884 9202 844
281 582 159
1883 1721 753
6079 5331 693
3376 6581 975
2286 1681 934
6582 5263 899
3311 4067 417
2871 400 534
4850 2426 496
1169 4402 617
1305 5317 281
1654 8277 29
7195 2947 233
2667 3742 996
7888 4587 422
1730 1171 125
6799 8133 248
8526 6491 817
1105 4865 203
8732 7943 849
3795 8199 638
3395 2346 500
1082 5626 479
479 6386 275
6947 2015 172
6290 834 223
2170 2540 539
1512 5164 583
3715 1482 382
847 4588 138
6283 6970 436
4870 6441 14
9555 4695 503
4081 3149 422
4124 7969 50
6322 4266 86
2554 4953 212
4949 84 125
6755 6486 304
9105 471 792
7884 9660 964
7219 1685 277
2035 8942 798
1608 8394 482
7597 2183 271
5631 836 61
3929 349 501
351 8351 766
8074 8388 806
8163 132 102
2620 916 242
9801 7290 267
4485 6172 282
6315 4161 862
1078 7365 103
2883 5497 739
9056 3399 81
6513 2716 794
493 2313 813
9900 7867 526
5885 2531 854
1499 3783 394
2566 2468 205
2484 5824 565
4006 9874 496
8018 834 514
1484 8375 968
297 6339 153
823 9529 317
5668 5412 590
6349 3703 909
8781 5812 349
131 4759 720
3389 797 781
5381 5724 658
2316 826 641
8775 6707 527
146 8795 434
5246 8829 102
1677 4584 49
1721 7641 121
8270 5898 495
9143 9946 878
4007 6142 582
3797 4806 752
7424 5952 883
403 9418 102
2502 6163 331
3032 819 42
1317 3417 302
7829 4503 786
8030 753 251
4669 879 573
4066 1424 738
4154 9047 700
4176 7745 594
8455 7296 723
8518 8271 349
1543 3740 144
1947 6359 73
5519 8107 668
5374 8696 989
9972 2190 925
6085 145 550
8064 113 3
2232 6516 378
3480 1064 238
4298 4747 19
6929 3565 59
2012 5867 875
3526 5073 50
9668 4262 910
8739 5773 666
2008 7188 906
8904 7372 672
316 8330 337
3675 5613 926
2427 1343 194
3594 5522 542
417 2488 155
5136 7914 566
2437 8464 971
314 9118 474
662 2420 375
632 6006 748
9806 5550 18
5773 3706 498
7185 2290 412
7312 7239 313
8772 460 503
9077 473 929
865 8432 805
2106 9941 840
9913 6967 961
3281 5717 554
8992 4116 722
8811 7220 598
2971 5121 805
2628 9577 961
3786 9878 31
5924 9135 922
5174 5420 624
5466 9730 207
2077 3168 732
2480 1766 689
2600 7834 577
8760 7826 230
7873 3765 909
7567 5594 309
1780 3540 139
2963 2245 758
5962 7199 226
2290 1270 247
5514 2121 585
9939 8152 782
4428 2013 578
4776 5648 208
6420 7625 26
7161 6278 982
2543 6476 780
104 5697 168
340 3905 344
1325 9733 259
8516 2740 374
9246 2545 568
8813 681 556
3548 9185 731
966 837 642
6314 2215 370
6591 1628 589
1585 5096 140
580 9251 158
2199 2512 563
1096 5943 489
6611 9047 943
446 9551 419
8649 318 286
8871 1477 2
799 7923 818
3231 7368 505
2122 2771 173
2386 1945 469
9670 7290 54
7802 5489 81
6534 7646 451
7947 7388 648
3929 43 965
6137 916 603
2372 3029 788
3599 5929 427
1364 6659 968
9538 7014 137
1479 532 40
6544 8311 264
2456 8057 191
8234 12 172
9877 7222 53
819 9879 693
7517 2029 897
4799 350 534
5175 1410 957
2444 7022 513
3271 669 510
2961 6442 175
9858 6584 127
4921 1043 222
279 2104 826
1809 5820 252
3605 2459 865
5245 2188 935
1268 728 820
4812 5675 166
1027 6193 877
366 5 274
7115 121 7
4554 9478 703
2258 2906 90
5505 1538 992
6436 6911 632
1699 7664 331
7428 702 711
4709 6631 291
4742 344 312
8482 4778 212
3973 8714 459
4605 7653 679
798 9501 436
6301 4288 422
2902 764 423
9426 6951 932
3547 2047 995
8771 1318 141
5113 8525 79
5481 2093 155
301 5791 87
8311 1106 227
2814 8030 918
1009 2216 983
334 8047 694
9756 4076 799
524 2167 73
673 8311 455
6113 5752 738
8450 230 531
3938 8701 15
2751 7361 353
7545 4108 392
4160 8214 989
6208 7554 926
2324 5042 705
5772 5629 45
2739 267 401
8225 9473 360
5102 1018 331
6969 5661 71
7943 7566 109
9707 5690 31
1814 1876 725
7143 4568 522
867 7383 645
8730 2059 198
9044 7716 241
7776 2639 401
2186 404 351
2665 6384 234
3487 2532 114
3916 9175 79
8655 7909 826
5410 1788 936
2938 7775 805
2258 4386 357
3369 7818 307
3239 5289 944
779 6927 593
2668 1724 662
7384 5888 841
2016 1389 337
6862 4931 379
9289 9912 489
2822 4905 123
5783 5038 726
9835 5413 363
7177 9516 286
9986 5579 894
3474 5639 584
3811 2731 899
5492 3771 572
281 107 683
5921 3243 373
2753 7962 402
906 5747 634
7494 9963 264
9272 4411 362
6062 2035 764
9650 7270 67
2604 5665 38
7790 7987 764
1541 6600 245
6124 5980 743
6194 3129 11
1798 6585 108
3498 3919 126
1001 8697 127
5518 3005 473
7933 2313 516
181 6618 479
734 9355 336
9493 3586 864
5156 6378 292
931 7062 894
147 3800 851
2227 2454 432
7968 678 105
2302 3361 871
5586 8341 91
1574 3769 113
8927 4825 159
7388 528 292
3838 1434 880
1648 9593 774
509 3335 485
8678 3330 431
9505 3669 307
9149 7698 232
2408 5988 826
6091 3198 518
9162 2236 610
9681 2085 287
2800 6510 255
5860 8531 198
7557 6119 526
4998 823 191
6562 3869 292
1929 7505 796
3132 1389 586
2869 5292 977
3142 6670 374
164 4707 192
7039 5806 86
67 4805 271
1990 9581 256
2405 447 155
5071 2097 229
6158 3463 996
4865 4434 456
9590 1104 851
97 3856 314
281 2781 35
9073 8142 253
528 8291 140
6080 5473 25
3684 4608 136
953 2565 71
2606 2433 786
6210 2022 429
7904 5109 868
7522 446 663
8416 4076 157
5151 6664 453
258 4343 405
9591 1465 673
2724 5756 644
5775 3183 156
9317 2822 605
8559 7184 270
6688 2203 533
5763 1237 752
7573 8960 178
826 8130 717
6547 4479 372
9702 1917 130
3497 8799 30
2655 2397 532
716 9672 986
1253 2270 415
8353 1922 344
9236 6442 715
7163 2362 257
9500 4260 397
6289 3871 700
4367 493 266
2680 556 21
2370 1081 82
4590 664 270
2620 4941 987
3153 2929 773
2294 7104 776
1543 4492 557
2735 5233 641
9848 5429 514
8699 5283 221
501 4049 142
3484 5308 226
4012 5516 743
8034 7213 322
8037 9808 326
5380 27 755
5446 2343 467
3782 7083 680
5574 753 956
6994 2172 219
744 3496 219
2077 6047 803
2655 904 710
6022 2785 818
8977 8904 691
1965 3541 401
1875 4288 452
657 8710 666
548 9589 527
2284 6970 436
9960 1606 443
9537 5040 757
2507 3137 149
5099 745 320
5284 2968 363
7695 6343 328
7302 9513 182
4885 5497 245
4185 4223 50
438 517 456
2569 7602 525
9732 1188 272
7603 4201 466
6614 5135 204
8900 5482 215
1285 233 759
1920 3003 257
3353 756 387
5092 9069 668
8157 7828 163
1072 4343 568
5541 3380 166
9771 8053 117
1674 4700 794
6749 9770 943
9699 6963 808
2284 7431 679
8254 1806 684
2508 8409 279
9359 7887 868
874 1211 895
5560 3081 109
7989 1099 968
5280 8734 679
9586 812 614
1045 2554 285
6015 6425 813
1785 2827 504
9334 2849 63
1879 233 83
5664 453 628
8992 8562 732
1819 8826 839
1492 9236 8
4245 5801 562
9005 2683 205
7701 3134 804
1105 714 859
4669 1409 135
3079 2148 269
6194 6947 778
399 746 960
4827 3098 326
1020 3746 623
3477 415 314
166 4670 678
2395 4587 961
2799 2170 55
2180 5198 996
7249 259 263
8132 7364 234
5158 3563 427
2101 5460 79
1674 1210 218
16 6310 581
3795 6782 984
1012 5172 447
1990 5732 720
2520 99 772
2850 7857 769
4664 9569 790
4259 8025 659
2148 2647 243
2723 4353 20
983 5221 206
2225 5418 29
6897 8470 830
5802 7094 607
8023 3616 279
8302 9113 598
1860 2872 64
1125 9076 363
1303 131 148
8101 8709 335
3087 1777 917
4797 5439 734
1774 2652 778
1689 8122 383
849 5092 362
5937 3902 111
9426 8964 868
2158 9385 107
3811 2859 172
8526 7203 293
8252 8230 361
7128 3653 218
320 671 415
8786 8186 480
7562 2930 16
263 8494 641
7094 4446 769
1202 4001 388
3237 3346 461
1011 4801 228
2747 6350 838
3001 9432 802
2661 5260 20
6260 1327 437
5825 8763 349
36 2154 632
5841 4649 126
612 9565 841
941 3016 443
28 7434 627
4956 660 2
6631 9117 56
5892 7605 782
8899 6961 419
173 1734 502
9003 7515 189
9079 7101 45
161 6983 152
3998 3377 389
8429 3578 455
6705 1828 702
6752 2144 891
4487 2459 44
5355 6385 150
591 1998 905
9925 201 207
9228 8685 168
9808 5728 337
4752 690 156
5042 6772 936
3364 1052 499
5277 1240 862
1214 2111 262
4394 833 484
4204 6998 615
6772 3082 842
6779 8463 184
8787 6285 513
7196 1616 698
7162 5423 339
5072 779 40
9362 5839 182
2600 159 203
1901 504 628
1538 9198 576
4931 5297 678
2554 9973 268
2867 6215 265
7621 4206 504
1863 8957 49
2319 974 833
3125 4526 283
2230 2600 112
7779 7432 565
495 9818 688
9483 134 405
4388 3115 848
8389 1107 132
2449 6621 321
4041 6852 526
9840 3142 892
7689 784 71
8958 6597 280
1594 1703 825
3173 2101 426
5740 9378 171
6645 1915 433
6411 709 820
2073 7977 614
8096 857 329
3727 6941 299
9546 4790 661
6517 8408 920
4673 2236 308
1668 907 561
5903 4241 290
4881 7636 404
2391 1000 286
7327 4576 653
5435 6806 666
7188 8847 299
9564 1160 139
29 6642 343
1088 9517 535
1291 431 369
4671 5685 362
4332 716 877
6800 4845 31
2679 2925 647
4089 208 616
5649 1579 834
762 2415 203
2189 4115 689
9279 3598 991
1227 1559 508
9729 6997 430
7192 727 75
4617 9685 126
7463 8308 89
9439 8757 449
9506 178 136
5282 804 938
9907 1785 26
3514 6683 798
2180 8694 283
241 2824 981
1576 7536 219
3941 1758 19
3497 927 586
3126 332 100
4034 2559 954
5785 3857 264
8666 5703 360
4359 5952 383
4753 4853 239
4932 5901 428
4118 3040 498
77 5230 180
9653 1528 219
1522 4142 428
6609 877 996
1210 3368 484
3702 5213 707
10 4732 93
5422 7314 245
6141 7415 673
6978 2857 143
844 2683 644
8176 1244 784
7337 1856 311
8891 2360 71
665 2916 315
3438 9331 693
1089 9544 506
3040 3275 765
4515 9333 558
1909 4974 624
1848 2058 336
5419 7030 265
1862 7320 61
4291 1238 657
6872 1430 520
9515 6906 793
2694 8384 588
2049 8304 676
3313 6717 434
5027 6271 712
1658 2169 145
3664 2309 362
7299 9035 225
179 5670 114
7560 3632 581
6424 6963 960
4367 9172 485
3461 5374 348
7906 5553 198
1421 6136 934
1418 3537 173
1388 2308 169
8561 2464 787
6739 4685 730
1714 9789 844
4072 911 43
2673 3402 737
3717 4929 910
1382 9596 514
493 5579 894
2157 2957 405
4656 9432 808
6784 8188 974
5509 1494 428
3291 790 634
9653 435 602
5718 7071 258
6211 2106 516
6330 7850 517
7503 3488 609
9456 5095 183
4138 2841 364
7738 1335 374
2210 1508 650
1996 1939 250
9693 9758 218
5755 5372 665
2549 7255 434
7984 9994 766
2697 3955 270
6650 5622 949
3089 5376 580
3374 6214 859
9696 1534 362
7898 333 300
2603 930 153
8766 8403 774
3671 4850 308
6895 4335 4
6751 631 699
8840 888 986
3539 3298 116
8511 4219 620
9549 6491 227
5536 485 424
3375 3687 306
700 400 690
233 4540 852
9639 7438 570
2161 8613 794
2092 1704 51
2606 8640 47
2863 9287 373
4591 2699 202
8491 7552 308
1986 4678 425
2173 3424 783
3116 7449 211
1107 7865 137
48 5600 378
9685 2003 702
3928 3510 463
6218 6820 587
9890 7825 528
930 4333 410
7207 8130 754
6333 1193 742
5662 7635 660
9316 874 381
6496 5719 812
9770 4361 675
4436 1483 347
6799 756 490
2441 839 854
4275 1766 442
7589 4961 944
5633 6477 835
9761 3186 676
7105 8912 683
8773 2042 591
8195 7354 255
1006 1158 18
9542 8609 79
6804 8919 782
4035 2979 211
9801 795 874
2551 2267 106
90 1715 272
960 8681 735
2664 2830 29
1080 4368 643
1394 1928 122
8599 9624 60
6122 6174 720
7130 1091 551
4008 2130 33
2589 1421 516
4824 8421 865
5506 1933 561
7686 232 692
4621 9706 801
8874 7416 139
6588 499 46
2460 4999 431
3715 5640 442
4136 274 326
8143 2391 623
9950 3120 783
570 252 362
1858 7453 954
3297 7452 807
7971 52 453
6067 1821 195
8146 3202 910
2398 8142 304
6955 8335 133
3286 3652 834
7937 9971 436
3556 9761 432
3568 9442 686
9372 9238 724
8920 7030 936
1762 1817 417
6465 3941 287
5357 5535 305
4696 7507 81
8753 8746 17
6955 4940 801
9207 8416 711
1820 241 312
3987 5889 22
3386 5768 216
2976 7355 634
8046 4493 815
411 9827 917
4767 8385 670
397 460 265
2855 3484 771
4668 3173 340
9682 865 705
2579 8617 548
6075 1842 197
6150 9980 526
7081 3684 748
1357 478 580
8420 4179 677
1309 4630 86
7322 1438 556
1359 2579 74
6383 954 816
6763 5449 455
3262 2685 148
3546 6799 980
2532 7143 685
7240 9131 275
1479 8192 636
3791 1746 829
9818 7118 387
2697 7393 433
2964 8759 285
2297 893 76
1994 157 197
38 5612 44
3809 6300 873
8645 69 175
6003 5549 473
7616 7793 289
1861 242 769
5540 3704 464
2895 8316 221
3634 4873 888
2775 5868 734
8164 7711 96
804 1289 635
8614 3289 502
3617 6672 772
3452 2069 379
5661 7792 551
2155 1618 906
4040 7789 36
6038 982 155
6202 1288 351
2436 2044 542
3803 9354 122
9201 7708 48
4213 1771 514
228 6142 223
3898 9009 223
7542 2983 952
2567 5270 956
2184 242 984
2825 1323 159
2953 9068 235
283 3473 113
8853 103 667
2949 9964 830
4628 3424 881
1186 5376 153
7891 7143 433
2502 1633 183
4657 6804 87
9687 4122 196
8985 7466 915
1559 1881 725
7030 9155 711
2579 8616 374
5882 7002 905
6114 5218 38
5157 8282 871
7604 946 556
9439 9098 595
6191 1332 693
1076 4951 997
442 9174 319
6919 7857 869
8078 5362 751
9945 2950 480
8579 5482 761
5900 7436 319
1988 8496 704
3449 7768 689
8776 7347 982
983 8866 821
5587 7295 239
2930 565 123
1687 9766 749
7014 345 516
2205 2672 856
5430 2948 137
5714 5582 535
1467 1754 125
939 5016 281
6683 5832 494
5960 3454 776
1592 4609 190
1304 4896 367
3152 5598 953
995 9001 924
1994 6345 638
6900 9679 506
4402 5445 650
9282 352 204
7363 3509 105
1958 1019 478
8959 3293 215
8600 5163 337
7099 4033 45
1 781 628
1738 915 444
4773 2650 480
3593 9578 275
2491 372 568
7088 8412 450
5188 3854 759
7869 9372 368
4090 2733 629
3561 3184 990
4037 1811 743
6338 3771 869
9313 9184 318
7058 729 252
9228 2896 476
1890 7269 878
746 5309 646
2906 1500 589
42 8673 529
4793 4710 600
1924 8056 947
9243 3480 614
3786 2740 671
4301 9371 646
6559 4578 119
1466 4526 618
4095 5922 335
7053 3276 508
6933 3578 640
914 5840 587
9388 7696 430
409 1780 949
4507 7075 96
3965 172 348
7540 2549 289
9571 7283 921
5721 6134 135
5540 9946 337
6068 4878 65
3236 6230 786
9431 6155 111
1304 1061 394
766 9424 65
2800 7029 361
4953 9267 649
1489 9879 237
9511 4701 470
6014 5997 403
988 1593 847
6966 1929 587
8628 5338 815
7778 2624 617
7970 3978 354
9518 7497 878
7905 783 710
7933 4202 304
6698 2434 501
8982 3901 688
2738 6304 277
2102 3270 997
6884 120 562
7970 6215 351
733 4795 564
362 3441 197
324 3708 948
7289 8394 447
4456 4259 522
9793 12 675
469 7822 92
7387 9500 151
6591 8395 243
2482 9512 970
960 3010 920
502 6812 904
8137 86 938
6538 446 973
9981 8771 113
9433 1767 27
1869 5197 887
1240 7549 452
4522 2644 132
7624 2645 18
175 7746 786
508 9655 906
1402 4126 772
1393 8906 856
2287 5364 472
4096 7326 28
2720 1622 262
4700 9354 156
4275 1651 614
4726 7580 115
9451 3998 925
6057 9068 604
9780 5142 581
1012 5888 677
1668 8767 423
5798 659 774
1464 8362 613
4380 9216 840
4631 788 424
9952 6921 620
3918 270 349
9856 9355 784
7359 2906 502
7851 3853 936
2479 6620 841
7382 4638 811
1589 6854 109
5876 1551 949
8051 9241 269
2744 1595 282
5226 1398 500
1527 5514 720
7042 1695 82
6030 6325 178
3283 508 520
9324 8913 893
2317 442 567
1775 5295 666
8278 216 455
9798 5773 558
7836 850 258
9605 6741 295
9682 4644 8
910 7302 441
121 7001 423
6959 9899 942
6547 37 210
8701 2224 209
9036 3108 945
5917 4485 609
3511 6464 946
9288 3081 400
4425 5950 543
4614 8727 133
27 5146 289
5168 6849 218
1256 2282 48
4861 2830 634
7145 3221 798
4538 2648 564
723 4040 34
85 3407 580
5238 7719 864
7675 3646 542
1654 7260 368
8162 7903 801
3159 5676 446
3736 824 958
5362 8490 10
8802 259 107
5285 1518 355
6732 3758 278
914 4294 74
5578 3274 320
4498 2034 692
1466 7613 888
1795 3754 516
6117 8007 119
6762 2230 749
4789 7450 640
1549 2088 998
8378 2931 989
4285 8522 379
189 8180 538
8167 8771 928
2092 6195 888
6923 3196 163
6620 4030 253
6459 6296 86
9895 1302 18
4194 8120 243
7873 9499 592
69 1922 308
2297 9394 306
7717 3934 655
7421 3723 179
9266 4942 634
9342 5040 727
9677 8261 768
6556 6197 712
9703 8171 921
8016 4437 742
2213 1920 448
1381 246 939
1071 3877 788
3951 6146 94
6529 6688 921
6468 4953 591
6826 6675 619
9708 3887 769
2367 9754 391
742 3640 35
5139 3791 436
2667 8116 412
7073 5017 667
8950 2370 547
2721 4421 946
938 3160 657
1497 5750 681
4264 9341 859
8448 7695 43
8636 4477 428
6614 7878 573
4307 3103 681
9952 336 21
7258 7724 461
9615 3764 682
4 5368 641
7967 2287 57
1708 1438 565
590 1904 299
8448 9314 518
5603 7733 132
5571 1179 396
8558 1352 670
1977 5115 550
5931 4697 314
7418 3542 409
4744 741 238
2324 5298 663
3687 9387 667
9501 1273 490
1675 1177 8
5593 2737 673
9845 9280 786
2154 45 126
3867 9014 961
604 5131 635
1038 6477 980
7575 3853 785
6524 7361 926
2506 3063 162
416 8710 495
3091 1532 215
3998 6600 211
9304 9947 638
6221 9081 580
625 7700 708
8907 625 576
9784 76 942
1444 5574 446
4322 6177 506
4896 4629 922
6044 6549 663
8079 544 811
6465 5598 699
9305 2829 174
1872 119 127
1486 8890 122
8372 7326 642
5520 3035 20
2482 8416 912
5602 635 238
576 2269 852
6790 1994 153
9029 3023 843
5772 51 299
7133 5176 36
1299 4121 637
1685 1431 402
9127 8098 823
7276 8107 887
4732 5045 887
6412 1186 835
8387 3078 42
6038 5323 316
7811 1703 486
1526 4777 968
8404 5845 265
9670 5923 983
1827 4861 810
3474 9521 947
3450 9819 23
3176 8626 631
5164 1164 115
5785 9768 826
291 7861 70
707 3941 485
460 1830 560
2307 4416 998
9327 1790 246
6133 6881 56
8175 2328 474
9127 5100 306
1170 1514 547
8557 9044 159
3609 4630 58
7554 4025 449
319 9104 12
6526 4717 397
6177 2794 512
7467 7263 912
8371 3101 369
321 5817 315
8177 8282 543
7862 8808 861
1216 3270 76
6107 689 553
1387 9449 254
3911 1664 872
780 668 996
1137 128 494
2862 3744 912
5672 4478 64
6105 3239 342
1192 3529 370
1370 3389 654
1775 1858 152
150 7755 661
4385 8056 858
128 6300 947
8569 7344 803
5574 239 668
6948 2504 267
8367 1317 409
410 1628 509
2048 6544 754
5148 1062 217
3514 6741 706
5560 1607 171
7559 3712 454
7251 3556 585
9950 5265 394
9190 7945 389
7675 4884 459
3070 2480 621
4403 5175 84
3854 8431 538
6128 494 13
4395 1686 104
3776 8342 738
8130 7400 476
5773 8711 101
3385 8116 650
8596 4241 89
565 8667 477
1592 6624 746
984 8685 45
9202 5424 220
5156 6731 713
4785 4491 977
4131 7089 120
830 2807 832
2138 4574 493
252 8117 702
6763 3706 12
4694 9849 696
5987 841 808
8035 4293 355
9828 1690 572
1683 9071 530
8096 9041 233
556 4346 249
4853 8564 97
5936 5077 226
2365 5982 216
9622 7505 37
7963 9192 166
282 3526 614
4814 9969 704
4874 2998 525
8926 3283 264
7593 2968 995
9056 8104 300
8864 253 780
2552 7751 130
2797 4714 230
222 7680 986
7696 1201 66
2098 7271 560
5149 4700 20
5810 2091 509
5003 6380 280
7121 8550 617
7181 7615 230
4078 4721 798
7913 4198 915
2912 4752 682
398 2782 808
2555 3836 260
916 1218 22
5391 4361 504
4314 3132 946
1489 4239 170
3509 8519 741
107 7525 12
7632 6319 553
4008 8743 10
8781 1836 992
9679 1576 741
2638 829 294
5213 7973 513
343 6695 77
1883 736 218
3933 1221 912
1368 9850 330
8141 695 945
8084 2496 583
1329 8753 974
4605 4517 862
2264 9695 160
2700 9982 473
4177 4730 632
2352 1130 467
829 2390 779
6610 7247 661
4820 9451 606
3342 1043 756
1476 2604 899
7964 817 485
590 8282 817
1705 5499 777
1690 1662 835
7939 2570 563
8633 6291 281
1028 8057 832
3450 6941 531
2415 5744 67
5943 6391 215
4335 3546 11
3400 6636 314
1747 1929 411
7623 1509 892
2948 4403 891
5487 7304 387
684 7444 501
230 4311 442
5714 805 708
4747 556 76
2742 1415 928
2777 5807 642
3257 9586 530
5977 6340 675
1727 1195 698
360 2338 693
2135 832 677
7038 1073 323
6399 6357 530
2109 5669 871
5698 4203 488
6694 7886 269
3111 9062 517
557 5062 90
373 6208 967
5038 5090 514
6888 5414 503
119 3918 847
8816 4919 377
244 4598 545
3639 2205 884
875 6005 419
7835 4273 923
3710 1321 172
1008 1538 743
6877 6918 695
2730 3091 382
8857 3745 201
5831 8792 1
1323 1220 440
8710 4626 44
5203 5476 365
9830 3637 285
2283 6091 305
843 2399 118
651 1335 283
3970 4501 499
712 6588 445
4014 4741 689
6551 7174 398
832 1887 314
6735 8851 386
3104 9505 426
2150 3333 899
2008 3095 227
229 682 363
392 2898 670
3160 7781 652
9432 4820 115
8044 7235 710
2077 497 510
9355 9674 200
5340 5107 137
5382 9185 669
7731 5827 377
9160 2123 143
2075 1132 273
8601 9799 208
9927 813 772
9069 9211 285
1365 2147 263
7764 9781 755
1245 3223 336
6316 679 877
3195 6658 46
3248 5679 716
9913 948 138
2629 1921 912
2223 5477 26
5819 927 728
5581 6353 448
2576 3948 366
7565 5447 764
4642 2974 31
1570 1357 241
2029 9272 452
5241 8507 719
4173 2174 437
8937 760 581
1935 9439 551
8842 8317 624
2703 5467 75
3155 1263 478
6310 159 705
470 1867 153
4287 7730 374
3215 1367 167
5645 3163 674
2879 430 273
6481 8129 846
9492 6217 691
7572 2861 969
4414 5790 878
905 65 370
174 5069 281
3039 9278 314
5535 8037 108
97 5873 74
2605 6794 878
3855 5769 514
2364 611 785
4744 3813 678
3164 5724 130
6464 843 529
7565 5938 441
29 4477 829
7759 5415 222
7811 9231 384
320 4571 911
7133 3722 248
8080 6012 629
8156 9352 620
1701 6265 293
2650 6462 904
2283 9402 611
9470 1711 523
8909 9116 149
9821 6753 934
3287 7847 547
5510 3679 620
7427 289 56
5230 4045 546
9799 2591 317
6950 5359 67
106 5520 398
7810 6530 638
3858 9660 734
7844 5040 789
4552 5399 566
1044 9370 564
4479 1671 401
7410 4823 601
1042 1142 400
5655 7012 798
7364 9471 534
1551 2427 65
2346 634 104
890 8426 325
687 8135 434
9343 8242 640
1686 5310 149
5725 1749 492
9702 8661 134
1670 4697 140
2370 9087 122
228 531 837
9276 1736 11
2795 2562 909
3000 7167 692
1626 7447 420
4612 474 166
3082 5266 247
270 1629 597
8889 3841 156
506 7863 832
4314 1642 653
4960 8050 423
183 5870 439
2159 9213 785
4114 5781 591
1263 4736 556
9795 8562 354
5141 7492 388
8134 2531 637
6297 7526 613
6895 5605 424
1980 1392 926
3158 7317 557
6730 6871 785
9008 7884 206
27 8917 19
2073 2842 954
5171 5661 824
1205 8760 767
1650 1435 112
7702 7769 869
8521 5576 847
8805 4915 34
1838 9731 95
3076 8606 609
9249 1083 166
1213 8777 969
893 8248 368
9138 4633 458
969 3737 448
8680 9046 275
229 2905 573
5145 4309 358
2426 2076 210
7136 862 20
3680 5270 376
7218 2742 110
2764 4870 415
3844 2769 755
4857 5274 760
2002 1078 183
329 1133 290
8682 7984 725
2316 2920 496
285 7553 229
8854 353 484
6120 4538 913
6730 4569 665
1514 8302 319
7375 5311 520
7773 7803 204
508 9158 43
8995 7680 369
1138 4587 173
6 1015 30
2794 6721 359
5473 2781 694
1086 6841 148
7502 5794 244
1803 5657 425
6438 9150 797
3468 5965 594
693 9811 183
4399 7693 347
7755 8536 69
2878 2741 830
4117 4826 694
5754 400 684
8971 6746 916
6694 228 750
1713 1007 368
9011 8975 282
7823 5847 53
7802 848 182
5871 3084 933
7949 2672 829
3916 293 945
4630 6846 938
8824 2541 869
709 3772 838
3242 8630 287
7985 397 870
5966 2470 833
1596 9374 262
1974 9735 679
7284 7809 75
2013 7157 417
87 8988 75
6907 6758 956
1640 705 565
2357 1321 582
1285 6517 536
1421 232 215
3951 7731 58
967 5986 145
800 2380 276
519 2700 468
9157 7174 548
7822 7162 140
4455 2660 581
5941 3737 448
1239 9760 905
8480 915 936
8105 1661 269
1700 4798 784
7539 9242 90
9030 387 415
4422 3054 509
8713 5051 512
6050 2185 922
6441 205 411
1458 2612 80
1200 6571 131
1923 734 697
2030 5201 446
7275 3419 107
2279 6052 942
6265 2529 34
2963 1365 396
8477 7450 595
970 8178 746
8199 1546 161
1210 4261 846
6483 7364 366
9744 5488 74
4681 6816 296
4869 7113 337
640 8988 94
181 1144 722
8262 6182 674
5748 7813 335
4589 1129 795
2842 7548 322
7893 6323 193
6411 902 188
2229 6571 576
3642 788 9
8061 5329 772
2295 2683 68
6015 5804 976
1327 6458 76
8417 3336 413
9315 2769 627
8059 4587 249
4933 6372 449
8267 3659 106
8550 3443 973
336 3653 536
4765 6642 480
1767 1636 729
3088 1361 223
1685 2133 46
3013 1720 674
2210 4061 104
2437 4063 269
1581 1294 435
9046 6573 605
1236 1071 804
489 6897 222
9176 2487 778
3550 788 559
8587 2558 410
1101 4501 622
8007 4214 285
1904 4362 793
8697 68 965
2633 5232 603
9359 1584 138
5417 2016 846
2048 2877 39
2746 6077 923
8513 5377 133
388 8731 493
4813 4564 121
1583 5171 516
248 599 511
1280 3785 99
3026 7420 623
3823 7957 171
7844 6228 742
737 6630 716
9719 5313 880
8109 6255 65
1942 8772 870
2293 2496 371
3123 5553 915
1822 719 379
3964 2427 263
3416 8567 985
9734 9478 815
5242 8738 409
5087 1411 384
3034 3448 195
6522 8309 612
1730 3792 410
6986 277 709
9039 5483 759
1771 3980 5
9762 633 574
5357 9222 900
2696 8810 441
1876 9335 584
2104 2753 309
6435 7252 581
2672 2276 185
1628 8500 265
8403 9273 830
2879 7890 42
5450 531 423
4672 2248 898
2479 8351 866
5598 16 309
6250 730 786
2129 2114 639
7536 4857 539
3208 2206 585
2593 2658 262
6240 847 697
9790 301 839
5287 7603 994
621 3366 724
9608 2781 528
2032 2964 26
9405 5546 512
3872 749 174
7084 1892 950
124 31 475
8080 7005 345
2144 7335 523
3011 2178 137
8670 5225 709
5673 2180 422
5680 6843 728
6849 8599 225
6727 4367 689
5805 3471 312
5245 8784 825
1335 5072 330
3192 1100 538
394 2178 868
2715 9833 327
3068 7592 931
2096 6473 482
902 3217 516
5505 4309 162
1548 3420 967
6370 2901 780
7956 4685 719
8834 327 25
2098 3982 978
1403 6657 610
3175 8527 772
8718 6291 279
834 2861 416
4787 4062 344
2747 1010 842
1369 7514 992
4985 5443 986
641 3642 888
9344 342 706
27 8695 797
4392 3311 922
1253 5127 831
874 5026 272
2936 4986 365
430 9316 897
3152 2494 56
8615 8793 550
3312 6132 885
4181 2578 774
391 9140 520
5121 1057 788
1178 883 506
5007 6579 72
4888 3019 43
9796 9520 805
7453 5088 260
9378 681 23
8940 5820 301
4848 5864 418
464 5126 597
2625 2679 103
3598 9714 19
9522 4085 596
8370 9477 514
3932 4430 686
1227 8985 387
9152 8565 829
1964 5608 474
4633 8617 168
587 56 90
2035 4487 464
9015 6226 165
8436 4394 887
8735 2317 749
2185 9736 97
1401 8079 103
5780 3814 656
7020 2647 770
1130 7306 375
9604 9018 549
6496 2144 19
999 505 176
7274 1222 449
4544 2682 607
9746 4322 563
7713 9229 868
4289 9171 78
3031 8674 136
9257 3713 703
5061 3205 901
2135 2807 833
834 5416 474
6676 1105 71
9024 7177 691
2194 2494 931
3299 2949 630
8269 5031 746
96 6078 396
2244 1914 10
3858 7325 698
4596 4750 990
9137 3555 816
7216 7434 682
9116 8945 619
8205 2508 833
5060 4001 950
413 2926 323
7002 8003 182
2988 6407 911
6913 7491 254
5581 1354 867
7758 25 642
2382 4962 764
8735 306 816
3887 2312 276
2116 1893 144
7931 7917 532
2066 9654 645
3428 7908 400
1318 7491 950
906 9627 944
2804 1578 293
5950 1682 659
7824 8291 177
8341 949 234
9431 5598 385
7791 227 169
8134 1849 537
8222 2272 580
5626 3378 59
5231 6633 697
1923 2003 1
3137 6396 910
2875 8961 707
3615 5430 194
9556 987 559
76 333 526
5196 1548 907
8718 8620 452
5108 9837 98
1835 5085 189
3289 1927 68
5705 8769 497
633 9625 626
9256 593 438
1113 2281 275
5415 8609 469
3263 4988 812
9907 2602 153
6850 6623 663
9461 2489 995
1683 4619 342
2893 6672 880
9571 7153 941
9247 1602 209
7683 2354 944
330 4811 297
1213 9305 390
7183 4779 398
3957 9211 788
7015 9363 69
8610 5856 279
282 169 282
8326 7714 280
9914 5320 199
3024 4411 162
7000 1283 918
8772 1608 794
969 6148 473
7904 485 771
916 8250 533
2846 2933 907
3500 9824 906
1242 2478 302
6741 3943 666
8603 7875 607
614 8660 979
2204 9860 759
9131 1800 844
184 8871 403
2945 3908 796
8379 1312 506
6141 6236 550
1638 8259 521
6026 392 154
2713 307 988
1169 6317 35
9491 2170 344
7820 7274 83
3704 3170 130
4444 4669 329
6600 2115 40
112 5109 668
862 943 641
8076 8452 933
2532 5728 685
9813 6973 482
8218 5817 718
4644 6058 7
1655 7952 2
9419 8298 215
2966 8806 679
408 7888 694
8481 5379 152
1622 9817 63
8814 5135 410
9897 2292 470
7420 7182 327
7728 1621 290
8799 6172 764
2962 5445 456
3448 4719 197
1247 5505 644
7604 2673 357
8723 7956 683
6214 1730 869
7192 1930 139
4446 1112 27
4908 4220 537
2391 2117 202
147 9371 72
5346 5376 860
3454 2211 444
8342 3831 892
129 1153 33
9687 1926 248
5486 8209 665
7908 7127 626
1882 1553 270
1728 5171 742
7018 6305 541
2307 6748 272
668 7958 962
1191 5893 983
8481 5479 71
341 4000 708
6768 7935 315
7612 7505 680
5117 256 701
357 3378 476
7950 7529 12
4252 1273 467
7188 3280 978
918 5211 266
1475 8586 538
117 201 233
1199 248 400
8588 5168 715
9361 5262 717
4170 6568 401
7081 5575 658
3896 1465 364
3575 1349 329
4754 189 365
5755 2436 309
5144 9985 815
3618 1965 789
8950 94 117
8967 1881 271
7886 6191 301
6563 5708 731
1466 5008 899
1635 5137 991
4048 9843 333
4338 1905 265
1644 6363 482
8775 9141 647
6817 4355 628
899 1804 902
491 509 233
9386 2532 775
7134 1880 77
3639 42 592
170 3842 492
4441 913 859
6059 1764 170
6150 8022 900
8918 2242 285
3529 1202 174
9455 4902 724
7739 9965 271
613 603 903
3887 6359 120
1582 2065 704
1295 2673 269
5184 2415 100
2701 2471 493
486 3016 459
7050 2081 367
3537 5359 16
2863 3778 87
3196 5934 936
2295 2535 313
8288 1177 221
6437 6690 295
2183 6973 87
5062 9746 804
7179 6224 960
5587 4403 183
4670 3509 833
8439 2725 953
1109 75 252
119 4838 339
3918 455 865
8772 112 374
9185 3329 446
5242 4129 89
7935 1761 262
5792 2366 277
1647 2146 658
2714 1001 405
3192 1307 734
1919 5679 618
7991 4072 4
6646 8882 721
8624 8962 117
1733 9255 196
4531 1871 49
6075 2166 188
3223 8789 343
6370 7174 631
3826 5633 856
1102 5621 529
8468 3646 778
3373 7114 657
9386 2839 339
6411 6125 83
160 227 80
6320 6690 604
8910 8412 114
7260 1434 751
3491 7261 963
740 1220 178
1601 8211 58
1772 3919 434
6094 7527 682
2334 7059 510
4953 7804 154
5230 582 204
5673 9626 452
2313 457 866
6120 9346 167
1721 9781 421
6158 951 459
6500 7643 149
9848 1992 697
1799 8402 342
8262 8710 755
6399 6222 303
5333 2756 30
7470 2392 50
5267 5519 395
6370 4676 486
3983 1916 837
5501 9306 557
94 5350 331
2094 8204 986
2129 9695 950
5274 6856 612
1714 9580 726
9367 8009 120
1739 5559 160
8330 2272 735
8473 2915 218
3313 9793 716
3207 237 267
4770 3080 332
8261 1104 543
9386 265 889
4923 5036 120
2398 5337 358
6770 7447 373
7320 9280 453
2026 3818 925
9487 4238 941
8394 1683 321
6628 6698 688
2448 1843 350
905 2045 871
2105 3828 329
4806 7918 364
3069 1512 993
8909 3349 430
9443 3774 951
9618 8690 267
4738 5975 72
5763 297 674
1139 271 890
9378 6549 413
4059 1996 581
5484 3325 602
1494 1824 851
6005 1806 80
1596 4456 457
150 9135 831
9335 3743 519
4136 4628 516
4575 4784 94
8272 8343 161
1468 7083 336
5539 4717 366
4797 6953 63
2624 866 709
6017 2657 217
9351 571 941
923 1617 644
9219 9324 687
1924 310 82
6293 979 331
3079 8033 386
3412 1581 507
1825 1109 41
626 7904 46
2323 657 186
9456 5189 305
2255 2011 219
4761 7849 886
6770 8204 657
1176 5307 466
6427 7440 777
8609 9343 632
1825 533 593
5464 3762 469
6131 9944 454
4112 1785 412
2664 4360 654
9191 8878 278
9702 7290 112
2575 1123 188
1761 5494 588
5710 2294 49
1514 943 589
9712 997 302
8536 5179 455
8606 4282 963
6575 7583 665
8332 6977 586
2852 3809 331
2861 3783 1
5219 2152 677
4497 4223 143
8357 6362 373
5585 8952 300
1925 8848 882
1690 6188 362
5087 8792 922
1375 4625 883
494 8268 583
993 9152 152
87 8689 135
3381 7382 291
1917 9089 335
4562 5759 229
9483 481 481
678 4657 789
5938 970 407
2113 20 85
151 5919 311
2581 5764 94
7725 7067 503
463 6665 155
2693 4853 628
6485 5772 515
2345 1589 542
1368 9754 560
9428 1033 449
9232 103 902
1667 1593 187
2192 8666 301
1422 3072 899
3861 4615 924
5968 4258 682
9086 1302 459
4851 5093 865
4343 744 536
2510 5773 100
1064 1993 682
762 6757 185
1203 2159 764
6329 4012 299
816 6896 448
2953 4447 267
209 6980 590
865 6186 396
15 1424 908
1266 953 502
2558 6289 297
5978 2593 989
1744 340 34
289 9477 203
4265 8699 141
5461 8090 682
1024 5084 265
2707 5893 927
1500 640 9
5422 4740 771
3284 1699 972
714 7228 645
204 4723 855
7350 8328 817
7482 9487 581
3183 4327 19
1636 2613 423
3842 4955 313
5684 8847 583
8455 9419 627
8958 948 120
6515 3189 503
7666 3760 797
618 4240 182
4211 1016 12
2215 7520 567
4511 3744 358
7423 2189 261
772 9195 347
4897 3972 120
830 5640 259
3276 8213 816
1273 7194 194
7764 4850 890
2517 7716 932
8638 2306 322
8842 1226 596
6726 4112 739
2713 6660 951
84 2192 332
7627 2556 673
5891 4004 260
1548 1448 874
4960 1708 858
5116 7477 461
816 1859 538
3220 9736 810
6561 1342 36
9873 4055 396
2193 5995 962
461 4626 556
3323 5924 878
6591 2660 964
9709 62 388
8417 6376 315
1640 7009 794
7175 3748 851
4289 4962 691
1206 7961 970
8275 21 76
7607 2069 89
5698 6422 156
872 5231 924
9027 3533 110
2959 6931 72
6488 5671 901
5560 2714 490
5174 1373 109
3264 7065 875
6471 388 945
9844 891 532
9438 3405 452
6011 2663 580
8112 8109 170
24 5379 875
2992 8273 657
7144 6804 906
1016 7762 661
9812 1692 493
7386 5661 53
2692 1782 201
823 8714 893
1199 6473 689
1861 9192 816
6753 1920 59
692 2402 73
8861 6714 965
7149 3071 964
72 8396 664
2367 4857 383
572 2339 341
9613 8509 584
5601 9977 426
559 6249 174
5397 7934 735
6670 4265 441
6326 8854 523
2093 2567 526
1472 430 84
7505 7808 756
9603 9040 777
2481 8142 435
1959 2022 913
5562 6963 263
6531 8665 962
8428 8136 531
8655 1002 246
6656 8723 753
2886 8554 452
806 5886 756
132 9620 949
8900 7675 543
6790 9659 824
4282 9569 778
5156 5049 30
3039 9663 553
1308 2176 943
3663 2185 439
7006 5326 130
7871 2051 701
7149 6790 836
1016 3613 764
7291 6341 798
3795 2382 642
1994 239 740
2366 2132 407
2124 3469 338
1764 2768 464
4984 4570 226
8204 939 374
5238 9865 898
3191 9665 366
5052 2919 344
2603 2870 67
8299 9680 884
657 6379 108
5035 6522 746
4096 3052 784
699 5893 603
8826 6250 147
5760 8750 140
340 4814 646
1210 3160 458
1750 18 578
6526 7036 943
3570 135 697
1202 2157 596
1311 3008 722
8 444 462
5654 5658 86
7787 4747 10
1943 8581 612
4158 1788 71
1252 2759 592
4889 8424 174
4206 8832 322
1915 4814 728
1303 7023 807
167 8003 39
7279 3019 900
9580 6711 95
428 1305 459
4082 7315 85
3584 4697 28
9154 6342 230
286 8805 720
6728 3774 127
8793 2941 628
1643 3218 558
7123 4177 778
7186 5997 226
629 3741 982
9837 2520 554
5367 9098 715
9775 7775 813
2919 9704 525
6068 2595 702
3368 2645 602
5986 8586 906
2159 9061 635
494 7756 777
6530 2269 943
301 3961 462
7678 3373 138
2820 1732 377
540 3406 269
2975 947 732
5254 3675 375
2843 304 166
5923 5378 887
1100 9689 494
5286 4002 532
2267 8933 736
3590 9308 206
4076 1907 764
3828 2047 45
9342 4357 564
1810 6146 298
7574 7899 138
1452 4017 294
7980 9529 412
5966 720 231
7997 1785 668
9753 8245 387
8774 7936 894
4474 4794 603
9482 1537 765
641 5990 120
2785 4966 639
5876 609 621
9467 4571 752
390 1812 819
4453 5944 824
6219 5738 424
6108 3938 693
9723 451 319
9126 4296 81
1096 7322 137
3397 3567 544
9603 7959 74
146 7948 605
4842 4854 413
5124 358 941
3569 781 281
1163 8685 150
8961 2937 679
1835 1138 864
7324 8861 170
5399 6652 626
9054 6598 265
8092 4861 835
7521 7518 179
6101 8951 789
1065 1472 41
5252 4867 217
9373 6506 706
1346 4941 831
9075 9463 206
5381 39 882
3947 4212 700
8316 2111 752
1437 9269 291
2151 2102 358
7996 7718 250
6997 9785 387
5784 8522 971
5392 9323 31
8437 1614 258
2268 5407 745
6047 8628 646
6851 7075 882
6478 1355 602
1544 6394 679
5043 146 179
3207 1059 46
1784 6196 130
3126 8901 265
1494 2538 351
7289 7031 975
8494 8137 139
4997 324 167
3962 3368 573
2468 6684 724
3295 1902 722
5103 4309 561
1003 345 742
2686 6912 895
6459 4964 498
6985 890 655
3418 6632 980
7750 8089 852
349 249 129
4733 3013 667
7916 2377 482
620 8771 989
9065 7394 890
8359 1461 490
3586 4580 814
801 3983 157
6054 1976 427
5711 6480 623
506 1027 882
1808 4024 523
7821 1536 592
4342 1698 26
807 9150 536
9405 360 824
8691 4702 128
9284 9078 473
893 1878 332
5372 8283 731
2787 5340 599
2624 7107 557
4079 1168 430
1812 1841 660
6944 4471 892
2816 9449 63
4653 1908 512
1813 2426 1000
9002 8683 540
1939 7772 196
120 4102 101
1030 1406 484
3695 3295 406
6685 2144 470
6856 2643 780
2003 3307 877
5941 1154 377
1122 2261 540
3585 1072 443
7447 6532 406
6677 2727 363
1654 5493 132
6033 1647 879
8358 870 514
7674 7566 195
2035 1788 135
4781 1267 555
5773 9436 108
8762 229 691
6732 6968 325
8845 1541 376
2637 2581 732
9444 5630 718
8961 6146 402
7013 7910 372
4165 5252 924
4043 4770 25
8578 940 561
4566 3080 934
7455 4281 27
3250 726 519
5881 2220 831
9093 8407 73
6589 463 473
8009 8620 364
2019 7767 714
6250 1293 407
3972 6198 524
9224 3468 871
7455 3650 186
2572 2198 137
6297 3730 930
7354 2836 666
1033 8677 848
8939 9969 772
3291 4132 335
27 9901 476
4936 7537 806
9678 7399 102
5760 9751 152
1109 1087 66
1302 1348 302
2414 7232 409
3412 1518 616
423 5559 577
1503 1226 695
1507 3011 424
4495 6588 611
7576 1191 288
4925 7447 477
9742 365 232
4981 2645 513
2011 2782 412
2530 3810 711
8616 9286 656
9955 4947 100
4723 6505 131
1783 1940 574
6073 1279 461
7511 1835 636
538 8506 677
2948 7266 156
2939 895 664
6320 7090 305
7005 7350 72
3521 8824 43
3680 5055 105
552 394 275
5434 6997 483
1243 8919 847
3809 9957 64
9743 9218 334
1180 5061 798
3098 9248 813
1721 5310 465
5337 9517 457
2550 1375 240
2866 3537 668
834 2926 632
7465 1970 937
5167 2669 449
1431 7584 932
8399 8155 38
3071 516 192
814 6235 338
9031 8454 374
4265 3512 867
9119 5459 299
7142 542 738
2369 2206 924
5518 2367 212
6916 1907 188
8067 1826 82
2779 1087 258
4375 3299 119
2340 108 924
1958 9095 843
5828 8678 916
2233 3860 366
9093 4610 53
5470 8701 711
5974 3319 913
1087 4546 889
7792 9429 614
5671 7087 566
961 4262 959
2262 1719 286
3827 5532 831
9832 1789 754
787 8913 633
6633 4543 837
9132 1197 6
9080 1454 573
874 9297 206
735 8731 624
6484 4801 306
7281 4933 402
2110 2241 826
9986 9367 512
6235 119 593
8744 5938 745
5066 2669 330
225 1143 38
4258 934 660
5483 6988 359
12 8799 540
7704 2584 320
9949 4423 66
3181 6973 150
5101 3079 132
7486 1221 379
1177 1793 661
9966 1790 873
3105 8298 437
9952 1048 977
9675 6727 71
4847 8804 883
6930 8236 239
9820 4755 186
5915 9648 352
2837 1370 80
3657 7825 213
3377 9023 368
8017 6054 43
1755 336 92
302 8784 274
630 3956 670
2222 4162 831
6221 1348 691
6385 1433 157
5321 2794 657
381 726 619
4882 4607 545
8201 2922 289
2281 5919 258
7690 1802 733
4715 6178 460
61 3196 433
1045 7896 642
595 9195 364
9050 433 687
9985 2355 211
9846 1564 144
6846 2562 595
5316 2736 896
7891 3286 932
2747 846 823
3786 1137 905
9146 6237 556
2853 1276 380
1092 6139 956
873 7555 70
3156 9918 930
6684 920 810
8370 6261 879
6798 309 623
4736 5420 269
2729 7735 810
6717 6351 728
1667 2864 782
4538 7647 206
1592 1400 301
4342 5081 156
3102 8296 907
1085 5611 434
6071 6347 689
8526 6285 600
1444 7466 358
9785 1274 320
696 4477 610
3655 9882 717
5421 7266 873
2581 2235 519
3402 626 441
634 7200 301
7754 363 320
631 4939 157
9012 2357 451
9113 1293 646
3747 1898 972
3649 3187 762
1010 45 733
1990 1639 492
6821 9469 72
6175 4161 695
196 720 670
4515 4890 980
620 8641 443
2511 3354 201
8213 9933 108
5772 5251 62
5676 6306 839
4625 1232 235
7049 7684 203
5026 5181 659
1797 294 104
7519 255 699
11 121 650
9482 9723 127
1992 3708 223
1902 8318 556
7572 250 823
6549 7927 969
8036 689 697
1430 147 541
7007 4733 198
3153 2794 666
7798 8708 571
1583 3191 15
1964 9757 829
4289 5708 451
7343 235 945
3613 1228 277
7954 9463 651
7641 3213 330
9655 6741 647
2765 7755 751
5178 7152 50
2013 5044 141
6018 482 318
4209 4098 584
9 9113 465
2090 3416 736
2257 4416 722
2664 2589 673
2734 7703 350
2644 6317 764
4636 8936 674
6226 5923 301
1789 4140 684
2114 1600 617
4654 1913 753
1603 5812 535
1466 5530 368
7416 149 543
3440 3507 828
6197 9089 945
5656 3610 626
4388 896 927
2490 2246 517
4868 7515 279
8435 1608 513
6348 9987 271
9286 1052 151
6165 784 404
1741 2705 342
5157 6871 182
1351 788 586
358 5747 155
4966 7552 54
2199 5597 252
9226 8946 416
828 923 409
7342 8341 569
9184 422 62
6122 2724 656
5865 2975 473
8207 1815 848
5301 3217 169
5641 4581 506
9420 543 496
7445 7629 230
5377 9637 949
5293 6296 107
3214 9189 74
1041 7207 389
5704 6174 445
6329 3438 147
3819 684 829
1246 1682 724
8843 3644 412
2349 2921 901
5438 2097 205
1394 4205 958
8961 4922 930
1216 1236 734
5840 2825 584
6393 3973 478
2563 2044 632
4428 8626 721
9106 1187 483
2478 1128 793
6474 4156 832
634 9126 561
777 415 36
2011 6168 268
8709 3734 457
3599 5124 832
6922 2269 498
3682 9486 39
9469 6577 825
4070 5110 839
6727 5354 603
1756 5298 961
7437 3904 948
5854 3906 485
1017 5272 669
9009 2344 269
1996 1594 100
1095 186 885
1406 8173 814
1640 1630 957
9165 3830 626
3977 5508 899
2037 8047 264
1 5715 165
3097 1114 972
4469 1356 263
1816 8861 88
7440 4026 427
5403 2213 440
1951 7334 548
5721 2977 454
1292 7264 228
6301 2602 585
3099 2568 394
2641 1396 426
712 2170 874
2610 5935 439
1559 40 178
5093 7281 829
8961 355 348
8915 8598 172
569 2083 265
6874 7678 78
3769 8421 173
142 5132 772
3289 4622 520
1387 3351 567
1506 7109 242
4172 1808 564
753 7136 394
6248 5340 895
3438 5460 485
5522 6597 943
1748 3151 191
8897 638 145
230 4484 750
859 2362 38
4540 9499 120
7908 3718 21
6377 1880 948
132 7048 238
296 9592 604
708 5254 541
7335 9984 864
1513 3246 542
869 32 978
4106 2611 835
9950 2483 626
974 7497 777
187 2569 126
7889 49 994
8963 5934 511
5776 216 978
8251 9043 264
1533 7073 674
2964 988 858
2861 3630 294
630 1157 347
3419 9640 696
7021 615 82
4017 7112 78
3553 9656 379
4735 3745 894
281 7902 860
8996 2209 917
8887 6292 194
9578 7606 519
5947 727 801
4416 9506 486
3854 1898 884
875 2762 550
1741 4807 266
7959 5807 834
9151 3682 928
2825 6313 663
1655 7952 979
7541 8208 225
3424 1494 193
5806 6739 886
4963 5963 925
1410 5709 40
7443 4030 613
9382 1238 272
6497 7911 808
2251 3869 962
1619 5982 669
7015 4716 743
5862 6321 704
3106 7600 258
6989 7358 142
2771 1748 201
1929 6612 878
2307 7610 208
4669 5097 431
3437 1028 467
6240 4707 329
2648 514 970
3626 6504 363
361 846 739
6135 2068 790
6000 6587 470
7300 6768 408
6583 1906 444
8034 3872 997
8236 98 909
8747 5177 760
6321 8612 725
421 7240 702
1578 5576 481
8867 6145 808
7475 846 36
4193 795 867
7973 1282 274
7367 5185 543
3595 3976 623
6722 2614 598
6141 735 710
4875 9341 431
1506 9558 236
4950 5994 790
3140 4825 280
3717 6066 746
3354 2515 978
9423 725 493
6489 2143 12
3438 1724 262
793 8140 103
2427 954 606
8761 2016 704
3045 2662 587
4084 1952 372
4899 771 196
8978 9148 164
1155 7078 206
8303 8677 70
5730 8393 989
601 2184 317
2630 792 845
4773 9837 775
4920 8561 168
256 9407 110
4999 6857 478
1795 7002 36
3120 649 708
5633 1744 97
4542 8551 322
6650 5551 456
9918 8243 251
8078 3493 758
1913 7544 623
597 3865 170
6988 7073 661
8908 3745 921
1016 9561 574
104 8941 66
6117 1522 873
1308 5518 104
6123 9784 169
8186 6579 122
387 4445 257
6060 2340 821
1999 6468 256
1845 3906 203
5926 2044 813
1247 1469 770
1398 3939 677
6715 2845 629
9573 1483 714
8377 1145 787
422 1764 966
7243 6301 148
6025 33 131
9198 5260 241
2085 8487 675
549 8897 543
3191 222 168
4107 2512 604
6866 554 96
154 2947 699
1485 5942 213
4293 8023 200
3558 5462 668
56 3211 392
1936 5949 22
1105 7921 611
5164 9114 706
1749 2185 26
8213 6676 504
1572 6815 358
8686 8742 871
3338 8383 211
1471 6771 851
5260 6694 739
1426 7994 36
8530 4925 231
3560 4663 743
9070 2103 974
8164 5984 806
4371 256 617
3042 7278 875
1330 6717 456
1220 3240 572
3821 6780 860
8030 7185 581
7933 5736 256
9010 5107 527
5697 9689 741
7358 8002 126
5101 9657 226
2777 9378 280
3971 4539 423
9176 8727 13
8314 7246 621
2026 7184 646
291 950 351
4027 1734 38
4108 7728 424
4682 9901 30
9737 5873 98
4263 1265 955
456 8314 901
1245 4509 136
9680 8905 587
231 548 580
751 8172 209
4500 7377 559
7285 4617 905
7265 5884 402
4312 5569 562
4052 2757 463
9535 7303 433
1121 8171 570
1213 989 98
4040 4890 917
1153 4210 377
4817 4650 591
3284 1098 796
7129 4 51
3839 4154 413
4541 734 855
1231 531 341
6796 7111 491
7293 6704 685
8630 4254 187
2038 49 165
4765 6013 453
815 9280 862
6228 5636 272
1508 4198 374
9706 4396 867
7612 5019 968
6241 547 570
3968 2104 652
849 4982 156
9748 9576 833
5491 9416 867
6141 7760 927
1550 7585 727
9508 2285 121
6090 9300 984
6133 2355 37
5823 8553 875
1272 3690 6
1994 344 821
689 3936 667
4602 1986 227
1377 3991 144
2618 2770 313
7676 8650 61
7489 7379 310
8983 7614 711
7933 6184 395
7096 1447 428
8451 367 847
2032 1674 524
7839 356 350
2961 6825 232
614 8934 410
6850 8178 502
3012 6047 211
6114 3484 815
5379 3436 344
4406 7104 79
2941 1648 237
3717 7937 325
9778 1737 708
6254 4070 902
2044 5271 530
9791 3257 229
5143 9953 878
3161 1395 294
4202 1445 760
4827 2758 927
7165 8581 151
2660 5201 631
886 5471 117
5479 5118 986
7473 937 925
419 146 60
5551 8227 675
6364 7200 972
9761 8951 561
9777 3163 853
6693 5914 874
3745 2763 143
3350 9669 742
3893 4145 661
2684 9503 664
5874 6700 15
5342 7683 652
9957 8163 751
2050 3455 806
9950 6857 42
159 7928 22
7407 1000 549
1043 9106 692
8607 2603 351
8936 1101 455
1014 441 274
3417 6569 847
8205 5888 555
1161 3114 387
4459 7873 753
9193 7960 545
7989 7504 320
1462 5568 221
4812 9859 669
8988 7318 569
3910 4751 286
3302 7143 780
9697 1932 466
5626 644 148
7437 5989 543
8850 2889 107
2277 9979 348
4253 2506 652
4210 5498 782
5948 63 768
2370 5741 800
8628 6040 367
1170 308 960
4414 443 204
7408 5837 384
8054 1068 402
1487 5173 991
1348 1606 499
7696 810 715
2345 2096 446
5909 4400 490
6155 315 414
4324 1755 564
179 7254 955
2638 3692 289
8794 4067 367
3410 1808 273
9936 7430 468
6041 1596 24
721 5923 204
7321 74 847
8996 6839 59
1831 9868 441
4978 2675 687
9954 9997 461
1667 1516 53
7350 6832 744
3820 1041 676
1643 548 383
7246 4034 248
738 5785 49
175 2198 20
2448 7781 324
1792 1720 476
7609 1481 5
2988 9078 208
5580 8342 778
1704 1422 807
8413 9944 237
1259 6574 577
143 9264 896
1001 7201 325
5728 4823 990
1730 8602 720
7280 4385 684
3328 7830 526
3563 5365 223
548 9877 665
2741 4680 383
1494 309 201
7776 5999 175
488 2501 36
8881 7724 190
9574 7081 553
1537 8156 498
9770 4134 118
4654 4685 51
5920 2517 719
9856 9209 101
663 7238 348
1515 7903 131
9342 2361 648
3721 6578 56
1573 2321 866
5672 5747 369
7878 1238 87
8478 1089 948
384 2974 930
8255 6135 908
5185 2541 989
7633 2267 998
8284 9465 560
2342 4320 325
6282 5647 927
8231 9641 659
7350 4403 397
9458 8022 379
8139 1521 320
667 9187 21
9469 439 633
7278 8737 290
5747 1695 496
4817 5955 397
3857 143 542
1134 9074 90
3659 3811 484
1773 2424 609
4425 9255 978
6589 6036 228
7451 4422 552
1539 6873 168
2299 7296 788
9101 2851 443
184 5911 458
6608 7020 20
3463 6744 642
9072 9277 753
480 5625 303
8201 8742 775
84 2424 754
3859 216 47
9416 3474 75
5267 1126 897
8590 8047 790
3979 2563 753
5349 6065 468
1955 588 25
9936 2605 285
9539 129 297
1385 880 96
1783 1327 987
1917 1250 591
4564 2082 955
2464 9627 880
6085 2671 338
229 137 897
2054 5396 770
2923 2127 980
6035 7831 102
7302 3071 977
1271 8249 969
3211 3719 272
118 7847 519
8575 5176 315
4554 7818 925
5377 5827 751
991 303 331
5244 7381 653
6242 476 505
5541 8859 846
1267 16 565
8030 9711 646
3758 4897 370
1286 4291 427
1115 7855 734
4427 2919 277
7464 5809 77
4945 1727 406
5500 6442 177
7797 2849 417
3609 9785 845
3044 1177 472
567 5840 601
4798 638 364
8703 2517 482
2068 8480 427
1635 1627 438
9324 5754 165
5331 1273 751
5004 7076 97
8730 1889 713
4536 6214 262
772 9686 930
8041 464 145
7842 3355 756
9037 5126 601
2664 7466 321
4803 7047 295
3213 3044 558
1326 1742 10
9028 8375 644
6894 4019 442
4996 1989 581
1560 3560 232
5658 7801 46
7489 6090 27
9727 4448 645
1353 4746 69
8995 7266 480
2470 3313 812
297 6411 225
3408 2919 872
5166 8312 800
131 9782 62
514 3598 216
8327 5298 279
6519 4768 494
6263 5576 823
8820 1504 161
8861 1178 995
3755 1835 456
1816 8570 283
3482 2766 818
5576 2147 14
5420 3937 214
6364 3193 209
8094 8893 966
155 2305 207
2865 5308 209
2613 5530 481
531 1442 373
499 171 489
7536 6168 96
7954 9896 900
2307 3247 721
6008 1918 487
206 4329 915
2387 6525 324
9338 9712 478
9937 9791 948
3030 2605 291
4908 6143 997
6146 3974 306
4472 5350 386
2344 3108 770
8398 4013 875
8176 6130 358
8799 3687 633
4165 8796 64
178 106 229
3360 8021 460
722 8114 922
296 1056 70
4006 3705 217
8669 5447 665
3182 9934 851
9335 5987 446
492 9546 354
1555 3158 565
2562 3858 276
1995 8168 994
624 1028 702
4953 6818 625
8260 7541 906
5661 3973 309
2793 8852 572
8953 1109 64
9798 1943 508
9922 5962 112
4612 3206 462
7394 3111 186
2363 7151 204
584 8892 590
4364 177 890
144 4115 813
84 1894 48
7921 4885 194
6798 520 847
1019 7315 197
4751 8164 993
8815 7648 943
6827 1438 189
3806 7331 613
6481 1946 370
9793 7921 680
8191 8905 973
3577 1107 447
658 8704 428
2126 7747 625
5089 1803 10
4505 4653 689
3817 609 72
4304 5110 382
7691 8782 207
4934 5610 32
4489 5395 814
1090 4376 412
5068 8958 122
3517 8864 18
9356 7243 742
4733 7490 605
9834 5835 208
6096 3694 895
8591 8753 324
5392 2885 904
3597 5551 427
7755 7786 928
9037 7984 65
4847 7669 112
1322 5901 377
8488 6153 771
6335 1154 895
366 2374 404
6045 8044 486
6006 5392 622
6339 1737 347
4494 4726 439
5257 8850 317
2246 2203 690
4620 3185 137
9959 827 40
2708 2420 153
8823 9547 802
1178 901 748
5910 2350 213
6942 590 242
914 9380 260
6842 2575 269
4233 1351 980
9089 2926 757
4648 4071 479
2497 3411 293
1977 1481 963
1391 6838 796
5787 8396 374
9124 9358 837
520 1041 978
2184 7042 624
4506 212 325
7051 3804 533
5180 491 629
1162 1622 491
6482 6765 298
4247 7912 379
5275 8180 94
8317 4108 754
6945 1366 813
8496 6840 750
4055 2615 562
4830 2013 945
5165 7381 403
2227 936 875
7259 993 659
8252 5726 841
6453 3815 856
1595 8454 575
343 2807 391
9169 6509 679
1478 4807 308
3519 7982 525
7593 5802 343
3219 2572 999
2129 3026 135
3964 2487 82
861 3817 586
2426 2430 152
1563 9274 264
547 2094 238
7287 1207 235
355 8528 40
1526 7048 2
4006 3217 365
3919 6766 217
2550 1866 443
7342 8390 400
4190 6527 222
3788 4436 718
949 150 399
3671 8684 236
9776 1983 826
5540 2203 98
2502 2352 715
6501 2107 699
3952 5118 737
2243 6478 897
8977 6223 368
4940 9401 827
6181 7277 177
5770 1018 419
7741 4851 88
5498 3692 119
1567 8890 880
858 3867 738
4775 5424 910
5809 761 698
3734 2958 451
3537 9224 705
6516 2618 597
4970 734 915
4452 7384 759
2501 6465 852
5161 2370 781
7 6526 449
2245 9304 896
7935 9383 643
2151 9073 882
5399 2620 807
6253 687 703
1643 2972 355
7436 2402 678
6063 1211 730
9466 2181 176
5117 1259 999
904 7620 946
2407 2501 560
3579 8954 91
5845 9674 154
2796 289 184
4660 6985 483
7440 5058 531
3303 4831 633
3689 7721 500
5525 186 279
7507 5403 597
1348 304 392
5127 8114 635
2832 1045 905
407 5297 795
8493 1903 153
4276 5668 147
9533 5074 17
4047 4021 137
2298 1285 452
9839 1729 797
6740 7310 177
8273 1593 278
1510 2846 276
9205 5010 920
1427 6168 958
9997 4143 70
5598 9780 374
5322 664 319
6834 5386 694
3783 3362 823
4666 7024 208
3100 9362 349
3787 1497 148
5436 1269 42
1099 7133 280
7204 4474 439
8820 5984 848
5876 5932 268
389 9870 434
7853 1013 338
560 3561 779
5012 457 677
799 9571 742
762 4683 94
4245 1917 746
9511 3656 927
7162 439 826
2290 8099 514
2463 6942 432
316 8092 610
8302 4300 108
4447 1011 49
6885 9569 489
5523 7131 87
6331 6667 851
614 4167 60
8186 3633 861
6595 1783 76
8975 7782 287
2808 449 202
7064 5313 482
3103 3440 375
2403 5583 574
9194 7376 869
6920 5457 797
7163 951 429
3755 7871 336
7585 9972 438
6229 85 971
3385 6020 372
190 2303 590
4274 6112 955
8818 978 715
9991 9818 622
275 3050 447
1592 6577 286
5625 7385 6
9037 6937 785
8382 1189 219
1414 2991 801
182 3336 898
2019 4054 388
5929 2142 108
1392 962 577
131 2207 179
4353 1110 484
5958 9205 401
4788 359 272
2118 4735 772
2234 257 744
580 6824 589
445 9139 214
7896 4905 541
7498 4004 256
2256 6339 240
8027 9720 74
8375 325 949
6943 5255 364
6127 2295 605
1676 9845 188
5758 8945 690
8790 657 411
9433 7145 164
1263 963 399
500 9180 127
1671 2089 674
4633 4590 609
1578 9885 757
915 194 262
3906 7727 120
7330 8292 660
2937 8912 346
1098 1914 862
9531 1962 415
8852 67 491
9274 2500 964
7302 1166 366
4819 7939 212
1359 3829 557
9942 122 682
8876 6010 747
4713 7346 298
247 6452 529
6674 1527 21
538 1273 39
1200 8632 619
1722 3699 487
1638 8240 996
8399 7163 219
3506 4270 928
6014 6046 813
5100 7335 851
1880 954 103
7844 8860 610
559 4421 357
332 6229 645
2253 5567 463
8123 1468 577
4215 3894 780
8103 8104 593
9660 1823 808
431 7824 572
7662 1962 78
7954 990 107
68 2683 107
8237 6401 674
1765 259 673
5205 5651 340
3749 2824 658
1139 9546 208
910 2756 784
9189 9321 347
6102 7419 786
4071 3669 466
4367 368 266
9517 2582 133
1799 5801 936
905 2884 127
4007 3686 354
1875 8578 826
921 2157 95
7194 5379 168
5008 3388 136
3065 321 57
1899 8778 328
8763 8860 312
3414 235 432
34 1901 599
4406 7123 507
9658 2220 810
390 1436 265
5367 6600 427
5931 793 733
7386 1013 206
9371 1265 697
3530 2610 277
5628 5236 827
6833 5858 349
5925 4597 359
8026 6150 679
1497 7828 919
4455 6002 222
396 8744 378
5447 3770 787
7884 8505 65
9197 5440 481
4820 9205 409
7656 838 375
9623 305 752
7468 3232 868
9729 101 554
1018 1861 454
7389 9378 240
7824 7103 172
8493 1049 271
8668 4090 55
8718 1049 279
8387 3643 214
4183 4003 718
4888 3461 91
2039 8721 755
8205 6976 821
8319 3542 48
8227 919 507
7705 6054 454
475 1989 597
2623 1967 876
2696 2642 440
3833 9820 157
7327 3350 360
5309 4659 933
5089 1605 198
1561 5563 573
8377 2132 129
7471 5097 2
374 8614 378
4758 6701 864
3987 3403 310
4510 6058 85
6587 3313 578
3713 1946 959
5906 8131 283
3070 1752 791
8388 240 694
2930 2483 960
4059 8025 228
4573 2685 289
2892 8572 869
5306 5133 354
6020 7102 130
1994 5685 910
8150 180 882
9447 4816 575
7932 5664 866
1416 9005 560
3890 1243 552
7486 3600 338
6796 2968 281
2228 6989 272
2756 2055 107
1652 1803 801
5039 3029 668
451 6179 995
2704 8728 497
6094 4147 300
7903 6439 454
7200 5665 617
1594 21 263
6474 1790 871
6721 2207 658
133 8185 103
5228 6125 424
2142 11 589
3699 8021 699
9464 4599 208
6505 5197 523
1888 3015 198
7877 6794 665
3448 3343 320
3537 5566 67
230 2672 515
661 7887 230
616 8552 1
4581 2354 660
1839 3289 975
7391 9350 866
9659 3545 218
1916 5166 668
8913 5390 544
1443 9848 379
400 1490 909
9750 1770 255
8036 8905 943
5832 6342 664
145 9054 591
1233 2711 880
2848 3206 805
7730 2180 775
2055 374 782
8233 2416 444
4771 1444 182
2383 1028 964
6641 4232 951
9317 5572 367
8581 6365 234
2487 4255 260
677 4074 941
4927 931 612
2288 4870 306
1796 3193 10
8038 6073 97
1827 2584 65
2122 8505 977
9935 5558 570
8455 886 887
443 1303 41
9174 1602 372
4605 6392 12
5742 9810 421
5290 2151 429
2923 4889 794
5370 4971 362
1229 2248 106
5687 4801 253
1154 1199 871
8883 338 780
4205 8411 988
4459 5082 570
6870 1100 814
9481 6291 91
6381 6930 658
925 8477 151
5063 151 302
3108 2945 940
2778 848 868
8013 9821 177
9535 8838 439
838 5705 535
5887 4456 32
3648 2666 331
9674 7064 508
8881 7071 296
2287 2545 414
3035 3474 518
7984 7281 979
9466 4426 556
4096 8117 223
7971 6603 337
629 9573 588
9216 750 768
6155 7375 482
8275 4606 796
6051 1528 527
4759 2665 590
1746 5509 87
2382 1349 163
2854 6644 513
1145 7664 649
9009 8004 432
215 313 728
1576 4924 848
1710 2155 754
232 1883 700
6270 214 9
1983 8592 837
3274 2798 498
5544 537 310
4525 4448 700
8804 1232 306
4247 9386 443
1677 7802 814
2467 9418 439
3269 9270 741
8276 5572 290
3931 4128 207
1392 5028 467
4878 1311 19
3502 5252 254
5228 2382 801
898 1622 19
9059 2138 320
1406 6449 566
3945 2746 696
1327 1274 505
434 6243 511
7186 939 8
855 9138 69
6547 6479 746
9735 8321 742
1183 1033 710
884 6815 619
2523 9212 434
447 6046 916
9895 7909 237
4466 9561 501
2370 9585 106
4914 4262 109
567 6565 591
2963 3803 415
5484 2437 560
1323 1619 500
675 9835 720
9271 2248 458
1617 1227 391
8746 5207 507
4133 9743 32
4498 6349 164
2411 3142 424
8236 9947 920
5987 5243 776
9713 4665 479
8930 5216 256
6537 7655 209
6368 8648 39
4879 2121 808
7255 3845 300
8271 4243 234
2693 8088 983
9331 4311 940
7471 7974 921
2077 1661 300
7040 8757 67
5486 2453 927
2225 8299 240
2563 9034 584
6445 8136 363
1186 4838 717
8835 7880 689
1384 9777 540
1524 283 138
6852 2542 532
9874 1412 695
2093 6805 870
2242 2499 294
7300 6474 266
5600 6389 108
992 2020 791
2220 5161 530
1005 9970 652
2259 6657 517
8019 1277 226
560 6360 656
57 2029 710
1578 8337 144
7119 8534 998
910 7037 163
1287 3093 314
5681 8646 308
7363 3934 976
2711 5018 467
896 7212 883
7641 4641 538
9378 9984 36
1139 9211 864
9494 4990 481
5281 5966 778
9835 2729 910
3464 1100 844
8831 8665 835
1241 7410 168
6443 2874 196
4920 5595 28
49 2809 1000
9032 3637 583
1713 2336 126
9692 347 678
9038 2472 70
426 9761 366
9648 6435 378
3312 5769 529
1490 4373 23
2224 6283 650
2555 4894 273
5023 1475 784
8939 6548 17
3250 1889 171
1308 5071 838
9615 2437 40
6520 5718 621
2424 9413 899
8341 5231 577
3903 150 764
3909 105 915
1049 9082 371
3115 6194 47
3679 1907 982
7846 4194 860
8306 5245 992
4240 1938 740
9984 7051 977
3251 2537 175
9434 3206 181
8817 1944 83
8381 6971 419
8115 3125 601
2180 1552 786
847 5260 702
4537 4490 736
5164 2777 839
839 8917 940
2498 3070 66
1498 8344 276
7786 8639 78
8714 7373 38
8539 821 421
4102 5443 168
8143 6372 286
3699 568 825
8824 2680 291
381 2970 352
6650 4211 122
7345 8987 519
4670 2315 597
1558 1126 67
8602 8565 883
423 4920 661
8451 3852 227
2637 886 36
3733 1224 85
7500 6577 369
1658 2973 716
3660 8219 480
469 8495 891
6464 2398 993
3682 9427 83
2841 1715 977
1475 1706 335
8128 2237 638
2993 8591 821
9681 793 218
998 471 69
4782 762 768
2077 8893 688
9714 2493 755
2750 4312 601
490 5456 979
9963 1659 287
2222 9569 166
9628 2966 469
340 5631 217
5837 7435 324
1646 5124 978
2613 2486 424
3734 3150 697
5414 2572 156
3428 2034 687
2616 8713 4
9996 4035 504
2527 8869 417
2069 8556 611
6907 6938 167
1415 7808 710
6960 6418 965
2918 7748 892
5613 1891 268
5186 2065 332
967 1188 715
7013 9964 334
7736 5392 883
9108 1876 324
2781 6851 962
2187 4336 998
9269 7480 623
7 4921 176
2905 8758 325
3136 3425 455
7493 1560 287
1431 698 7
885 3207 813
735 9908 28
9996 5570 583
7630 3820 156
7728 6687 776
2395 5451 71
2529 1381 816
4462 5095 969
9700 7657 630
1425 642 289
3765 9981 557
9968 2099 532
8938 6741 634
6575 156 98
2608 9118 560
2028 1428 127
8922 3290 638
4804 3535 634
3987 1389 357
6121 8615 853
7048 5441 907
2921 7454 856
3833 3487 677
1399 9597 267
6603 8832 167
8816 3878 299
4575 7973 734
7466 344 957
7648 9875 624
3020 3644 599
6918 3015 585
7769 5141 507
9263 7233 128
7920 661 585
3254 2271 548
3223 137 146
9100 6749 897
460 6101 981
1078 8665 105
289 4350 718
2257 2426 420
9924 2237 423
1738 9577 655
4809 3040 696
490 9157 229
9602 3759 321
5405 2477 168
898 1795 508
3617 1645 217
6063 9924 484
1071 8964 340
9596 6712 374
9212 2757 995
5901 9984 185
4960 2222 596
4705 1937 509
4756 3756 195
6024 2932 465
4461 502 161
6848 1473 599
6487 1804 944
9469 4021 147
4187 8236 158
9161 999 942
7585 2545 225
6219 3547 326
5282 3399 43
9049 8908 315
999 7980 110
1448 9293 102
2269 6266 476
4328 6156 338
644 1544 716
1926 251 227
863 6325 242
7729 1810 949
6439 9083 497
6840 268 840
2584 1423 648
9169 8983 589
8253 8273 133
7599 7706 873
8681 4370 465
6371 9276 405
5035 1589 955
4601 1723 160
100 4758 969
8314 4534 864
7600 7889 134
4427 5921 729
5575 3090 801
4880 3770 982
521 4759 751
2061 1028 795
6251 3712 351
9310 7898 786
6708 1152 814
7766 3967 321
2136 896 885
8540 7183 559
9225 1396 943
1513 5609 26
4524 5807 168
2042 7623 299
5254 2874 200
5664 1173 261
5645 1288 629
7903 9921 404
8026 2914 608
2823 6188 792
2458 1755 568
8642 6631 881
7333 5936 378
2779 9657 282
1577 3437 349
7014 3019 155
3007 2747 635
5444 4134 662
956 1184 107
9403 3206 693
2790 6230 328
4336 9254 906
4742 5378 77
1490 3725 681
1131 5774 916
1986 5667 512
1085 91 491
5344 7333 821
7551 2101 400
1626 6536 301
7281 4483 185
8326 1336 861
7723 3133 100
117 2930 616
8364 5842 799
9551 505 154
2078 3016 342
760 1331 364
5226 1612 425
6011 1605 98
171 2159 905
9864 8087 440
9899 4507 479
9003 6858 441
5426 1665 968
9133 2235 149
6391 2542 136
5294 8445 456
829 9390 595
3703 7050 770
4098 5745 771
7499 3943 436
1886 9748 609
7457 1322 700
656 4783 318
5342 4385 970
2312 5304 255
981 5607 234
2155 485 355
1207 8207 912
6635 408 512
3791 5087 575
3283 7192 960
2081 7697 975
7957 6144 925
5573 271 704
5334 4617 502
5328 3960 695
2709 75 408
2070 108 104
623 7751 605
7006 422 2
5313 7916 604
9123 900 624
8036 2101 382
6759 8122 637
1003 5693 711
8347 3877 428
2699 1372 873
3714 8779 372
5424 8103 963
9658 3134 604
509 7924 400
7250 9075 77
978 3681 137
724 4198 936
4959 2031 612
9373 1517 511
8342 3390 152
1325 7515 631
2252 2166 167
1500 4066 467
3312 4290 165
2716 2668 345
5655 5367 985
6676 4689 739
5070 9572 171
5665 6712 394
2464 1773 863
7428 4558 98
499 6426 916
7540 569 561
5797 3474 210
1807 9885 11
4037 9168 329
3999 6859 385
8251 3890 28
9067 9054 685
7065 8058 367
4574 5010 31
3645 161 137
1819 6571 126
5694 2284 347
9669 5115 717
8805 8592 955
1193 1104 144
7287 9240 560
9698 9170 789
5625 1162 718
5255 7451 433
7181 5191 703
8612 4725 649
4120 9333 670
3175 5861 670
9765 1770 470
2715 1542 394
9013 3127 405
488 3456 994
6190 6610 228
2561 8631 759
580 2182 146
7331 737 546
8239 2109 644
8648 4993 240
6579 324 879
4535 5600 716
8910 7252 112
9510 6566 34
8490 1690 82
2673 2926 41
4980 6466 561
8894 4200 453
854 9683 639
6815 9862 872
1455 455 692
640 4089 467
2018 2780 76
1447 2712 244
2568 9134 551
7939 9509 555
6344 3994 924
626 2770 792
8775 8219 876
8976 2333 431
5367 347 752
8302 4720 553
3779 9608 493
3330 4886 162
918 3441 196
6164 1702 507
9359 3872 129
669 3538 374
4296 6572 366
6102 3883 1000
7713 2509 695
2732 9341 995
672 5927 317
1884 5896 870
1717 1391 625
8446 682 851
2184 5941 960
2208 418 776
6179 8429 867
6546 7535 774
5052 9564 620
8488 485 456
44 9024 116
5554 8447 880
8044 7985 618
5252 8450 762
2475 7581 572
4862 9399 419
2675 1189 352
168 9082 35
6745 642 279
1866 9340 394
3553 8801 287
1307 8107 923
5969 4996 857
1034 3395 210
3568 4285 701
9552 5387 904
134 7560 315
3244 1777 551
3718 6438 220
9924 4483 804
7379 7905 357
6822 1556 573
1494 8449 828
3752 8430 921
6226 393 180
6912 8242 621
3788 2314 989
193 6850 436
7694 4658 422
9700 7552 730
7145 7202 455
7054 8526 887
6941 6749 380
7940 7718 556
7500 1399 885
504 4742 162
4424 4764 344
2349 546 148
9281 1189 487
8992 1787 76
3933 2981 464
42 9274 456
31 9676 360
7269 6430 669
7016 2167 210
6459 1446 913
8269 2483 793
772 1495 343
526 6226 632
6855 6525 338
2741 9134 620
7333 3201 542
7450 1153 550
414 1567 299
8796 6603 83
6003 3576 477
7116 9258 497
1556 5571 631
7088 3410 481
8731 4950 715
9390 137 387
218 467 410
7139 7774 585
6999 7867 869
5145 280 421
6335 8725 526
4792 6070 398
1916 3724 684
9736 2371 380
4742 5563 166
9308 5744 884
6483 1773 521
5163 8107 319
6808 4030 739
9943 7655 278
852 7505 455
3200 9625 688
2701 5398 303
9267 2635 711
8681 8034 74
3453 1844 570
3078 8253 288
3516 7242 229
7521 2573 110
6513 2773 609
1630 2982 159
5274 2413 282
8771 5504 842
1051 1499 705
2338 7368 601
5819 454 501
2278 2086 550
3963 8586 944
9661 15 789
5220 8071 50
1549 643 265
1337 5849 509
3656 1125 326
5353 5813 661
7623 6635 416
9795 827 446
2242 9053 482
5003 7151 693
6295 6488 603
1707 1245 676
8780 8336 403
3922 8809 559
9073 5485 257
9168 768 523
1479 5292 533
5452 2653 296
8102 1268 575
2123 3208 487
2337 8570 689
4757 1971 855
9265 2543 252
1518 326 737
3821 8624 952
8263 6751 994
930 2173 247
6680 6819 570
2529 5623 828
277 2668 257
8714 7499 188
9708 9694 767
5445 8077 427
1747 2663 721
2663 5549 637
4180 342 398
5066 5709 532
5639 3070 858
2578 2125 685
3280 2059 104
281 7598 222
486 3785 898
2518 1637 786
4052 3809 240
3117 9754 806
1929 7209 635
2371 3000 131
1328 7110 131
9747 5920 106
351 992 683
8132 6789 486
7889 6998 457
2831 1916 99
3431 2529 827
9228 463 951
3945 2875 851
1730 533 135
4205 9961 619
5623 7031 86
6331 7274 733
3179 6232 806
1781 7900 940
2736 6139 727
4986 4652 86
8522 1284 772
6183 1124 766
1038 4003 471
3251 233 407
4572 7798 617
363 2743 387
6852 3482 204
2776 3963 168
8450 5926 173
8357 1800 316
9048 3946 926
9134 8497 889
3060 1442 582
3874 2784 227
8003 9019 140
2761 2290 24
8615 217 414
4899 2189 377
3833 2910 377
4087 2244 886
6074 26 512
4762 3979 153
6427 3861 576
3643 5453 432
7030 2735 283
5251 4002 156
3659 85 213
1547 4505 779
4182 6852 770
2677 6464 495
9695 2063 501
3757 6156 159
164 5485 393
5402 183 490
1641 3980 416
5645 9882 567
3957 1080 396
8027 8361 403
1173 4168 925
5394 1476 712
6039 9054 164
2016 3426 827
7444 3936 342
338 8661 377
6857 3856 99
1767 694 431
1111 2687 197
1075 2524 202
3356 4176 434
4674 1324 482
7311 1733 510
6036 8636 592
9656 5773 959
7766 6619 288
7765 3833 199
3292 9059 912
6625 7395 556
2658 1379 902
1189 2369 645
3089 3575 162
5979 3507 453
797 2830 9
1759 6736 696
5580 5638 496
5178 207 210
6451 6040 797
8176 1712 584
2139 5999 16
8318 9306 117
929 8684 200
8621 9520 648
6615 2733 135
9262 2910 221
575 8672 214
9074 4848 515
8568 2771 94
1604 1357 691
334 7491 398
1961 554 759
9477 7229 689
4473 6396 796
9891 4021 629
1102 3619 79
2737 2677 102
8946 9324 441
2483 4903 673
6962 2723 812
8403 1733 587
6043 4204 770
624 2372 289
9261 4866 325
933 9132 748
4017 588 97
3299 3935 91
4521 3492 37
7311 6035 635
1461 4195 29
5482 3743 351
4780 7223 246
2725 418 65
3295 7364 301
1316 9399 827
1861 9514 181
4750 7374 556
5728 2637 183
7786 3626 254
1274 2016 85
103 7189 146
4941 7296 968
8097 2191 889
5937 8278 55
4008 92 302
8328 8534 719
942 1984 586
2013 8257 434
5173 8760 744
2624 9216 460
4441 2984 731
3930 3676 110
88 7483 241
507 2064 326
6918 8877 276
5964 6192 127
1502 8177 272
5362 9784 141
2832 5339 261
5924 1381 799
6943 6251 903
4909 945 244
1591 6115 718
931 1561 604
3842 90 666
3376 1904 667
9067 7588 547
4212 4303 411
944 3775 657
5509 5363 10
2042 4920 394
2885 3498 924
4280 2322 204
5051 4467 506
7367 7969 719
8005 7225 168
1843 5234 343
9279 7621 536
91 1924 954
5587 2517 856
8009 9164 558
9914 1281 26
1264 9174 31
5398 5546 639
6757 9054 147
2170 791 511
556 2262 727
3656 2147 617
436 5597 181
4852 2847 65
3068 5066 790
728 5786 333
6996 3924 884
42 7632 902
5746 2062 533
1008 8494 16
3914 2624 179
824 3475 207
8480 2793 72
1346 1445 76
9173 1817 373
8373 4666 319
6373 2497 379
8714 1140 296
5810 4771 883
3432 4651 151
5943 7698 617
1023 5101 721
9151 9349 445
3080 8210 473
4242 2170 629
8875 905 88
661 8521 224
3351 2486 115
529 5945 429
3213 4598 21
719 693 135
2881 2186 734
4123 5510 803
2363 627 524
2592 4168 493
7872 8199 318
4239 836 631
2654 5034 534
1125 3736 418
3843 7881 636
3555 1030 258
6424 6654 843
583 6907 68
2913 9928 185
3178 1487 564
6824 7605 382
6244 115 664
5480 7800 309
3988 9615 16
5073 7816 393
6926 719 673
4890 6306 489
5419 5642 758
8503 2553 345
8772 9567 961
2409 1300 873
6011 3291 410
4890 2340 36
3456 1048 830
4321 9863 206
9138 3768 924
7111 3433 889
6049 920 831
8645 2801 985
3145 2150 728
4685 6712 504
4810 3483 935
5887 491 83
9298 8992 719
6701 6559 844
3051 3566 441
226 4531 964
802 5780 957
101 1857 533
2398 8019 277
4065 4709 298
577 7070 933
1021 9624 386
4566 8790 514
453 9541 301
7200 4536 250
9778 7420 334
771 8702 5
2010 9648 303
1178 8529 303
771 2100 57
8073 7288 801
2410 4340 664
1583 4700 858
922 7837 762
4242 4383 568
3678 7742 747
6717 8972 269
9181 361 187
721 5920 577
5169 7331 914
7791 3486 861
3653 347 677
2073 3789 339
902 3809 585
7755 3880 438
8525 7968 245
2093 2799 73
7261 2407 528
5143 6848 760
926 2015 534
5434 624 318
8177 6866 514
813 4334 235
505 8980 224
9378 1161 931
5541 8346 733
1263 4373 553
6614 4874 472
8010 5145 415
6223 3260 186
1324 15 628
3277 3672 113
2791 7110 135
6853 3994 431
7316 9128 669
2995 6670 795
1780 8520 806
3895 4352 994
9448 349 663
6630 2800 707
7239 1684 279
2316 5225 289
102 2438 627
3803 6962 555
9654 7686 481
5472 6770 710
148 8466 622
8902 4277 569
7636 2321 994
2717 5548 320
1643 3617 624
6523 7761 685
2209 7275 647
7993 2744 303
582 534 47
3125 4563 39
8753 356 716
992 6350 167
3307 2318 300
3637 3353 247
7451 1591 615
6739 1327 161
6057 7915 556
2124 4604 81
4261 3443 386
4736 6141 573
2515 7078 602
331 6366 55
4046 267 88
7987 2456 868
4540 851 754
1786 8341 480
6476 172 864
9645 2378 692
2293 1398 514
3943 246 345
968 2894 473
8227 821 156
2499 8182 85
3729 2374 658
4664 6222 444
1290 8907 218
5540 3249 648
6021 6285 524
6155 107 593
6801 4287 107
4836 5392 392
152 2668 57
826 2703 387
5678 5978 282
7866 1034 163
7637 2593 867
5421 4704 421
3308 865 524
5529 2510 127
233 4104 376
8347 1126 305
6453 3110 683
53 2365 785
1964 8245 694
3767 2623 831
9516 8715 560
7458 8662 944
2098 9215 155
4904 4849 516
3645 3903 133
3987 1606 377
6082 4912 416
4184 5022 907
2809 5778 819
4626 2622 627
1253 6555 431
992 8398 616
4604 2188 921
1179 3446 453
2819 269 745
8225 1912 426
8432 4574 869
2319 1714 743
746 1463 44
7638 499 561
3703 5030 111
4118 7571 648
8608 7818 164
1929 3500 361
4531 8953 75
9220 2705 831
1178 4324 424
2051 2040 366
4858 1980 399
1280 2118 643
7357 1883 719
4584 5404 321
2584 8788 302
4689 590 543
7365 2296 156
3522 7913 210
4965 4127 203
6682 3149 904
6499 2230 600
6686 9261 943
7240 1523 865
2903 5537 425
4843 1292 119
7268 3176 796
1210 1542 314
3081 761 34
749 1719 277
3051 7835 987
31 1213 37
2799 5845 788
8116 6523 81
2988 5847 806
7794 8825 341
8646 3983 88
3581 8044 665
3430 2116 67
4016 8271 583
2098 5401 905
890 6520 495
5203 1264 832
4200 5208 251
3885 1241 200
3015 3416 908
2120 9082 792
7376 5001 223
9280 370 615
8043 4631 683
3 303 180
9482 1059 383
9281 5588 616
210 1730 657
2305 5924 685
6249 766 200
9196 8678 711
2986 161 499
9741 1924 225
6589 2337 103
405 9522 445
684 2597 904
4480 5371 365
2054 4646 260
1532 7217 662
8893 8066 792
9045 4051 787
376 9132 476
2674 8407 190
1093 543 595
1133 9807 579
1451 1565 319
5692 6129 736
414 9356 102
4931 8150 991
1190 1073 655
5733 9022 311
1408 1700 659
1216 946 346
4620 6978 793
4233 6971 905
8636 2372 552
1010 4456 681
8935 7459 736
8096 7331 97
3736 8427 971
8553 3209 877
1715 4587 695
3624 9654 628
9290 4146 123
4723 6442 240
3150 6390 110
6950 4600 110
6695 4189 873
8345 9904 214
8269 6446 993
3103 493 22
9293 9251 880
809 1920 118
9105 1398 909
7602 6755 952
7342 6379 570
7157 8181 114
7068 5480 524
4248 112 994
3152 8905 141
2268 8019 155
6702 464 377
9327 1452 201
6515 4919 533
392 8939 497
8356 9944 151
4643 753 373
9841 1847 587
7112 8782 761
290 9766 750
1311 98 298
6796 6664 925
7695 1670 672
4992 1363 495
2867 8537 537
2483 4407 391
6893 1107 895
2994 7501 50
6694 6949 518
2662 6041 898
4157 9171 136
220 5488 125
2046 4498 131
652 6806 827
1647 4997 745
7493 8592 919
3933 3787 510
3875 408 670
1143 2271 222
7178 5658 244
8575 9501 495
5927 5877 748
6 461 428
1302 1789 539
4578 3373 621
8277 3977 90
5687 3357 163
400 6419 702
1094 6236 194
1937 4024 923
8941 5960 724
4677 6404 962
4517 3384 236
3382 6275 296
1211 9747 92
1814 5070 711
1861 2327 245
3646 6745 246
996 7958 40
2388 5918 984
2716 8063 989
130 1488 313
645 8795 602
2763 6242 814
7762 7753 78
7731 5939 423
9456 7562 866
1516 1826 370
2349 2038 529
9897 7439 903
3642 8388 169
3102 1643 425
3274 6145 40
6843 1161 906
4840 1038 402
6951 7135 148
8808 8471 460
912 9107 745
1286 2384 138
1415 58 360
5194 404 528
4789 47 777
9960 7407 898
150 2247 330
6253 5535 526
8990 883 788
1492 5462 571
7390 5283 727
6566 2183 313
1746 8830 178
1840 6075 778
4523 1103 866
1039 9983 442
450 6586 919
8520 1216 491
6833 6012 958
6836 2936 559
3801 963 773
499 5400 939
1309 9731 782
5402 4589 809
8890 7142 436
7191 9036 321
7776 3043 355
5663 6052 413
197 1982 608
7994 6814 693
841 3342 101
8440 2675 438
1835 3259 148
6124 6557 621
7074 7350 4
9575 9936 217
1684 164 909
6465 505 404
7230 1381 169
1388 9901 849
7853 5136 569
8451 4729 715
8544 1642 663
6734 4499 980
8103 8511 985
5368 507 540
2286 6203 231
6793 8061 862
8174 6718 676
9407 7835 93
1143 4935 189
5178 2424 557
3863 3596 525
3873 3030 211
2242 1851 492
1354 601 445
3069 9142 135
8006 6304 992
3608 2297 216
2392 4926 845
7100 4042 462
1830 3588 246
1556 932 109
74 5225 570
1038 5947 337
5586 8764 988
1898 4846 19
661 137 314
8262 7568 87
3121 6912 616
7828 7110 372
4971 5915 20
7403 1938 431
5679 1348 6
9876 2157 72
4837 1521 703
1926 5509 780
7588 5036 712
5494 1880 504
817 3729 832
9358 2758 239
2450 8563 335
485 1515 641
6958 2752 736
4195 199 406
1505 6476 954
1073 9715 259
2038 2543 134
8922 2392 22
9822 4631 596
158 7445 770
2828 5399 249
6552 2151 84
3234 5896 955
7376 9638 772
3254 4208 240
642 7705 585
7039 9779 718
948 1931 59
364 8775 326
2515 1785 463
9120 7020 935
8018 6419 493
6690 3553 616
4878 2449 629
3217 3165 562
2066 2129 849
5443 730 385
9238 2486 683
4573 489 5
891 6942 228
287 3426 305
8795 4905 194
472 9504 17
7427 6015 188
135 2922 210
1735 1772 922
3692 499 695
5955 4067 892
4998 5130 939
3370 5794 818
4520 1881 727
6457 3824 208
2898 1494 288
5442 219 402
5766 2546 45
740 2879 810
1092 5490 666
8110 4559 20
8764 2732 237
7067 821 215
7156 546 275
4788 824 196
7557 7188 786
1870 1043 203
3641 6102 885
720 9925 117
5857 4222 681
801 2465 555
8608 3766 916
9487 8444 197
763 887 619
2149 7718 299
9787 9674 993
5548 543 515
5514 6346 419
616 8140 205
8156 6092 840
1307 5028 655
5258 8593 756
3040 4866 389
6882 7457 221
3140 3118 938
1499 9967 848
387 674 995
2324 2468 75
241 3408 655
1979 2779 229
9321 4357 832
6876 5477 893
1338 1859 538
1024 1406 72
9174 7635 844
7766 9842 561
8848 9030 991
3289 8048 383
9313 9167 990
329 164 834
9640 7574 237
9302 910 762
3386 2435 20
9876 1964 397
4474 8094 836
661 6224 546
4332 4216 501
6845 1071 279
4650 1921 179
8831 2666 853
6478 6585 37
8263 6815 637
1782 7477 198
2162 2993 480
9871 8521 568
1747 6395 171
5392 8083 424
1072 1456 366
370 1762 330
777 1737 169
5309 3213 397
5560 8410 9
3879 5920 797
6838 3890 572
9727 4911 354
8836 3634 927
6732 4717 812
9944 2446 873
2511 8153 632
7844 8968 432
5507 5423 535
3128 113 840
6782 5164 30
4009 6438 685
2133 8607 814
6888 822 846
8350 2484 886
4372 9067 34
3271 5659 203
8093 8458 75
9868 4005 786
5360 1623 879
283 1183 531
1487 7643 894
992 5113 759
429 200 467
3689 7888 133
6591 9361 350
7095 968 314
8303 4036 27
911 9225 149
2793 9645 115
7359 5769 722
5798 1687 915
8710 8633 250
3546 9297 644
6948 3882 222
8128 3438 147
5286 3853 718
2467 3840 811
9786 123 215
4509 8052 195
9772 3658 565
5824 1942 646
7099 719 232
4113 7437 130
5434 382 241
2 2762 567
387 1141 20
2063 6881 659
7887 7720 428
4804 4291 894
6474 5556 632
4788 4266 161
5080 4597 39
7116 2520 822
817 5798 554
6146 9920 110
3127 7805 906
4752 4315 614
2879 311 41
1935 7748 518
8753 2494 125
92 3464 137
990 7390 39
9277 3595 729
1198 8312 390
2513 9738 960
7105 6123 284
1275 1661 250
5388 1352 898
5136 9198 190
5960 8738 844
7708 2141 426
8356 6937 232
2375 8347 757
1510 3287 970
8503 123 488
9457 5528 876
3372 9905 239
7746 4395 382
5039 6936 181
2332 8055 553
3960 8801 80
8476 3590 940
484 9530 771
7229 9556 882
5462 9549 843
1025 9270 879
6538 6128 55
4815 9563 65
9740 8065 722
7187 8439 197
2696 7750 935
2258 2138 968
6490 4625 442
7618 9027 300
8180 2157 29
6726 4452 769
8353 4868 126
4110 8316 309
8174 4260 93
9206 6361 657
8773 7857 811
2513 5208 238
9162 9579 435
4434 7539 505
3079 1944 580
2440 5709 606
4210 1369 793
6449 1876 495
2172 1299 831
7169 8285 964
9132 5243 456
7686 3535 304
6114 5534 576
8619 8916 864
567 5935 654
865 7156 650
5093 2067 365
3737 5440 341
6124 1536 511
1241 6432 674
9709 2427 194
424 3168 838
2227 4325 478
7560 1557 57
1291 9793 223
4851 6272 536
292 1365 414
2071 5766 595
5859 7657 886
7844 8164 832
9632 7853 476
1147 6389 106
2460 6080 689
510 8148 894
8959 4676 792
8111 4193 775
3942 2052 588
5511 9079 122
8555 4861 717
1971 5627 914
9836 2920 223
6059 6259 69
8541 1007 829
6421 1944 299
7531 1344 159
3918 3364 18
6838 7121 696
8974 8556 138
8369 2035 477
1729 8859 557
7793 7593 638
7359 2597 379
218 8064 920
1736 8874 948
5224 2870 755
4109 8678 573
2055 7024 815
9882 4893 21
6228 1180 740
938 7413 125
10000 3311 50
1386 6091 783
8442 8639 608
4469 9015 21
4604 9829 985
6133 8046 85
18 1554 320
9187 4842 482
78 9609 317
3389 5519 967
7001 4946 802
9359 7508 381
6355 7671 278
1397 8101 778
7530 478 434
6240 1355 274
3577 864 669
7357 7024 643
7545 4617 658
2314 517 943
1442 6642 19
7359 4257 991
1729 18 461
5048 9761 718
7002 3417 617
1770 8189 438
8990 3907 87
4663 2565 670
5670 8534 307
9486 9762 177
9437 5832 655
3956 6538 270
2078 1423 23
7625 4617 480
1075 5170 799
2970 7413 755
3564 9222 914
689 5565 696
8092 9228 403
1622 9415 491
2310 6093 438
4706 939 517
2533 8317 305
8029 6616 417
7208 2617 308
5289 2075 251
8732 3103 432
3473 5216 779
9798 4806 80
657 3774 675
2919 2302 709
494 7094 331
5953 1707 974
877 2697 651
6483 4964 186
5883 541 114
9367 7470 376
7143 7537 613
8350 307 592
5294 7883 235
1744 1771 770
1096 8695 133
663 8292 63
4224 9500 830
6343 1056 47
5416 1750 244
1524 9423 307
3763 7591 554
7030 6844 837
599 3243 858
8996 9291 913
9072 5984 249
2262 3529 151
2364 6741 307
6279 6792 818
5173 414 582
1669 7287 74
494 14 192
4843 5370 240
2446 7262 328
6376 7193 899
9809 8520 513
2409 9176 887
2594 3480 605
100 8277 615
2114 3723 625
3439 5621 886
2833 2304 576
5096 5287 811
1509 8830 9
7343 62 103
7084 3824 892
9214 8343 957
7262 1381 169
7321 3029 660
6229 6340 422
1682 8428 426
9583 3754 787
4693 189 258
1736 5622 245
945 3903 98
7409 3791 314
4147 3766 282
2120 5676 860
38 7253 793
9701 884 339
9654 4538 110
6830 895 330
7265 5366 320
6588 6692 617
1390 6968 296
3344 2142 713
905 9827 764
4005 1653 951
9142 9360 178
2078 7698 573
4804 1559 357
1559 447 240
4046 3919 818
1330 3331 999
3845 5244 906
8959 540 554
922 9053 324
2727 715 538
6966 1249 835
123 4914 36
1355 7717 166
6922 6314 317
1622 9225 600
6454 686 981
7469 4148 958
5088 5946 849
6741 6839 488
2246 4561 815
3328 1717 662
5512 4996 244
7614 3144 228
7092 6815 235
4987 6379 123
4050 8419 695
8084 7473 773
1036 4294 318
9502 1856 834
8814 951 380
80 7818 844
6710 2892 475
999 2093 669
185 5069 244
314 922 137
2051 8925 673
8120 522 565
8197 9421 863
7142 3492 246
618 9396 640
8791 5511 904
7161 1717 804
3217 1490 53
2468 8263 336
4774 9835 789
1880 3429 139
4333 5216 536
9398 6392 162
420 333 46
869 5834 128
5178 6252 784
9663 7545 426
3620 8176 533
3686 5199 746
1606 3164 223
3650 7312 620
1053 3956 370
3959 6177 676
934 1151 306
6421 4109 166
3139 9962 341
1202 5074 667
9077 5127 210
122 7447 502
9539 8967 623
1469 9281 129
2364 5430 571
8782 2621 413
5540 4828 734
5492 7287 304
6691 9497 711
6352 380 50
9869 20 825
9704 53 522
4440 5922 547
9443 3341 211
3490 4527 297
4679 2605 400
8158 1481 570
9446 209 593
6099 8431 641
3901 2623 113
5272 9669 977
1026 2144 291
7703 6912 631
8011 6758 757
3270 4279 843
9990 7870 742
1381 2332 612
6998 194 474
1951 6407 79
3215 3135 114
9092 2719 96
7010 1270 957
9408 7954 463
5180 1549 608
8307 6694 946
8256 6853 12
484 3843 722
4832 4104 489
9019 4975 191
6661 5625 579
8836 6033 316
1992 7805 34
6756 3821 249
1916 1780 565
898 6633 396
8543 3930 118
7942 6746 714
7519 747 429
3313 6412 639
4670 8034 700
9042 4946 201
6785 9248 573
7063 1547 972
8362 9628 330
1088 3196 949
6782 6592 94
9574 2306 752
9928 5009 545
5946 619 175
4151 2093 327
2759 1874 627
8707 1941 354
6985 3061 869
6903 1052 595
7224 8579 570
4321 5222 600
1759 9875 949
8955 7137 414
5224 9081 638
8402 8884 248
9637 6138 55
4849 2346 527
7329 1957 374
2106 5936 998
1270 7737 511
8671 8554 772
5574 9870 665
5152 1224 57
6939 7411 624
2295 3975 745
190 8945 975
1879 8481 601
4696 4270 357
8201 1478 242
6079 3270 424
3276 4214 311
2120 1037 37
7993 8070 923
8286 6373 677
1553 4577 668
1173 4122 333
4177 795 214
8774 8648 774
840 9576 926
2043 9895 523
4009 5148 204
1623 5361 564
8723 6746 144
4638 5462 816
2518 2319 286
8162 991 584
7275 4346 41
3001 1158 774
4592 9043 109
563 8365 796
8303 1131 279
9976 7712 282
920 7630 487
3550 8811 865
7007 8285 340
2120 6179 564
601 2089 149
8285 1327 177
6616 2264 577
494 8684 381
2908 7913 131
7176 5918 438
8034 1991 473
7510 8713 168
1026 6543 534
5654 7847 946
4455 5142 913
2702 4960 229
7453 9123 76
900 7521 25
2678 1423 182
9554 3626 338
8384 733 832
3572 4438 612
8297 8193 902
2601 5525 675
3976 180 156
9129 9119 504
9891 2515 603
8623 2682 516
8426 2059 939
1568 5200 559
8158 9704 140
7589 7579 180
2926 6329 559
5393 3558 493
6963 8355 590
2422 4208 164
955 9639 400
38 816 910
5929 45 603
8620 51 721
676 2752 213
699 4731 102
1715 917 209
8499 2170 175
7730 6580 567
7031 2482 720
1429 6296 774
5388 3141 183
9364 1662 899
9370 7909 332
6870 5809 249
3173 3400 226
4244 1432 879
1448 5256 643
1692 7123 163
7751 7258 990
6139 8571 985
8981 4399 325
7043 8357 911
544 2094 241
4743 8651 452
3553 8487 774
2447 4526 311
6339 3521 228
3962 7570 35
7158 6680 260
5764 2081 209
3453 1396 778
6038 7628 538
2529 1818 437
2835 1818 585
6633 892 161
119 5795 202
782 4644 415
1287 4665 151
4694 2696 680
6881 6429 13
5175 1036 527
2304 6959 140
536 1025 386
1372 4131 98
9902 4459 630
6719 168 336
3853 2632 51
2732 2852 98
1033 576 489
4594 7656 447
6945 204 169
5125 937 3
2366 3000 192
4642 5945 21
3940 1210 701
9934 3594 501
8831 6491 850
4523 5028 910
2138 6842 554
2148 4338 235
6999 6601 791
3738 9215 675
9812 3607 84
5458 734 795
4710 5446 855
1853 3062 121
9613 542 965
7630 1372 849
2586 4755 897
7143 6012 11
4072 9241 29
8647 6321 56
256 7582 422
2882 6004 130
4201 8861 208
9949 5083 361
2009 5980 536
5113 4875 195
3681 5171 469
7458 7050 128
4448 934 277
3125 2169 898
718 1795 260
367 6329 181
7723 2481 929
952 6760 301
1282 1655 904
6248 5345 760
2656 9090 795
5400 596 987
115 1198 462
6148 5216 983
5787 2513 462
9102 2452 781
7236 3743 716
8518 8390 220
2941 4427 859
1775 5817 204
9090 8993 965
145 4944 106
6760 3854 981
8186 2373 45
9137 7799 124
8428 2937 392
9848 6736 366
7698 8861 26
584 6481 888
5953 3134 649
692 8208 417
2829 9410 354
2042 4671 160
652 5297 730
5061 5713 736
4909 4060 891
8823 9048 719
1841 1089 220
3446 2868 879
2126 9689 662
3411 1020 114
1165 8808 20
4926 1172 448
3137 7173 284
7382 8134 664
2401 7157 304
5418 9463 864
5191 9130 95
7060 678 633
1452 6475 980
6527 2035 210
4594 4842 522
5805 8589 938
680 4810 662
510 7662 83
2280 4107 820
760 7561 127
247 4940 445
3401 1962 79
24 4755 266
1404 7139 306
9711 2499 585
7509 3807 90
2994 3429 957
1152 7991 596
2546 850 478
9809 2075 657
4609 522 428
2995 2402 875
2834 2697 330
23 2807 530
6667 8259 562
8462 8402 155
6325 870 497
4640 3707 481
4523 1727 473
1962 4313 512
8964 8872 29
7116 4964 38
7694 8456 264
5148 4787 818
7418 7317 899
8338 9316 500
1037 1459 459
9720 9563 66
8331 9327 476
2070 8827 66
4105 680 450
5414 1992 757
6129 7443 152
5001 1731 416
173 8399 988
9294 909 286
3166 7459 369
2278 5137 50
9392 3996 155
8826 6256 506
9230 5108 910
8570 490 969
4553 7004 507
8651 9114 230
7180 3163 454
3428 6179 355
967 3408 767
172 8863 339
3064 2099 455
6509 8205 168
9552 2250 924
6631 1520 230
3366 5746 655
2058 6224 703
7418 7046 714
1270 9647 745
6505 2462 386
6960 3399 920
1640 779 558
1707 1730 406
1665 2458 244
695 4156 779
6230 8963 125
4098 3291 454
6722 9237 641
1682 597 65
1656 8295 254
4405 2982 525
8807 3429 402
8606 5950 778
2623 47 414
1248 3796 872
2023 9760 74
3098 1975 895
9645 9976 753
3191 4326 393
4789 5628 272
3430 1024 578
1003 711 126
3413 1742 539
9645 584 583
1583 9492 842
8023 4990 627
615 8354 986
7517 4923 717
7978 1843 100
3059 1692 947
9720 5873 677
5729 5436 736
2847 4724 262
4603 634 61
2926 26 655
3635 993 399
1128 2922 518
807 6004 814
1717 5162 986
2370 3867 622
2347 886 547
6721 1205 824
7802 6438 357
4130 3122 819
8356 5229 738
8408 694 508
9131 9210 7
6404 7406 976
2551 3626 492
2454 4168 718
462 8304 685
6118 3303 201
8053 5078 566
637 384 263
4816 9572 113
2957 2557 617
9389 5702 442
169 2755 576
2351 9607 52
8337 4682 255
3637 117 148
2897 1059 548
3162 49 670
1802 3447 829
3865 4275 152
2399 5416 366
2680 2812 451
4969 4556 339
4675 1326 26
6178 7955 564
470 4510 73
7577 4093 929
540 6543 446
1889 7679 620
2533 2246 759
5478 4850 260
4418 3351 73
5890 4153 526
1555 2602 176
4782 2629 442
731 314 416
5354 3635 417
761 3664 528
9399 4993 928
3577 4701 440
1624 2819 113
2149 9163 983
656 6234 483
255 2748 502
6028 3841 153
9498 4119 644
6060 6136 509
8819 6270 216
5869 8449 573
7093 3032 268
59 5688 434
2516 6347 739
1771 542 570
5025 2495 540
9707 1140 739
895 6958 263
1969 3912 433
5390 8046 299
2078 6354 281
7213 983 713
9647 2063 720
5325 5421 651
2509 6988 869
3471 388 144
1030 1584 99
431 45 969
6493 6462 416
4380 2993 922
3924 2384 796
9135 908 756
8944 2341 110
8379 7020 535
2529 280 926
6014 1594 787
1790 4581 695
221 5389 854
3307 7568 902
622 6923 315
6996 460 992
1565 5221 655
494 7343 461
9841 8876 575
6606 5030 206
8714 246 850
5432 9682 929
466 9371 840
6896 3265 540
372 7106 942
8459 4843 91
9876 2914 432
1467 6307 983
7958 9240 133
3987 8652 670
427 4404 58
5421 6280 527
7683 572 758
2138 8788 173
3272 6346 468
3337 9152 960
3812 3157 330
8009 3753 189
4313 2894 608
2376 4281 905
8017 2252 100
2578 2439 724
4304 5609 263
4031 1481 116
2735 3395 699
6747 7049 601
4579 7098 95
2467 1663 951
3705 6051 266
413 5861 430
5333 3144 183
633 9099 617
7010 2426 835
2060 7533 162
8723 1625 377
9970 4586 584
250 1524 919
3817 9124 987
7393 530 336
2102 8823 994
8543 4120 785
406 6606 708
230 2753 410
2191 2303 81
3014 598 476
3720 667 466
4886 585 312
5737 7396 260
5050 5615 562
659 2101 397
4238 4830 963
7865 885 443
7381 8613 671
3346 6376 380
3286 2528 97
8586 7260 499
349 2612 837
2598 6418 417
1138 4380 354
5407 2120 602
8097 7536 65
4384 6764 238
4793 5665 476
2101 9196 332
6596 3280 414
1841 5351 383
5963 7024 654
7367 8824 822
7625 1354 801
5793 7003 113
7005 8279 595
6200 759 90
3840 4513 654
7598 5036 699
1879 846 317
6875 1929 884
9216 8556 537
4328 607 548
1216 579 396
6583 2642 155
8758 183 599
9193 1740 380
3303 5346 343
6889 5058 124
9613 8479 927
1529 1043 542
7590 1336 307
9753 2534 714
3023 2201 595
307 836 213
9283 858 634
993 4272 970
5851 9844 51
1825 218 726
583 2241 863
6826 5843 294
6840 352 604
1999 7113 398
7571 1224 743
8072 2530 103
1689 4670 645
7261 1672 541
5071 584 353
8440 2650 703
1665 9849 483
1302 2384 970
1733 2482 489
6841 397 327
4297 4996 630
400 8326 761
2734 7342 874
2921 7249 766
7472 1061 28
2436 4614 793
652 7124 675
1473 9768 82
1651 5618 300
1712 8337 170
3608 825 396
7058 529 987
3661 1866 206
6362 952 14
7213 971 353
480 3391 974
1873 8374 369
8968 8265 510
2357 4639 774
5855 1544 871
8981 6194 557
2956 3353 712
8146 7769 892
7149 7857 545
4354 2006 723
1749 8196 351
9088 5069 11
7664 4249 386
1706 4569 921
5987 9809 11
2601 1046 816
1 1316 466
7289 1863 963
730 8186 761
3817 1701 689
7032 8329 172
1136 7457 799
5179 9851 222
3572 3499 63
4184 814 423
5918 9029 903
830 6488 767
8869 5753 660
4190 7522 662
1503 1855 197
452 3972 540
5113 2583 102
1206 348 878
9322 9920 450
9931 5887 286
8139 4435 666
8861 2482 551
4437 9437 720
1106 5633 989
1505 7020 524
206 9789 311
1324 2523 289
9600 3509 6
6615 863 759
2406 7291 274
1059 264 912
9327 5031 540
971 5041 593
4810 53 397
5481 3565 119
7534 257 286
3369 4909 809
4283 3907 501
7102 9122 624
950 5907 409
2408 160 179
3672 5133 290
1397 1873 64
2636 9441 918
6500 9618 651
4532 7940 202
5966 8495 929
1000 8130 439
4078 375 112
1049 1615 843
5149 968 639
1188 7174 525
6018 870 252
3517 6826 407
3728 3722 910
2649 1000 821
5143 9992 169
6162 6141 222
2096 3380 514
9046 260 443
813 5829 278
8131 7194 927
1461 5232 231
3265 6795 134
850 859 987
5805 5881 953
2719 8669 202
9842 949 310
8661 5264 226
812 6759 537
130 1889 120
317 3958 563
111 3450 711
1895 1420 260
2562 4238 862
2608 245 752
4159 4651 481
2862 956 959
3872 3124 361
6238 9913 286
9957 4146 257
2898 8194 603
4564 2167 496
7098 9157 780
6913 2991 34
3349 6424 630
316 1537 6
1447 293 727
1309 54 299
4483 7561 376
4420 363 548
3439 202 446
2137 9335 41
7231 8587 186
9286 9383 23
1249 9331 601
7158 7245 576
8066 5368 701
1108 5441 534
9040 6845 195
7030 4261 188
4145 6108 417
6852 2134 967
4281 7276 516
7154 6529 379
5823 9508 948
444 372 290
1972 9354 939
635 4589 982
6418 2197 869
6686 1460 286
4831 6832 355
2277 1584 816
4025 4986 97
3798 9397 332
7142 5204 916
113 3046 310
9886 7875 69
2306 8682 721
3942 914 692
1467 5693 720
711 7531 908
4305 8950 528
1252 2493 343
9412 2254 542
9026 8088 850
1088 3174 495
5464 6200 909
6801 8062 575
7217 681 945
1009 6303 344
9935 1936 539
4179 437 503
5972 395 628
4076 9545 676
881 9085 100
3224 7677 615
1270 2060 938
7099 9755 556
912 4634 463
7554 1902 314
9370 965 989
513 8696 864
6945 193 540
5319 5497 477
1174 4194 226
5643 7162 371
3151 4394 571
2202 7556 94
3279 1459 154
6906 5965 366
4237 2982 325
5224 517 721
5399 7896 618
4320 1550 501
3308 3703 542
7062 5889 839
9764 8761 536
8057 7605 688
6829 3682 954
5896 6758 144
2194 6820 494
9340 608 387
4152 9320 23
3109 2758 699
443 7275 82
7715 1585 592
1358 1938 538
1690 8599 259
4596 4573 319
7303 7722 618
1962 8588 854
6604 569 357
44 1316 262
8863 8872 14
4255 2323 506
7043 5510 568
2704 848 704
5611 9661 54
2077 7681 697
5363 9008 964
6146 9442 207
7037 273 86
6245 409 696
9709 3254 158
7946 571 115
5287 267 36
1087 2271 458
6806 4120 939
2620 117 978
3259 4220 241
2233 7386 559
7014 2973 779
5244 4386 659
8511 2940 325
1202 7804 406
7956 3 632
8639 8085 740
9391 7336 426
1222 1105 216
7904 2278 256
2707 5375 913
2392 379 351
1708 3895 718
2305 6067 319
9232 6523 752
2658 9339 560
4398 8270 5
1856 7438 289
7521 8348 674
5774 8023 573
3225 7888 560
149 1394 519
5261 7765 364
4721 7344 625
7077 898 805
1265 4985 599
5530 4761 206
6288 4133 844
117 4044 357
8732 4028 410
467 885 34
2700 3410 627
2834 2870 13
1937 396 152
9160 6811 720
4720 971 806
1253 5300 458
4615 1377 647
3031 6145 985
7065 884 651
4723 3956 980
897 658 724
5818 5625 51
262 6916 609
5693 2341 208
312 4310 129
6352 3538 108
4689 5227 160
2056 7946 556
8919 3914 16
2303 159 553
3692 3072 31
9321 3551 734
1639 7443 615
7097 7127 951
2159 2384 22
5349 411 582
7149 4677 485
1405 6349 203
2962 3571 926
2119 5048 509
5761 8660 611
337 1777 447
1494 3344 149
1298 7792 228
1665 602 111
46 4823 694
5193 3140 695
5753 9896 25
5654 5898 110
1325 6758 250
1642 4094 178
4845 5041 607
7221 9732 192
7456 9316 26
8761 4526 465
6278 3117 252
8041 1017 41
6050 8528 632
7924 4974 995
5108 8447 769
1071 5457 533
9811 2577 491
6253 2560 285
4376 9542 109
6050 1385 667
2286 1901 882
6192 9450 686
1181 3164 881
2136 3650 126
9372 2973 155
6436 4239 425
8397 5946 803
877 8104 392
6190 9952 546
4928 9967 177
6257 2526 580
879 3056 841
4550 284 868
8177 9280 536
2343 8784 268
938 245 182
9847 3372 925
8664 3214 912
3306 3778 264
4341 6147 61
1694 6039 408
2297 1793 438
942 8359 858
4045 7876 800
9904 9646 215
9970 3101 156
171 6197 250
3137 7707 496
580 265 378
5834 5631 102
8587 910 811
6894 6191 813
1156 2914 653
5530 5910 624
662 2699 255
1915 8345 780
3775 641 380
1632 3183 470
9837 6506 134
5432 5648 160
1682 9018 546
2930 837 980
7845 6778 373
9011 6804 236
2632 7893 498
175 615 392
5478 2101 123
7627 906 48
158 2493 452
5549 9500 660
8868 9533 353
6169 6135 138
3148 987 964
9071 9764 265
2285 6539 114
2476 5312 407
8112 8723 398
309 1904 25
899 8644 768
3620 5888 970
6764 2415 606
3065 6661 3
1740 7341 120
8818 794 748
8194 8508 414
1831 2443 373
1383 2513 880
1390 321 573
2270 962 401
7261 4380 173
753 2208 712
8072 1621 811
7396 1800 15
68 8522 592
2168 202 70
1940 1553 529
7564 2408 345
1485 6369 703
3039 1853 374
9552 7570 146
5210 3230 390
7120 4751 528
7955 5468 664
4136 3817 406
5282 6647 270
2769 8113 129
796 6305 883
2013 2484 188
8875 9576 775
8596 4223 586
1383 8724 251
3009 5881 193
2753 6589 70
5139 1417 724
1506 8700 558
998 1172 424
353 5171 439
8622 4738 140
9673 5430 164
216 9026 43
5825 2840 7
4755 7038 557
5040 4868 55
5816 6782 33
8078 338 178
8318 8904 413
6833 1784 600
4763 6588 665
393 1421 672
658 7158 967
2488 225 812
2306 1428 710
419 4986 956
1144 4080 217
4029 1302 455
587 1200 187
6567 1108 567
873 1742 967
6545 6481 807
2473 2824 193
9016 2469 897
1895 4513 656
5516 3166 322
1008 5917 510
1789 8713 866
7505 2596 680
2373 3955 956
3747 9268 586
5978 4144 352
1303 7332 126
6131 2530 211
1729 7957 133
5951 6314 496
4874 6220 398
4482 2014 228
1278 1700 538
934 5887 73
7064 3941 442
6489 1531 52
6255 6319 458
3784 8125 943
2806 526 53
875 8506 311
2617 712 227
2592 838 949
8959 1447 497
2060 2243 604
7082 7108 511
8788 826 134
9117 2484 626
7494 4995 140
6503 5733 797
7825 9649 365
9142 9471 651
7628 2488 303
1000 9348 674
2118 2011 362
6633 8126 735
5022 2251 225
4673 2994 1000
5874 3115 895
3753 5303 666
7325 5918 748
5715 9569 658
7473 5953 595
6634 2224 690
448 278 143
1603 7374 295
1797 6152 398
330 3371 744
3447 2171 671
9945 3041 598
2641 1312 430
8529 3712 124
1440 3694 53
4508 8551 208
1003 317 289
7612 3052 272
215 7290 224
9932 1022 516
9810 9552 755
9799 795 939
6723 7183 147
4048 2114 327
1516 4276 898
6681 1874 282
6318 5467 672
8353 1879 612
837 2540 663
21 4559 42
4180 138 286
6983 4535 923
5012 8987 934
654 7043 466
8559 8720 201
3939 366 844
5760 4692 841
4539 6736 103
4961 933 184
2302 9076 830
7266 8052 433
4012 240 983
7059 8528 404
3040 1402 715
7948 9837 70
9451 885 714
1469 9127 999
371 647 959
9082 7701 553
8791 1175 742
3703 933 354
3593 4773 281
5270 3870 415
701 2362 954
9663 8557 171
6187 8839 209
466 7031 640
1033 5039 398
8922 9136 70
7652 9869 891
8353 1955 376
6188 8142 129
7999 6042 675
2254 7578 939
5287 5113 684
5165 5954 987
3874 2322 456
7388 4741 322
2257 3836 968
2421 6677 525
2398 961 887
23 3582 392
4263 7724 345
9718 3676 886
5414 8146 658
4733 1171 547
1232 5389 606
989 7605 415
1676 8315 957
5431 5907 39
4422 950 363
6056 6944 705
931 1451 660
42 8081 222
9659 1502 369
633 9803 166
9634 3734 102
1297 7052 354
4747 2274 551
5052 1137 910
4281 7085 601
2697 6494 185
7316 7513 77
7445 2053 275
1448 5793 703
6589 1780 585
5522 4060 250
6782 9819 831
1581 4666 793
3492 4972 132
6191 6449 219
2368 359 61
9485 3683 259
408 6405 326
3242 520 190
2624 7817 781
5334 2361 232
664 7234 4
103 5255 983
9581 1896 428
9589 9412 742
2208 4736 32
9847 7242 538
375 958 28
1811 6453 804
2167 250 467
9704 7461 609
2194 7124 56
9540 272 370
8890 3866 930
1359 812 712
4539 1807 795
7202 8396 297
967 8355 877
1988 6534 614
1594 9162 977
150 2633 460
7229 5531 491
1470 381 854
7945 8661 430
8728 9186 422
6131 5694 186
97 2266 103
1956 253 566
840 9828 925
230 6256 158
7748 8239 72
3619 5645 597
2382 3533 87
5688 9602 408
2711 2324 183
9924 4246 9
622 744 252
7125 9048 546
9572 198 707
124 5434 941
7759 729 843
375 1241 16
980 2366 864
1776 3566 15
2942 7605 488
237 3432 433
1461 5438 322
2702 3072 396
6765 8707 349
9159 6099 222
9946 9169 804
226 6502 411
2081 1673 880
8710 8729 779
1347 5076 307
2967 5817 279
8331 336 782
1170 1120 804
2590 15 334
8090 6833 273
3431 298 749
1868 1655 282
9325 1897 56
5461 7922 94
6387 7814 415
1109 7864 718
7753 6780 856
7738 998 325
8081 2513 925
1135 6722 749
4743 8197 624
1087 3132 740
1696 5632 761
8755 7829 509
2376 4126 364
8490 2529 956
2983 2571 512
515 7567 311
5911 5391 237
4622 8733 890
8019 9148 647
8721 3798 350
1006 1171 198
5957 8033 736
338 969 676
3935 2774 591
4761 56 838
3566 3471 243
7679 1902 168
921 8892 946
4527 5098 127
392 3657 934
2112 5103 979
528 1555 40
909 8959 485
5552 8718 327
383 4076 800
7449 5038 998
7237 4406 226
2536 961 761
4853 9558 282
3557 9911 761
6198 524 928
921 4588 91
9741 9074 238
2306 7447 226
7788 4560 312
5242 6037 702
3463 6652 42
2195 662 340
5259 1896 130
2785 3134 285
4746 4638 237
4780 644 332
3832 3891 621
2427 7411 328
368 448 640
8641 5032 97
1016 289 729
8871 1582 482
7260 7619 877
6911 6233 516
3916 208 202
584 2286 516
1325 9961 335
5946 1947 338
5132 8873 895
4234 5418 489
1673 520 753
7209 955 24
3714 2123 947
2084 2639 148
1715 6895 619
6544 1197 798
1706 1222 379
1920 1953 183
2286 1687 881
9085 2646 624
2728 2778 177
1495 9649 830
4999 8734 989
8886 4773 552
4218 2625 792
4321 3931 652
5005 1121 864
8912 9878 112
399 8746 632
4300 5219 780
8275 1912 108
5859 7145 255
3575 6120 683
2650 7888 291
4600 551 61
9884 8255 755
5469 876 16
7568 1208 436
6166 9698 920
1763 4791 102
8785 7534 871
8189 8717 836
3529 832 20
6576 6104 444
5818 5842 717
5176 8696 71
1794 1412 544
9544 8511 796
5963 8009 90
2093 6853 579
1228 664 460
5292 8330 797
484 724 401
2201 9247 596
8862 9579 347
5955 8996 771
1660 8929 439
3765 2092 663
5585 5565 200
1910 3699 42
5997 9984 991
7264 8970 596
6979 104 192
2525 3953 515
5600 2645 988
544 1739 262
3197 6482 872
7034 6887 845
8281 8227 760
2346 4767 789
1313 1009 80
4451 784 750
8357 55 420
4271 9857 454
3496 2494 199
3716 3324 546
9955 8147 432
7162 8724 26
8874 173 208
5908 1906 483
593 7821 524
5785 2526 204
1662 1451 437
9110 1755 714
2119 5944 695
6104 1477 239
8676 2890 346
9907 3932 542
1688 6913 336
292 9128 360
9248 3194 844
2086 8356 114
8152 4684 266
5263 336 799
57 1640 619
105 7334 116
9945 1407 821
8367 4728 588
8050 7756 85
4767 248 75
6458 3456 130
1404 843 424
2104 9069 5
5009 4893 25
7264 7996 134
9514 7852 802
5085 6776 123
3245 7807 794
5846 8920 490
3348 9242 260
787 2114 612
3516 4016 612
1379 9579 801
4746 2757 285
2956 7754 437
2403 834 56
7547 8811 972
7437 1612 680
3185 4243 835
2845 612 735
9800 9128 170
3256 7096 76
257 5792 94
359 7984 728
8777 8294 458
6033 685 94
668 544 358
8429 2370 90
859 3167 709
2113 63 293
128 509 710
1475 3275 446
182 8889 791
2256 403 637
7922 5392 896
8342 8054 159
5850 4900 494
7285 567 862
3312 7672 16
8996 2633 756
9291 871 565
1133 9236 701
1558 3579 996
1385 3440 493
6570 8651 626
8138 9106 876
3215 9835 315
7324 294 69
7222 5304 414
6990 7387 590
6254 6622 206
1402 2644 480
8418 4574 677
1112 6900 750
4381 631 868
7938 4607 157
4792 6327 606
8334 1081 400
5397 8249 225
7393 1180 725
2285 7901 300
4108 5960 464
1902 3597 145
6463 8790 524
7414 8614 678
3437 2416 170
4344 6129 336
3881 9939 176
1387 759 562
9432 9178 755
4698 8500 333
1249 6003 945
3866 2312 528
637 6312 262
2026 8320 216
3059 4746 624
8574 4084 590
5295 1981 633
4814 3448 553
8633 1055 483
2145 8692 711
3812 700 554
6866 2114 394
6114 1301 927
9663 7005 785
2492 7220 148
6123 6007 87
2478 9833 615
9196 9895 719
1951 3980 86
7642 8057 812
2494 6317 565
633 2032 363
9626 6715 94
116 2436 719
3786 9203 359
2194 624 463
43 1706 522
6529 3144 615
2195 1725 588
8074 2014 61
1371 9869 664
1730 8070 156
2267 5700 511
6458 1620 756
8539 3311 303
8152 4729 904
3217 9543 363
9495 2447 405
1891 9565 45
561 3672 93
4145 8086 824
3859 618 751
744 373 675
6358 1290 113
4812 2126 254
2583 8315 7
3436 4512 870
8723 4008 63
8084 3159 191
2767 7405 771
4922 4301 40
5926 3449 559
2060 7371 714
8165 3968 785
8578 7167 702
4714 3466 224
3949 345 101
1873 207 786
9890 1097 331
4757 1869 403
3916 6091 467
9809 7089 828
1462 2136 606
5632 6213 259
762 164 711
4500 1075 896
9777 4465 631
6551 8607 236
6604 9870 560
2829 1219 368
9309 587 968
7537 8306 273
9821 4242 638
9990 8320 460
8880 2160 202
3953 1051 689
5393 2167 891
386 7920 206
1856 6847 117
6925 7746 804
5308 9200 614
2359 5634 548
1849 1125 525
6654 9777 145
18 9905 764
7914 8566 574
2747 5469 641
7145 1383 75
3904 7633 544
8813 1018 328
4586 7572 758
1660 6216 149
9739 1686 141
4646 855 753
2705 7090 196
1901 9320 883
1896 188 746
4273 9180 796
310 3701 807
655 7624 467
796 2039 317
7304 9865 430
8037 2624 785
4325 6176 891
3605 267 500
1472 6334 200
342 1507 670
1227 5710 459
9656 7209 64
5975 8917 135
3072 4539 153
1442 1358 709
6685 4924 786
2605 9726 34
7282 3228 557
8588 9802 868
360 980 867
6000 4362 91
6863 317 631
360 4676 690
5354 8834 887
6988 4010 432
9531 9509 410
527 6434 845
1496 8660 730
7570 169 683
2740 5316 651
1999 6505 660
5579 1683 454
7063 3879 576
7122 1877 70
7320 9630 630
8967 9403 532
3039 4296 895
8738 1025 249
1013 2665 676
2656 3721 465
4250 7565 907
1040 790 992
7644 9755 839
1162 1771 20
1952 6386 897
9812 2282 377
4489 4466 643
3968 2420 717
6985 6584 179
639 778 137
8375 3690 798
9912 9166 663
9311 4643 582
7525 3719 455
6047 87 339
916 9604 506
5383 8502 787
5613 514 576
1461 177 795
5548 8672 611
3260 30 283
6615 9014 482
1665 6207 150
9867 2913 85
7470 7646 325
990 6775 877
219 4343 837
7128 209 124
9851 2409 420
3950 8921 943
8121 1413 747
3350 8357 231
5884 4981 411
2376 9315 368
9485 6778 21
7374 1877 262
2307 9086 252
6676 1477 950
2554 6024 166
2588 8895 357
6754 4248 977
4054 1942 945
2247 9019 320
3864 6230 585
591 1914 650
3205 8227 497
7399 2618 295
5189 720 649
9062 6647 976
3048 5588 295
7991 8046 383
2159 2111 414
3326 8495 335
6786 8160 802
2600 9586 608
3105 31 758
3408 8550 634
5408 5876 132
8143 4429 744
1349 2513 37
1716 8548 315
6384 1055 52
3210 4316 226
8512 4743 829
8942 4381 122
2308 7776 909
6453 3316 276
3053 9520 856
3497 530 776
1208 676 935
5326 470 230
2729 9445 300
6482 3591 388
689 746 108
7093 5236 593
7472 980 87
7815 9590 12
8087 2472 975
807 9363 454
9222 8077 972
864 661 391
4772 9427 288
459 6977 768
584 2571 100
3534 8996 745
349 3274 323
5246 7130 988
1780 1540 1000
8867 7498 368
5969 8052 490
3308 1654 319
8839 5875 471
2306 736 711
624 9946 592
5343 9830 87
182 5797 771
9304 2702 880
7054 4871 944
604 7775 422
5791 963 353
6137 2373 934
2825 670 925
3996 3270 483
5489 8751 241
1279 1085 874
4727 908 275
6615 9196 395
6057 5425 651
352 8608 510
2691 5631 934
9703 4604 176
8815 9923 235
5247 1127 392
7513 887 491
9867 4083 655
2288 3451 350
9349 2484 537
3505 3723 588
1546 2047 632
9902 1064 981
80 992 822
985 1870 520
1978 7964 73
1333 288 186
2220 4518 389
1431 8659 874
6785 9131 539
6847 7865 673
6161 8639 563
3853 7918 784
3579 5972 353
8779 8438 329
541 9328 309
5581 8332 415
1260 3678 501
9482 6611 356
9570 7729 869
6912 1381 470
712 2397 972
8842 5844 11
34 816 335
481 4656 257
3488 4716 980
7911 6858 678
8905 5925 76
1792 4055 823
6799 6650 829
2191 4119 402
3163 3591 853
932 3885 206
4949 6874 813
9620 116 812
431 8368 332
2561 1132 773
1074 7174 831
8936 15 430
1756 9117 255
8203 3570 578
1303 5492 182
8980 6874 791
2018 4793 253
969 3934 190
441 1132 974
810 2913 920
8411 1482 605
8173 1079 662
1319 1976 555
1468 716 389
3091 5660 76
707 2509 4
557 9278 725
4044 7253 697
85 45 335
4026 5347 653
3065 8794 83
7974 2907 645
1847 4073 274
3615 1644 652
2493 1072 383
4652 9912 986
7064 6167 959
6416 4214 920
2101 6865 802
3376 9791 709
7240 1795 202
1055 2724 250
9868 508 193
4583 3593 243
5368 7438 28
4981 1599 753
9705 2135 312
732 1104 325
2691 1059 533
7690 9630 369
3070 5581 36
7971 2397 982
3917 3676 647
2242 2405 826
1572 1163 542
8496 3871 259
4122 9845 168
6138 6027 869
752 7847 758
9319 6173 259
6193 2111 175
1604 1280 973
8074 2496 862
4149 8909 352
2929 1880 858
2784 8831 796
2239 3916 192
8559 437 620
1764 3273 471
8379 5711 3
9460 3837 193
1754 9073 528
7747 737 9
6156 8767 702
5518 6597 143
4043 2757 689
1673 9904 620
445 8514 207
463 8845 920
3776 6724 812
1772 166 28
1560 3112 514
4003 4593 69
7487 8097 699
921 7197 378
8531 3582 594
923 9103 358
2990 1238 832
8254 8085 88
1484 8905 506
1016 1823 327
1314 2323 507
973 3743 174
7832 2111 55
6891 9733 386
796 825 959
8783 1261 133
2889 2181 284
285 6389 439
1169 4038 618
5974 9960 123
2655 5455 94
3914 7863 112
89 2066 301
5895 1329 760
273 1077 562
4770 1483 369
8683 747 320
4519 620 760
684 5090 419
1858 9199 159
7928 5021 730
6165 5978 24
9451 4946 33
5359 8079 911
1109 2726 744
1911 2551 558
7959 1964 558
5316 844 291
4893 328 539
1625 8244 748
1585 5037 339
3422 2336 160
7814 2463 808
5666 3653 5
271 2503 179
9397 5441 658
4258 5269 267
3817 4189 674
3012 729 367
7693 4341 387
7034 5027 779
9799 9417 309
9715 5536 434
9389 37 545
7398 2459 468
14 4236 271
6837 93 941
5023 3077 174
9937 5075 784
6378 137 295
9192 5416 630
5369 9491 110
4987 9636 200
8853 6886 852
955 2629 245
7146 591 948
4494 4962 43
4609 2223 140
3320 9909 304
1128 3530 325
597 6542 525
3681 6553 796
1234 2480 471
9625 4081 832
9434 6554 249
2280 2536 226
2815 8737 618
4208 5580 837
1792 8443 946
6822 6547 793
6023 434 274
7881 1027 77
1841 1989 463
7503 2359 469
2974 4120 790
247 5248 938
7449 7363 341
6206 2953 327
3071 4257 472
3262 6699 408
4834 3686 914
4953 993 193
6874 9660 448
3980 2578 779
8737 2095 983
7830 6883 341
6688 7817 990
1725 4088 178
594 527 621
8125 9615 891
7581 8627 853
6238 9793 835
5712 3166 804
9951 2076 153
4549 8986 527
4705 235 464
6855 1594 480
1447 2001 215
610 9333 548
8674 7134 546
8174 1667 613
3295 3205 307
5820 4183 152
2152 4343 861
8575 5011 286
1350 8712 465
2186 5456 68
656 3873 899
4921 707 872
8352 9345 678
9993 7863 467
1589 5078 229
3240 1563 404
6573 7705 79
3739 5766 847
2180 2341 638
6644 9048 477
2702 8328 757
3826 9094 22
2111 5172 305
2424 1109 687
4037 111 235
5581 2636 224
5567 521 198
9523 307 801
971 1174 938
3907 3699 506
6094 8612 488
1893 7786 172
7959 8408 772
6830 4427 440
1653 879 802
9090 8611 221
5884 2939 999
90 6257 895
9699 9593 403
8587 4614 352
6692 9316 515
7278 1568 1
5214 5615 502
9246 7073 189
9179 2571 351
1338 3208 685
2767 5580 574
7851 2426 904
2799 171 392
2738 7758 566
5960 915 785
8153 3959 28
8085 878 171
7802 7508 842
5368 5082 419
1368 7130 543
8079 1078 181
2338 1465 103
4466 3162 878
6073 8722 812
588 8575 543
8244 994 465
809 3365 648
891 9599 253
4607 1795 279
5901 1930 135
736 311 853
9447 6373 664
9477 7358 925
9241 6168 79
9297 9489 678
526 1125 861
6880 9764 186
8354 5024 159
8331 2897 210
6306 7863 61
1961 160 871
170 1212 639
3601 2982 458
4194 5964 852
6581 4111 460
5926 7435 11
1744 4227 546
6395 3714 314
1909 9788 855
2302 8266 405
4752 2466 383
1643 7752 983
2916 797 855
7507 3489 938
2559 3420 875
3080 1525 78
1500 7374 633
6449 9409 836
3753 4358 464
5793 4707 443
2809 6957 242
1349 300 537
5019 3790 803
8899 8865 480
2273 2598 877
241 7588 34
4842 1383 671
1407 8072 733
9428 9328 167
1854 1704 174
7615 1937 414
8426 669 662
4976 2472 200
5041 2491 520
7093 3932 211
6166 6136 250
567 7852 964
1073 2678 351
5765 9231 643
9247 4787 193
8181 5915 586
4807 7969 341
336 6148 604
3065 3639 53
8139 5068 276
2616 7630 314
8206 791 509
248 9715 941
1409 2428 767
6736 1638 802
7719 3328 767
6912 589 718
907 2364 52
1344 4071 380
2335 4093 756
783 5117 612
8554 8698 848
3850 8349 997
8118 1731 983
8311 487 912
8774 2031 33
7162 6335 813
6640 9974 739
7153 4361 274
889 2698 105
5527 7357 737
3058 5255 167
2191 2870 584
7103 7243 239
2282 1912 889
222 8366 490
8272 4306 696
5916 179 411
1054 1217 802
7311 1289 339
5513 6957 899
3038 602 809
2137 3350 879
1272 260 867
962 1108 923
6868 2496 617
5579 7306 531
7849 9417 470
1856 5158 79
2478 2937 686
1461 5556 771
3715 8858 207
4882 2051 875
3142 5763 869
6316 8746 194
3262 8237 988
9454 7675 902
751 2810 712
1070 5886 605
8792 8040 665
6012 4005 887
7372 6863 323
7764 281 913
9200 8413 280
4595 367 600
2691 7348 205
6601 4103 994
6051 3400 199
7012 6213 958
2979 1867 810
6106 1234 853
1526 5991 84
1700 8612 848
1059 6095 944
6878 658 112
7588 601 663
3358 9713 182
6669 3635 752
472 1269 337
1641 3642 262
9368 596 316
9722 8347 775
1916 379 340
2767 8446 581
2965 8938 263
1406 1192 709
7679 3236 833
9529 6637 374
4811 9371 695
1958 1352 20
9474 6173 214
654 2655 672
2214 4249 367
5409 3822 325
3376 8200 121
8344 9512 508
3005 6026 369
5228 4142 902
182 4299 401
2924 8821 508
2691 5110 293
546 7563 72
2210 3708 774
1179 5767 950
9938 5475 788
5347 9460 288
6128 1178 94
4490 1616 71
2019 817 520
1219 269 11
9937 7006 49
1711 2732 676
9953 593 246
4534 1947 303
5869 3011 856
764 7010 999
6015 2939 639
2026 9058 103
6235 3203 34
8528 3915 607
5495 2352 844
2085 1026 822
8446 788 671
7547 6899 863
2181 2091 680
3759 8032 319
5011 6674 649
5665 2062 891
7107 4287 451
3378 8353 491
2121 5326 607
4786 5677 152
1750 7948 884
2033 9453 916
3712 8486 828
1288 5233 59
8602 8691 166
3206 2289 569
5509 3238 504
819 4127 428
5210 8668 679
1472 4117 274
6285 463 718
1329 6982 491
8018 9269 174
8508 6304 838
5584 166 918
3249 9724 506
1465 797 275
6994 2425 59
4072 6959 668
2521 3392 997
5449 2128 851
6050 9952 709
1467 9403 768
9061 9340 807
4321 5189 276
2800 6780 785
1877 3727 768
1459 9753 15
494 2790 662
1661 7158 19
618 8854 547
1548 3272 258
8149 6800 91
2472 5318 334
3211 2345 728
293 1950 609
7204 5371 152
4404 925 636
8054 2317 319
1382 2752 997
3178 1562 973
3386 2500 86
4547 8974 533
585 2399 562
8036 550 194
7394 3203 605
7965 7402 191
38 2790 313
3194 9912 851
1613 5492 553
1534 5280 55
6126 8562 634
1450 181 85
2934 7161 785
3887 2233 434
7991 2338 1000
723 782 706
682 7419 404
3134 7079 198
1143 9840 774
8517 3448 146
7061 9717 351
6817 1564 382
1859 4702 115
1223 6089 682
7438 5777 823
1562 1757 401
1753 5348 113
9785 6899 705
100 5393 920
6972 6137 882
5259 7593 508
8156 5684 657
4538 1105 798
1853 5108 209
222 1329 592
4543 4334 963
6641 3643 947
92 8056 170
6916 663 91
7067 7268 455
6197 5291 834
5526 7565 964
775 7563 916
337 2263 635
1513 6437 579
1235 39 661
6934 9277 330
8227 3999 394
566 2900 127
39 5841 340
788 826 610
7665 4140 535
721 3333 542
966 3448 480
8637 1319 243
7829 895 529
284 1507 613
647 122 224
1580 9501 859
1521 628 577
1152 4933 509
4573 1264 602
7499 2548 311
3287 5106 163
280 5685 962
8050 57 904
7801 4595 294
442 2021 858
5857 7841 793
917 1544 488
2866 1590 671
5396 4970 47
9904 1688 349
8438 5680 147
6858 3169 323
4551 92 379
1955 2478 738
912 9661 40
6156 7333 917
4584 2319 708
9996 4544 642
2102 8822 346
7746 2017 273
4489 4251 717
3482 8367 696
6257 578 664
773 5499 554
8502 3114 680
3210 1559 139
8905 2232 556
2502 8655 447
2115 5412 8
5342 768 844
8883 9275 487
1885 2536 223
6468 714 27
9276 9287 635
6778 7476 226
7073 9357 692
1469 8209 46
4345 9693 726
5105 594 304
6680 4845 46
9708 5777 227
5207 144 818
3688 8415 803
6049 5566 577
4900 4126 687
2428 7497 262
492 8483 996
5728 6403 273
9531 1110 655
1523 967 142
4325 1758 815
5561 3964 596
1142 4668 140
3112 554 805
7755 9570 967
5888 643 655
2995 5299 824
6192 2275 638
7496 879 670
8975 1700 557
2408 6077 799
151 7802 484
4260 594 376
9241 733 988
9275 6822 961
733 8864 607
9933 719 768
5838 182 354
6194 7308 486
8339 5078 682
8118 173 147
3119 723 904
748 6498 540
2353 6190 930
5714 8723 581
3443 5113 781
9487 1861 254
6955 4625 736
6657 1665 553
8922 5709 605
2019 2557 118
1013 6384 786
1034 81 796
130 787 882
5375 2247 508
4307 3151 518
2394 4815 412
5880 3941 315
3044 5121 823
9750 1135 552
4140 4710 126
1200 9395 412
6071 1719 236
4451 2924 109
5242 6188 709
823 6875 46
8035 93 781
4405 8663 944
5971 1760 802
5321 1816 695
478 1390 628
8229 9093 181
3901 2402 841
5678 7776 397
5707 131 400
4904 8183 412
5518 2019 112
6489 8505 278
2017 3991 264
4793 1740 935
1798 3215 261
515 2732 50
217 7802 918
7640 5076 238
6511 615 553
9700 9550 357
9470 8116 549
5923 326 530
2823 2322 160
5844 8075 999
6832 7068 414
483 5685 824
4813 7606 627
1105 5443 781
4073 2937 400
9577 9470 752
1003 7571 224
4928 6186 461
9989 4008 15
8890 8533 910
1604 5040 583
792 874 141
4092 5101 247
9640 3281 168
8271 6106 113
6589 8348 68
994 6494 96
9730 86 192
6818 7881 477
4986 5384 261
6257 2718 924
3822 402 451
4642 4916 347
6786 441 672
5973 6504 984
1125 2458 667
7130 5415 333
7640 9189 947
6840 9372 16
9279 998 961
8027 339 202
684 2283 865
6224 1821 206
8304 762 135
2052 7607 861
4664 2654 976
8518 763 163
1027 7223 332
897 6797 558
3051 7682 528
7128 1005 295
565 8386 808
1800 4695 584
6486 8613 426
4098 3523 71
4052 8403 402
8914 7259 987
9588 5807 623
5000 3291 629
4248 1457 935
2664 2811 739
3854 2797 930
7111 8977 236
9922 1388 229
6863 4633 561
2751 3898 231
5886 4508 652
4500 8475 440
4757 7931 832
2437 6048 197
3735 1846 683
9857 536 284
2700 8730 595
201 1295 465
7835 4107 285
8133 5113 667
1111 6913 734
2975 6779 389
8805 6037 654
6759 720 889
3379 2003 346
961 8635 704
5125 4806 661
3582 6501 374
2552 9021 725
5144 6463 135
392 6007 388
8177 1666 67
6464 1309 553
9916 9009 996
7030 3345 333
9186 9152 344
6055 7474 875
5902 6896 869
4013 2441 223
7597 4689 636
2004 8006 256
2163 8121 879
236 7248 434
1341 1439 733
2279 8537 428
4931 6647 195
9235 5642 352
63 3523 322
5108 6831 995
2306 9165 49
1961 2078 541
6506 4775 574
1039 2955 363
7789 2674 956
2702 2800 487
3358 944 48
9849 4637 890
3161 2877 141
1635 2555 562
3708 1223 384
6410 473 372
8472 497 860
8471 7874 46
2886 5031 396
656 5322 264
6012 6138 748
1140 1831 722
1352 1164 555
2087 7766 613
9057 4009 365
7529 9821 397
3814 9515 856
1017 3987 615
7509 4685 231
1288 8043 715
1303 5260 155
840 7306 14
9386 3843 805
2483 6833 613
9234 8223 787
1994 1129 889
4271 9903 791
6420 703 340
2199 8623 48
4676 1791 319
443 2603 924
8043 9363 376
2640 9792 88
811 1155 558
2891 9728 151
763 979 84
1721 6495 351
4183 3973 112
4989 1427 505
9431 5947 845
1516 1370 44
4169 4136 411
6125 867 439
601 9048 715
9794 13 744
1344 8207 896
8063 5104 92
8291 5493 830
6935 4287 961
2262 7607 655
2781 8958 65
4986 9797 517
1820 1149 584
3680 1238 632
4115 6202 202
8224 2994 548
3633 4886 744
6437 7586 365
1480 6844 333
4402 2837 388
5604 1127 479
3119 4707 384
7392 1774 318
5489 7238 984
5045 3911 873
6945 9628 247
4895 9532 974
3061 4694 956
7243 9094 522
2168 1367 279
8335 4606 53
1663 1322 913
3260 2770 19
1557 368 880
8933 658 252
6829 409 103
5175 2122 288
5434 8549 349
1088 1325 496
6996 873 850
7782 1111 912
8739 1676 759
3476 6259 83
2025 6071 809
6402 1448 407
1223 1492 74
5317 1397 180
9570 437 27
1990 5742 608
4463 3776 345
6982 1580 169
6619 1992 100
2120 2359 997
1254 1616 790
2980 8963 778
4075 4978 302
9012 1934 155
3571 369 525
9886 9194 545
3832 668 851
2139 3091 113
5987 5896 890
39 8328 497
1927 2759 634
5308 8840 913
2011 1018 87
7390 1232 301
4298 1988 856
5936 8444 370
9757 7167 811
8653 2920 338
2708 1650 810
4108 4075 484
5320 2312 608
1057 6774 454
4014 8 896
9106 3030 437
453 1693 116
9848 45 233
1391 4211 180
4423 3935 219
3967 2284 42
865 6727 563
7464 8497 227
5996 2456 2
2227 2126 754
3903 1427 416
127 7101 812
8839 6173 807
3417 5307 255
2847 8336 962
2060 990 7
9889 9231 613
6754 3264 640
3980 9994 445
2585 4363 648
6244 4563 743
2131 2558 353
416 9334 160
5621 1137 581
6598 5530 839
5201 4902 107
3629 3081 385
7322 1175 620
7824 9251 110
9821 8948 481
8492 638 969
7313 2640 792
1763 1134 68
2146 2394 677
1381 9096 10
8002 867 462
750 7362 465
253 4541 579
3647 3156 869
6080 7799 467
6488 4386 396
7437 1076 940
1978 5524 728
8341 6866 553
6820 5387 284
6619 1375 366
4730 3144 15
3178 8402 146
8981 18 13
9372 6102 977
9158 1645 745
7754 7901 388
4350 5212 108
3157 308 62
3969 5498 566
5401 1398 758
6686 8301 582
9214 2291 508
4008 1337 791
2799 2608 145
540 3621 341
1930 1560 491
253 4547 422
4729 120 851
5055 6601 891
2566 1 197
8707 1216 631
9937 8461 513
4945 367 659
3265 6989 602
5658 5533 206
2525 3234 619
8932 6716 517
4843 1932 227
1372 2255 450
3478 1798 285
3876 321 466
2417 8824 385
760 824 425
138 6931 323
9518 3555 505
4232 3972 567
9694 1032 93
997 9413 76
7600 4202 961
9273 131 661
4443 8518 183
7451 8669 811
1811 6205 223
7500 8491 503
5671 5694 714
9466 5078 578
8022 6156 81
1512 668 118
4013 6221 459
8286 951 136
204 334 466
7305 7226 797
4042 8171 831
4405 1017 605
680 3741 696
355 4914 895
3193 2314 549
1604 490 427
1975 847 741
663 2316 943
6909 2797 165
3129 2627 327
3390 934 50
228 6749 977
9360 4074 840
1268 9558 537
1077 6314 554
3824 592 984
2059 6706 497
7632 3676 657
2596 9702 909
999 1205 199
5270 8208 603
9270 1197 36
6428 2593 122
4019 7897 259
6849 498 628
7716 3680 133
5735 5038 586
4765 8407 137
4483 1636 193
3689 8757 47
8980 3302 394
1908 4335 813
3651 9139 356
8677 1296 425
8557 260 593
3515 1381 771
1284 7441 107
9039 5912 275
4811 1010 946
2136 621 634
230 196 2
6024 4352 793
140 867 387
6874 9253 565
3226 7684 835
2414 6085 894
7618 4833 359
7819 2147 92
613 8469 972
8579 6969 404
1168 6327 144
1799 6016 555
5848 8178 113
5872 9583 369
4464 5345 376
2060 1828 697
8127 7499 779
3540 3318 516
8839 7668 1
3602 6386 925
2344 5024 432
4162 2282 927
3693 377 474
8477 5126 796
4453 703 796
7322 6329 760
8870 9150 485
2145 2766 910
932 8651 480
8070 2659 419
7174 4270 446
294 8327 594
3630 446 865
2648 710 515
6900 8511 646
6589 985 710
3791 3632 683
8643 1431 209
8109 1245 856
7985 3445 900
4837 2456 151
3127 1540 75
9308 678 746
7009 4829 978
7083 291 162
417 7849 154
1464 711 584
7629 227 185
743 5859 800
227 6561 221
1118 7893 357
1808 5061 921
9778 2714 144
1072 2623 762
5503 958 546
2909 9257 283
5720 9623 520
3275 1885 647
3309 3312 396
7518 8757 591
2944 1936 732
2849 9012 523
2113 6058 360
8889 2146 495
4525 8641 274
4627 1404 651
9535 5939 417
2707 977 268
3990 3221 281
8697 8405 634
2062 2217 485
1578 7293 400
6562 4979 906
628 6678 224
9938 267 916
6605 1219 243
5846 7434 662
819 6837 143
748 7768 82
527 1039 538
2755 4912 26
4969 3016 538
7124 6009 270
573 8200 470
4939 8216 456
540 4299 407
580 45 883
6589 1614 953
4612 6227 208
7841 6931 383
6024 5941 934
6616 9586 927
8561 7080 86
9511 3905 428
8756 9103 9
3769 2949 298
7148 4519 756
6417 5946 82
1909 4439 878
8742 2197 230
2727 8779 523
536 2166 497
605 3851 655
6878 5125 31
9972 6990 189
3265 9334 426
5672 125 437
740 4844 31
3282 3521 149
4203 2507 728
8948 8431 943
1579 832 325
5642 3100 179
2253 3795 242
1728 7066 477
2963 115 907
251 7139 498
7901 5879 894
8402 5471 564
4691 5710 775
7874 9323 852
6851 243 56
5327 8371 596
9992 8796 325
525 7660 695
3408 8629 76
1238 8965 216
3502 8538 642
1922 758 385
2538 1512 248
9278 4514 325
2844 7533 884
7642 890 697
1337 226 766
7105 1243 813
5957 835 985
2675 4081 799
6055 9036 512
3288 3429 749
6972 5902 782
2038 6255 623
1380 1474 710
6007 4673 510
2632 8638 489
469 6270 753
3863 443 668
3339 7022 65
4985 2893 241
9640 7812 716
2172 6586 895
7299 668 101
6185 288 628
137 6823 987
1739 6565 10
9228 1154 997
1143 476 562
5854 9970 640
9109 4053 356
5313 2339 309
448 9175 385
3319 1912 311
5877 2319 613
9362 5884 940
6111 2112 888
3416 8393 21
260 753 817
3779 7858 840
9143 5248 368
3560 9252 778
9613 5745 108
6488 874 645
1967 2370 839
2426 1596 780
2371 7170 527
5183 6841 327
6557 416 31
651 445 21
1024 4311 642
6221 6589 314
1750 7472 7
4700 5121 95
4353 5228 723
605 1899 279
2758 5486 609
3922 4047 462
2302 3842 382
7126 9595 105
971 4794 13
7532 6868 695
2094 4475 261
6203 3218 352
7991 981 60
9236 9940 767
9386 1318 666
1272 7487 493
3206 1607 191
696 9458 405
7376 1500 666
7851 2760 422
5020 580 33
474 143 12
4620 3692 93
8673 9605 36
2563 1072 843
103 3760 707
1955 6451 492
7506 8109 443
4484 6288 863
260 755 871
1184 9951 547
7102 2928 17
1316 5330 343
2367 2212 243
4659 4037 632
2201 8261 385
2657 3902 566
8564 6491 669
8406 7057 330
6420 2678 9
2254 2462 351
45 2232 796
5362 1006 725
3517 8425 378
539 843 493
4383 8674 225
8850 4661 613
3818 1936 407
1737 3306 348
3331 7741 691
7510 8106 738
8161 612 914
1500 1511 751
8082 1802 166
2892 5845 139
170 445 186
242 9376 265
1155 3523 189
5818 222 630
89 1717 945
6868 6068 112
2953 5271 199
5695 6188 255
6870 6879 924
8074 5724 982
7 6020 464
6986 2062 447
350 1682 907
7924 2297 490
4055 5987 312
9979 9930 271
367 8602 916
5174 1968 383
1083 8200 577
5594 2646 22
4639 385 690
3525 4275 884
4131 2122 4
2885 1077 528
5502 6602 923
9487 6737 277
2208 5152 877
1934 1332 95
8556 7838 473
1984 6880 808
6166 9453 216
772 3908 942
8237 8971 480
6658 9657 714
3176 9918 938
1632 5578 532
7820 2042 585
1349 6501 354
3040 1169 212
8739 5044 430
6108 6801 838
2128 9526 494
3726 6200 221
9983 3470 704
22 6921 142
6086 1591 126
5507 79 407
5316 2150 646
4687 2016 154
7325 7879 447
8142 699 828
8685 6284 670
4729 9889 96
635 6483 185
6197 8932 738
8474 6957 433
6220 9763 704
578 276 962
9719 164 660
8367 8752 210
6198 304 229
894 761 404
9632 1888 217
2972 1090 686
1520 4439 957
2573 5909 325
5262 231 130
3518 3663 269
4434 2452 155
430 8490 918
1652 1337 432
4567 5586 992
2329 1966 212
2686 7079 279
3900 4506 443
3210 3086 812
7799 7106 49
5695 7936 201
4849 5415 746
8314 444 686
2028 2319 940
5402 845 12
1916 3912 807
9748 8391 223
5026 9490 837
9350 6837 562
655 5160 833
2666 2965 146
8334 7219 998
2073 74 684
1456 6737 431
6513 4136 196
1557 2864 45
912 312 956
8504 6380 3
7037 6566 883
9436 5320 473
6154 9898 835
9708 1079 797
7580 9046 251
8677 8522 184
2105 5405 812
3338 2231 689
257 2843 189
7206 864 624
1900 345 800
9639 8177 682
3746 5316 585
810 2662 164
1863 8876 588
200 1588 736
7397 1972 646
4733 9824 305
4580 3752 616
7375 5817 928
3110 3327 712
2852 2876 960
943 7167 866
1000 1502 10
5340 1270 41
1131 5683 173
140 1133 395
7284 8160 976
5293 836 803
1186 1510 521
1276 3462 632
7925 2071 716
575 6553 533
1721 2070 541
8513 6705 347
8618 9030 970
3601 5877 829
8139 2053 703
7085 2004 491
6700 6019 360
1257 585 221
4872 6732 233
5490 4594 890
8793 2709 258
9584 2458 481
6727 9613 919
2422 6114 678
6496 4524 26
2123 8167 272
6540 9594 937
3605 1105 627
9918 2645 999
9548 5036 272
533 9334 713
9404 3465 463
2008 3294 69
1977 7 448
5290 3851 718
9428 7923 38
266 439 773
4539 1786 193
3877 7835 298
2252 6763 279
8159 9979 813
9561 7697 893
8879 8827 488
9866 4722 30
4528 9981 74
6118 3431 458
8189 8748 945
947 8281 164
6529 6742 365
3081 4083 849
3626 3725 87
424 7339 981
713 158 579
700 3623 130
6534 6814 91
4532 6587 312
3794 5865 344
2119 1964 867
879 7606 644
4164 2415 12
7522 1652 830
9054 887 985
6478 5448 617
5287 8653 97
7416 3281 586
5352 8816 790
6724 9634 472
5383 2069 462
6042 607 999
1602 6116 700
38 726 447
6822 9230 194
1822 1294 526
36 920 545
2806 1708 834
5069 116 348
7015 5314 229
578 6097 540
7507 4376 181
4753 82 718
4433 3078 471
4070 113 855
5923 745 123
6 7708 32
7952 8068 516
749 4116 502
4527 1490 351
8073 8623 10
2805 9121 730
9839 5035 759
879 7356 819
2585 6044 804
5826 6654 620
8067 5063 34
2407 6172 927
167 2578 570
2239 1613 448
2146 8842 211
2737 4624 700
1934 7435 346
5149 5025 990
4747 4234 230
620 4672 312
68 1273 656
6650 4618 703
3639 1414 794
2325 3284 147
1922 2369 436
1622 207 715
7182 6157 578
8084 305 883
5056 1256 490
7141 1116 920
5403 8652 280
9450 4840 92
4949 2604 139
101 543 407
3675 6056 44
5545 8160 948
2253 246 43
1057 9678 1000
6108 5020 531
6596 3251 741
7068 894 635
278 4187 728
5011 2405 779
7815 3751 99
9411 4783 55
4918 7547 88
6335 7195 415
329 2399 712
9345 3964 899
5162 4 10
9757 2738 702
4352 9761 741
7021 5762 162
8268 7653 431
4843 2033 273
5957 5337 652
7329 2575 191
2629 3626 276
9810 8242 252
2458 5198 563
4968 4274 336
2036 7121 870
6621 6715 725
520 6115 171
603 2245 463
8256 9943 978
6031 2219 539
7741 6945 560
1769 9176 363
3967 3095 817
1813 3832 25
9477 1684 579
1525 878 736
6758 4579 747
7528 4568 220
5512 4340 630
8341 8973 483
6243 8820 19
1958 5262 594
3427 8516 710
825 4913 464
7929 1183 18
7793 5046 68
6042 6144 15
4809 2498 655
4652 3817 880
952 979 332
3614 8867 692
8370 8535 644
3053 7261 279
4325 6569 650
3707 8855 702
8626 6842 23
6086 6459 418
4567 7286 508
7909 50 118
5265 157 996
1177 4116 886
7425 9430 181
7043 797 909
2339 1756 908
2070 2339 390
7907 9350 408
6204 8262 83
3437 1524 403
8187 1951 893
6935 9400 229
7152 5848 519
4372 8548 763
2128 3966 294
4191 392 500
2889 2218 550
8684 8547 218
2963 2460 904
3070 5229 759
8274 2342 758
3279 2673 760
8896 2861 528
2101 1348 117
3208 8555 428
6765 9665 124
2949 2127 94
3039 8776 732
992 1142 979
1188 8054 767
8612 4676 44
1679 2086 279
4553 2412 815
6336 413 329
201 3006 483
2840 3472 337
995 5499 147
709 6795 291
3790 5020 935
3709 959 569
2079 5042 896
8762 6136 534
6220 8677 846
3771 6029 623
6632 4558 198
408 3836 954
3605 2771 516
8276 8675 909
6497 6423 134
948 4744 169
2351 8754 946
5181 6944 313
2480 1402 720
3305 2710 389
9218 4713 400
4026 6042 794
8507 6601 210
8874 8693 559
2805 7496 711
249 2090 99
6785 4752 650
3303 6703 538
2357 1954 771
8765 7106 172
3084 1578 494
8622 397 655
9863 2045 48
7549 1409 15
9381 5204 232
181 5565 651
7136 3385 516
1372 2314 186
7639 3295 7
7029 8562 86
5713 926 213
554 9776 856
9464 5116 139
5913 9324 398
4056 8586 364
6747 7702 317
6196 4339 560
1975 1160 156
5845 3241 425
4006 1734 441
636 277 999
5086 427 829
3417 9477 600
2529 1167 93
5742 6116 976
8466 6122 476
149 895 587
1163 8852 293
8566 5216 404
4948 5741 749
4113 351 401
3930 4306 117
293 1747 809
1573 8037 462
6203 2154 23
4967 6497 95
832 1359 558
6781 7962 498
8002 4322 277
3111 7503 732
7580 3510 762
710 1497 390
8563 7587 531
9020 2776 489
3399 6698 783
303 9197 583
1987 4938 293
8812 9337 548
9162 87 740
6303 5997 851
3005 2888 245
7568 3495 727
9725 447 122
8774 566 656
2718 3593 239
9007 9867 693
8074 9429 478
3947 8538 235
5710 878 570
8508 6528 731
2663 6427 432
1586 584 35
6865 7634 44
8110 1615 529
8205 5264 698
4812 4572 836
3998 811 310
6031 8809 401
1757 1012 325
3091 3578 400
1871 4895 833
9512 4886 935
757 2623 928
9686 2646 835
5401 2410 497
1818 590 26
5039 9618 841
5090 4567 518
1021 5533 72
2672 5877 682
3962 7003 936
5875 3533 528
9360 5689 237
5876 4011 932
5580 4527 353
1082 336 592
7928 9213 279
463 5716 602
5591 851 426
3902 7531 29
7255 2556 971
3157 469 470
5947 6812 430
9704 8039 938
4876 7907 893
608 6768 384
1932 6456 57
9834 1788 236
6759 9290 206
2588 6304 93
1876 4045 163
9953 4468 534
4876 6808 954
1220 4328 548
8492 6785 89
5707 3025 648
60 3565 500
9116 56 380
4294 1481 994
42 3474 355
5439 3178 781
430 9425 824
3326 7638 606
4506 5826 752
6405 7891 467
3689 7419 686
7345 5197 997
9744 1105 106
4975 7593 454
3959 9332 84
8077 1143 350
6020 6310 114
5753 3761 32
6269 2843 972
5835 5929 831
9584 7380 58
1370 8218 916
793 701 450
7354 3332 596
5545 7547 412
2270 4349 471
8471 9295 276
6989 8704 210
9230 1314 900
5507 869 110
1717 4428 345
3495 1364 718
703 9730 651
6178 6850 631
1993 6976 797
1621 5497 424
7648 3654 765
800 857 44
7023 9750 100
7980 993 253
3422 1010 998
9909 2303 853
3912 206 798
1940 5202 557
3521 1169 121
2139 165 813
2159 7298 427
6708 7512 130
932 3090 113
3675 1654 151
9917 2011 342
3055 6170 802
9761 2037 604
852 4718 161
864 318 215
8975 8652 381
1024 258 949
1516 6542 256
9496 5980 460
672 7765 641
3809 4490 105
139 6366 926
83 2522 359
3711 8177 638
2937 401 500
7829 5251 137
3514 1198 239
2484 3242 285
5258 4235 869
1624 6194 565
1915 9194 896
1741 8051 38
4022 534 264
4375 7219 316
4200 2285 948
2365 8422 42
2197 5751 539
1125 233 716
5024 7703 943
5124 9151 532
8373 2169 483
4997 8881 425
2621 7612 861
1647 9992 247
9795 2371 72
4016 6505 451
1390 9564 959
3762 8855 131
1687 6104 566
9752 7444 947
9622 9682 30
2580 5141 65
372 9605 277
1964 8924 33
8229 4683 951
2940 1024 561
1920 453 452
3356 1078 657
5958 5992 536
6731 820 233
7409 6808 234
9248 4221 823
5705 535 154
9193 6245 704
9578 8085 150
3043 1960 400
8658 7614 225
9395 496 730
3813 4237 408
7684 1277 834
9186 7370 736
1124 1700 982
8257 8385 511
2431 1883 110
420 2710 912
3426 2683 110
269 8438 869
1145 4547 924
3003 1118 754
2844 2365 919
5894 119 280
970 4118 550
3098 534 11
7379 4808 593
3854 8122 226
4831 4341 841
900 8486 432
5750 152 552
7966 6920 59
9840 4901 600
822 1448 162
9217 2702 194
734 9894 877
126 1842 380
4594 820 308
776 2223 883
8002 4505 625
657 2406 880
605 811 891
9887 6505 335
199 1241 833
5456 8650 385
268 1859 862
9437 7246 184
7903 9892 550
4658 2588 925
7499 5490 822
1826 7898 768
8329 1685 387
2100 4450 562
6398 861 928
4278 4056 936
6645 7877 938
7899 2958 306
5083 4866 601
8579 3573 377
215 3971 278
7707 290 604
8440 243 441
9796 5026 561
9866 9072 240
5864 8311 999
513 5541 764
5344 1728 298
7351 3405 798
8604 8905 570
9309 3066 581
2161 9080 95
4614 104 953
698 9925 926
2578 1612 548
1241 7753 609
1445 2772 294
8738 5110 127
5030 1002 9
4487 2629 32
6502 5384 552
165 2253 984
2793 3719 793
9749 6590 100
1070 8794 4
171 1999 822
639 4480 601
3045 781 958
4348 2732 757
2002 5843 79
2722 5821 642
237 6612 770
6439 774 137
1913 4620 124
1255 5003 108
736 8790 359
9980 2262 748
8748 1156 43
496 1368 862
9358 2499 945
7638 2485 212
8610 1594 41
1715 4560 220
413 1896 677
2142 4043 229
5381 4142 864
3561 2103 506
1401 2215 38
1429 4534 22
1409 3595 133
3066 7832 817
394 8371 8
656 6869 836
5104 7620 93
1686 5821 432
1716 846 259
7684 603 237
8229 7618 312
4855 8095 381
6596 7543 953
1283 4114 480
1783 8445 197
6838 4431 612
9721 3631 90
534 3549 28
1119 9817 511
2588 2085 120
8384 2107 903
9148 7921 934
1781 9844 159
6075 9912 383
516 751 269
8529 6438 15
1959 1805 291
3739 8558 499
7829 9432 620
7954 6026 686
5658 6775 23
1753 6726 183
7159 7931 80
5057 3622 466
6934 8911 787
6797 9652 182
7133 4205 479
1604 9669 250
2668 6458 525
1548 9804 219
23 51 364
84 9345 897
7034 3603 343
6542 2098 437
3770 2396 170
9906 2000 524
3410 4692 683
240 4081 633
2174 5467 467
1532 9774 854
2423 5779 421
6813 4009 652
6717 3785 203
4546 2491 679
2521 6271 393
8377 8973 897
9689 5051 376
7986 5959 856
8355 539 287
142 9821 945
2558 2432 269
6827 9069 83
3986 9498 355
4571 577 169
7546 238 463
5488 2366 521
4967 508 785
1482 2502 865
5450 6318 398
762 9646 780
4784 328 640
657 8797 578
3046 6421 39
6740 2484 934
9699 2427 381
491 5618 959
334 8772 280
4546 2445 65
2860 2304 186
488 3273 999
1590 3027 461
9490 1089 272
9736 1505 288
2835 335 442
2175 153 690
3526 1258 535
35 6125 795
3906 7008 147
7223 9568 642
6688 6978 63
7086 1738 380
4052 4612 110
755 855 87
5407 6731 317
4324 541 508
5878 8334 466
3211 2840 649
9673 7252 300
1982 2472 598
5207 8391 40
7479 108 603
4186 3210 703
9348 6277 333
2045 1047 37
6936 539 412
1613 1643 52
4455 3968 360
2631 6518 860
4521 7624 75
9705 6515 646
9308 7257 587
7749 1170 648
6967 45 903
5486 6064 850
2091 4474 926
7925 1056 945
9821 1219 613
848 56 813
3816 8886 267
6688 4823 749
5076 5765 409
7411 2349 947
2561 2916 931
3124 2395 106
9963 8342 426
519 3118 579
6600 3626 289
1523 2567 409
9811 5040 304
54 8929 362
2338 4605 548
1660 6366 981
6749 5727 825
9805 2847 670
8529 680 126
5193 5459 68
3927 5821 44
7991 5376 172
4654 9980 65
650 4166 149
8723 3584 164
1760 6888 644
6203 6551 692
8016 977 155
3386 1393 129
1625 193 139
9175 2968 857
2188 435 177
2721 6206 106
3144 9723 961
402 6754 714
4424 1117 727
2986 707 295
8419 3553 501
7075 63 612
8919 9674 533
1885 3284 454
6396 1180 662
5015 4568 972
1034 963 814
6311 8975 667
1166 7741 252
2748 274 193
7362 8675 446
4788 4240 605
2953 1590 158
462 2635 697
6029 7752 15
4025 213 302
9115 9161 126
6001 6853 592
8907 9435 553
6724 3267 578
7264 8485 266
2959 979 933
2656 9328 968
9239 936 443
1036 1438 908
4724 6514 751
3023 9777 946
2561 3555 195
4454 2715 724
600 8490 127
4037 4167 978
9535 9825 883
3463 7301 933
2508 1045 943
292 8922 783
3458 7754 764
6372 6110 958
6968 6367 755
8690 3563 833
530 1308 875
1961 3727 194
5043 8559 710
8897 9071 757
4515 5927 145
1911 3014 714
323 5029 959
5232 1534 94
3319 1096 290
4783 5407 33
2087 3925 812
6290 6396 591
308 4202 701
4639 2306 321
498 2355 744
5022 5206 247
693 9210 654
7869 6381 372
8667 5440 753
1735 8049 549
726 5386 256
8994 2034 214
114 6644 36
8893 2911 108
5547 5848 262
1161 7235 970
4165 8364 915
6164 4114 504
5778 3040 531
3961 4716 154
4131 1350 231
9683 5526 794
5291 8144 639
1791 8321 395
6175 7644 818
3984 2809 721
5780 3051 764
8527 4009 248
953 7310 216
4395 5533 233
1208 2081 313
1357 6218 390
1624 9634 679
7288 3393 577
2650 4204 502
9719 8199 680
1244 7984 947
3217 7180 256
2766 1278 305
4534 6839 732
7747 1322 622
6923 8491 304
1064 1337 16
7317 5686 374
9993 9257 823
7112 3100 294
696 7104 255
4545 1153 948
1397 1934 138
6590 5195 368
4101 9645 819
81 1581 842
6912 2871 688
1190 7132 433
6729 1810 103
1656 8185 48
985 5889 15
4872 3881 169
5357 4324 366
362 4773 200
2230 8878 468
7093 830 697
2102 677 946
5147 5090 212
5677 2598 919
1989 274 310
3855 6466 836
8511 8251 816
3588 8963 296
9026 7241 667
8248 3341 676
9997 8787 868
9364 6536 896
20 5847 324
6047 1963 91
5685 3297 213
1716 5394 337
7727 3910 192
5197 4752 422
1509 3784 28
6980 770 530
1691 3611 608
611 58 276
294 1835 376
7224 2537 645
2371 3781 358
7061 1307 683
188 5840 488
1127 3526 107
2176 5016 727
9719 7676 512
6846 8819 683
5541 8461 411
6119 3624 692
2023 9999 269
1795 751 964
429 3304 109
7776 2856 149
3723 4467 215
3358 631 800
194 2946 469
7912 6965 560
476 8894 552
8716 9595 875
502 1938 653
826 6366 745
610 9798 449
2236 2265 338
5499 7909 818
4522 1334 795
2577 5553 827
2670 2320 978
3274 5136 20
7187 5084 174
2723 4910 439
4799 9452 9
178 2980 944
6065 3226 353
6279 2931 532
3203 4574 572
1683 3731 984
9345 445 274
9498 7481 345
4821 7435 569
1003 5811 364
712 771 300
9236 7685 331
2428 6088 789
7184 5184 833
5938 5691 944
3446 2600 200
2318 4052 2
6926 311 610
92 280 119
6098 9802 452
8938 4629 833
3266 7488 54
3668 6727 728
6618 3827 179
9744 534 958
1367 684 738
4960 2019 269
6909 9098 271
2436 9809 85
7760 3328 616
3325 1302 347
6478 7890 732
8436 649 528
695 7856 727
4329 3874 74
7687 8577 305
8614 763 835
85 6016 76
2659 368 250
5022 7331 897
5765 5221 97
1938 3400 880
2097 3176 7
3621 9743 915
4734 5382 352
2366 774 987
2290 7601 334
9448 4473 774
5318 6072 155
3920 5224 257
2230 4539 241
610 2456 168
9935 7882 271
7647 554 571
6779 6186 151
95 2249 256
8395 2130 345
7007 5853 961
8490 7733 656
2809 7812 57
6239 66 854
5805 4890 637
7025 7151 360
4845 5293 393
6221 490 83
6894 1846 227
1202 949 354
7901 206 859
7051 1550 798
3348 2837 359
3997 9257 815
6314 35 553
8568 2857 340
5937 5796 671
2409 7934 943
66 5014 845
1888 5377 229
1984 7250 314
8249 3380 983
9544 5677 505
4158 9259 597
2817 2879 640
2973 1141 692
1747 9921 924
9234 5810 165
5990 3144 916
5686 1664 528
9529 2481 8
5780 8852 370
7147 9346 278
8239 7061 706
973 4182 225
7768 5533 468
2362 5702 949
9736 97 307
6021 6472 88
7809 7351 890
5631 652 140
1637 7564 127
4080 5377 856
5707 2705 660
6376 4058 355
2535 7553 689
2024 7616 352
9525 1566 970
4864 287 145
1306 6189 642
2307 5170 609
8092 2513 979
8237 7500 336
830 9323 579
1247 8253 81
6350 2263 192
1225 5027 921
1882 2142 881
3326 9789 985
8157 9029 242
8525 7443 952
8750 7120 17
2032 8386 115
4130 8579 970
2484 5346 714
2088 9242 741
2640 9065 784
7269 1112 328
3038 9052 726
8506 8036 470
9601 8922 64
4730 7383 302
5266 6539 90
5338 4718 42
9465 7251 394
31 4154 142
1961 5880 431
1354 7199 616
6030 8548 382
4035 349 489
3784 721 102
9353 2510 818
9087 250 272
6873 7389 843
7374 748 347
7114 463 835
8997 688 79
5742 8738 171
2718 3372 418
6036 1951 625
5244 2483 582
9047 2314 375
5070 273 17
2698 5250 412
2716 5813 378
319 9736 448
7985 1829 381
1596 1404 24
9595 6149 781
480 332 818
5793 8404 921
5982 3134 224
2104 2124 690
1456 51 199
2896 1723 628
8456 5764 84
5072 1819 609
6493 6594 340
5248 2981 962
5294 1644 596
3605 3284 924
444 4286 700
2032 3667 573
1872 1048 750
5231 4823 329
1711 4767 580
6298 6394 492
2549 3334 717
1394 687 426
6358 6726 903
3450 8945 916
660 5631 378
5170 4028 220
2504 8443 956
561 7563 293
1555 4719 456
5316 7057 253
8626 1291 405
4586 5027 159
7540 7492 227
9703 9185 464
9695 1953 1
8171 6326 102
2109 761 664
6977 4774 684
1561 900 828
2656 4981 3
9127 6404 179
5229 2370 835
2591 1041 869
3732 3611 405
330 302 654
5252 3194 304
1735 1769 769
9377 7787 215
7863 1075 198
1644 4592 549
2646 1869 95
1497 8478 691
2646 3210 986
2270 705 171
9630 6505 748
4468 8268 358
8497 2294 238
1323 8815 602
152 6046 55
3356 954 509
4945 8462 221
3265 863 10
7971 1060 344
1959 2196 320
2680 2105 125
1370 293 818
7164 1663 925
1141 1098 77
7967 6093 680
7365 4783 193
1566 3247 502
3578 8879 856
6401 232 129
7576 6096 914
6844 2046 794
29 4496 760
5271 4095 836
101 9934 45
2764 4502 233
8161 1699 916
8309 6984 793
1467 2558 667
7975 80 43
7347 5681 711
2982 1331 426
1313 1343 481
1630 4435 969
6629 7188 386
3204 7245 244
766 5765 704
176 3452 731
3097 1188 705
859 8151 730
9691 5191 347
4682 9098 762
1281 4384 295
3455 2195 208
780 8890 634
9998 9309 855
2486 7337 733
4699 7504 719
3340 3744 174
4327 3727 900
39 4243 288
6843 3191 141
296 4716 957
8795 7251 394
7412 5934 106
6220 5447 751
6974 536 944
8563 9196 155
3930 6113 188
7875 1053 41
6695 89 459
2552 7712 297
3345 9625 562
268 3207 846
3442 7952 876
303 190 894
6756 1505 30
5957 2603 539
5570 2165 6
6246 4221 486
5616 9187 696
7354 1426 337
1882 2752 7
9727 4310 826
2463 3663 750
8290 7066 531
199 2760 368
8028 1668 735
646 9833 40
6281 9340 949
1902 8000 941
8412 2283 999
4078 151 566
5168 9114 62
4887 5551 277
9014 9526 630
3200 3931 533
3186 2749 960
7161 6782 763
1572 8644 199
8196 1695 543
5977 5149 621
2631 1384 133
9490 5 409
1338 8271 98
8513 3088 540
506 2333 764
3767 1216 684
409 6348 787
8843 8376 909
6656 904 421
3059 7768 273
3559 510 148
9781 200 417
6822 1634 391
4250 6145 1
9690 7593 203
9288 6679 630
7969 5287 517
2112 5212 260
6414 8019 972
9522 5752 330
4210 7576 997
4262 9402 910
4775 2245 649
3605 1416 918
8923 1520 225
9092 8672 981
905 3601 207
7937 3129 117
572 2443 541
3335 1718 167
2277 5667 116
5710 9021 621
5122 3475 170
4621 7430 914
3830 2524 488
7324 6726 902
1281 8270 906
7552 1043 99
1884 2331 81
5935 4157 81
9952 2165 436
9103 5975 259
7464 2589 499
4629 5120 370
5654 2983 785
8499 7361 815
345 7526 943
3306 577 377
7443 4381 312
6897 573 39
2933 1504 354
4062 1325 614
3890 4479 126
6955 6117 274
7179 4420 656
8069 4169 604
2221 1144 585
1645 8649 840
3624 231 377
6144 3523 600
9583 4965 742
8341 7834 617
5159 6279 973
9386 7543 2
7793 692 553
8642 3548 796
142 2390 676
1910 3071 274
3167 3226 181
1824 3741 962
2518 6631 264
4984 5729 655
7466 4501 203
1123 416 365
5754 8567 734
1217 2803 316
9219 6085 63
130 1262 931
3316 1374 113
879 6193 589
8053 9093 953
8055 5311 432
4003 8999 17
676 7681 273
5956 4398 537
8981 2308 99
7841 6060 172
6454 3798 424
6212 7470 182
7545 344 815
4035 6517 67
775 5763 111
732 1013 183
2948 1416 245
2865 2802 640
8534 7938 130
5884 4032 234
4967 9920 256
7481 3591 917
7543 885 794
4331 3882 357
8625 6695 698
6846 1912 80
8494 156 871
4518 9296 683
6885 4060 654
6438 5158 917
1698 4136 704
5285 2212 449
2512 1698 310
1763 9770 555
1760 3309 184
9775 8533 144
9514 2217 246
241 9391 643
1901 2415 875
7889 5005 557
7466 5631 992
4817 8644 405
7568 9078 554
106 7451 806
6992 4343 497
8245 4259 845
7632 4258 308
5786 6466 799
925 8503 812
2924 5532 806
1130 2550 782
6875 3490 670
5270 9496 478
8175 8182 781
2326 6592 157
8799 8901 555
169 600 563
8140 4631 272
5419 7926 377
9739 765 35
719 5107 711
2643 2017 424
5519 5975 4
5780 1853 357
7043 1363 279
2047 7136 339
452 6832 27
8665 4645 862
6226 9941 737
5686 8978 454
1408 9084 477
1329 3187 330
9716 4286 857
9363 3606 563
509 3905 882
3653 2566 756
138 924 159
1939 8201 359
8112 3848 174
2368 884 647
681 145 446
8831 253 855
2669 8844 606
4325 2959 820
549 7692 789
2441 1162 146
2731 3654 546
5825 628 478
6082 1162 179
1177 2266 441
1157 1880 229
6771 421 155
6904 7613 31
5385 8976 406
6033 2216 177
2328 1943 717
9141 7963 463
4799 8921 394
6836 6783 86
5786 511 282
6935 2361 914
1194 3159 452
5702 5522 389
4843 2280 425
2138 9784 968
9776 1705 942
9746 2831 864
8222 5432 829
3695 8992 56
5927 2191 32
1986 6411 717
3335 4117 365
8030 6236 802
50 4845 330
1256 9403 427
644 6402 844
62 1318 574
4542 6637 669
5296 9809 171
8826 3390 254
5091 8467 701
5004 3323 187
324 7209 123
868 6447 212
1815 3633 863
8032 2203 96
1120 4420 743
6248 1403 417
7788 2512 621
6619 4366 880
1080 8308 274
1052 8200 85
8641 4750 929
5510 3045 483
1351 3832 716
6697 4837 225
4083 6950 194
7551 1957 373
7274 4457 668
1885 8729 27
5399 2683 893
8904 3021 137
780 7029 664
2935 1386 19
3430 4449 440
5853 7140 936
5283 1931 475
7710 7841 711
5784 9644 593
7702 1654 854
6618 456 31
5378 732 827
8867 4844 879
1869 4560 966
6753 9762 395
2294 1556 109
4550 9385 135
9073 8042 502
7027 3954 711
254 2833 159
2146 4875 42
5612 965 349
7031 8902 373
2149 9226 453
2137 4844 685
2497 8854 939
3290 3782 587
9313 2626 538
4009 3920 938
1225 8866 545
1530 3574 335
2634 2432 389
4010 293 125
9151 2123 722
9926 5053 841
7879 2670 489
7511 5768 450
5945 1530 378
2357 9253 88
9020 9668 52
1787 3335 125
1961 5133 213
4436 8036 150
5521 9878 566
3724 8701 602
2757 6531 466
3492 2201 789
4627 8523 486
3532 2475 758
2115 3014 712
2835 8154 647
2288 816 537
1549 7155 918
1385 7240 817
7754 6717 809
2846 4093 308
6469 4538 71
1139 8209 222
983 7717 920
4812 1095 988
3315 9374 734
9765 6265 842
173 1790 543
2397 3190 923
9313 9813 353
2834 33 379
2153 5804 791
1809 4391 541
11 4488 285
1533 663 214
8230 6544 776
5846 7108 75
7630 8287 362
6944 3402 338
6548 6492 272
686 7267 423
7845 6222 53
5691 810 70
36 7848 458
7522 1261 720
7137 2976 325
3119 2741 590
455 3093 609
6151 3617 727
1671 306 968
2282 9966 691
5528 6722 412
4686 7209 74
1710 2658 886
5540 3374 346
568 8412 357
2242 442 856
2505 2536 182
1947 6240 344
4537 5834 149
253 9410 374
6578 7861 160
1243 2999 548
1325 8873 850
6987 4957 65
840 2683 468
8098 979 468
6175 4100 461
5539 5449 652
6667 9020 249
1234 197 900
8050 2968 5
7538 4092 932
6822 5207 481
4663 4463 19
2330 2375 424
8410 6514 689
5836 7887 947
8699 256 616
1864 6346 211
3642 7019 327
3895 3054 512
2616 2479 612
6314 4540 192
8063 3045 374
1725 7722 683
2157 6789 105
9938 147 864
4811 7318 5
5027 8709 483
9747 6368 291
7942 3089 650
291 637 989
3175 9051 883
8018 3606 908
297 9820 379
6446 9225 836
4552 8503 653
7086 9943 94
3144 7338 701
3229 5578 464
7737 2518 178
1928 8358 812
7943 1648 141
1365 5224 823
9191 5695 269
2402 6649 785
3837 9340 889
804 1089 244
2823 3906 649
2289 8768 741
7405 4225 327
723 7719 523
8708 5744 472
969 3602 844
823 8147 492
8375 8905 640
5864 5179 925
2565 9999 601
2592 1475 667
8190 7585 188
3433 975 901
3878 3553 850
2925 523 644
9911 942 520
6422 9392 770
4685 148 989
4133 5709 760
9074 8499 447
3106 3413 24
1451 3273 739
840 9561 698
122 3984 390
3472 9924 220
5081 3669 834
2523 9917 568
7151 1984 871
7056 6575 98
7603 6480 536
6166 9121 923
5992 4627 270
7849 6351 902
745 3355 534
255 4547 316
1976 1628 850
4008 8192 365
7432 1489 883
6216 639 368
4335 2158 736
41 1869 597
3461 258 483
3159 4147 245
9444 787 508
451 1260 67
2091 188 655
1238 7457 213
9825 8302 688
201 1820 52
5126 27 629
4123 2341 402
8991 6066 145
3102 9421 366
113 7714 674
1880 3657 59
7971 7218 47
3064 2079 968
797 6555 38
917 9430 663
2344 7675 276
8233 7279 15
8770 9628 64
2908 2750 544
4110 2367 857
6155 8543 163
4969 6506 107
6422 3863 634
5522 3875 733
7866 9062 242
2522 1475 81
6101 7465 747
735 1308 798
1190 9863 595
9427 8391 710
3570 4187 101
5333 8454 725
3449 965 678
2570 9687 960
5544 3866 3
1289 7989 948
6646 1734 410
8341 8049 213
5456 4251 737
8941 8895 762
5780 9078 63
6263 1035 172
863 403 264
9072 4665 90
8426 9519 693
9836 2078 39
622 7812 56
8552 4818 55
5179 5015 365
7607 21 393
9640 9145 334
7533 2382 596
6771 2426 640
2059 8118 348
4745 4693 456
9801 1572 715
226 329 53
3801 3760 325
3301 1960 431
5679 2154 699
1737 5395 566
1865 3702 788
5815 6355 69
2313 1327 647
7204 1410 29
7772 9260 22
8796 4846 608
6102 874 28
1687 5928 507
8448 3664 900
6159 7479 454
6899 5937 554
2556 1018 330
9060 7562 129
1606 5694 737
1800 1309 607
5260 1404 348
5311 9943 231
6429 4189 708
8774 9612 111
9452 3071 396
1787 5379 938
5618 1276 359
255 8343 583
2522 9640 684
3159 9958 225
4129 3829 984
4021 2742 692
5672 1747 278
332 1264 825
2625 2581 931
9511 8865 47
665 8855 71
8367 1832 67
3022 6916 932
1000 2136 275
1130 618 713
1656 7137 952
4857 2310 27
4914 7893 161
2275 8120 688
1921 6494 700
1550 9570 31
5002 2593 594
9486 8879 216
1939 1577 136
1604 5010 774
9541 7733 494
295 2126 405
5453 31 852
1499 9195 532
8475 242 237
8325 814 347
8789 4446 580
9313 1070 554
6810 3987 115
4488 1521 631
2835 1201 17
4613 6800 977
3246 162 448
8964 1914 766
4380 699 787
2560 7367 95
6958 2904 720
2446 332 189
7804 1363 908
5617 5333 266
1706 8985 424
6516 5462 457
6918 9808 96
4040 8825 363
3379 8352 242
3618 4495 280
3120 805 163
2549 4035 742
9546 9015 841
1730 7918 600
1529 2223 251
5874 7255 311
7293 1817 80
4051 236 247
6382 4092 919
9055 2198 534
2815 1340 575
8175 2622 363
3758 1454 591
1181 1736 727
6743 5882 295
2006 6332 35
2473 1201 13
766 7869 683
539 5823 120
6735 4439 965
2479 9802 580
811 7782 716
7757 1336 800
5343 9610 913
5240 2753 215
2389 5343 975
6134 3034 798
363 8895 286
2223 2016 956
1408 2079 666
3234 8848 511
4715 2629 292
1523 2732 850
1213 5890 577
2059 3498 376
160 8399 963
1504 5827 920
7576 5382 460
5065 2579 964
5305 1216 243
1035 1288 528
7922 8532 444
1114 2289 623
16 8949 419
4412 7195 707
5360 7137 630
8446 1731 428
970 3731 661
6880 1181 117
1059 37 142
7589 2630 963
5791 9009 386
9903 4563 499
4297 9338 688
2188 2360 870
1414 7865 450
2555 8328 508
2196 4953 147
1221 9122 222
8773 6107 360
7738 600 965
8474 4881 855
6758 7120 872
56 2561 252
8964 8587 473
4126 6120 90
9925 1858 862
4753 3898 616
8736 8047 520
7389 5766 205
8945 6328 250
1087 4704 744
3003 953 551
9756 7807 781
9619 618 997
578 796 556
8905 718 55
5199 9025 351
854 998 552
9998 8604 728
449 7005 9
8493 575 418
8548 1006 354
4813 5858 605
660 4767 770
1923 972 852
2147 3169 787
970 8736 761
2285 8898 315
6726 2603 966
2527 3001 103
2492 1138 134
7903 9586 483
430 6853 490
9545 966 270
688 8493 599
9626 6554 680
703 2748 623
8527 825 619
5659 6838 704
1599 5562 355
4138 7135 939
2797 2211 243
2223 8341 246
3766 5993 939
9044 8366 856
8740 8606 199
2923 2474 645
4125 7629 229
8805 5969 690
8985 4284 981
9800 7232 433
7155 4713 681
1667 2723 832
1728 2288 19
2657 8528 336
7493 1223 311
6272 1203 152
1770 4859 606
2579 2792 950
9319 6070 707
3267 1005 105
844 712 273
9671 1342 896
358 5093 566
7219 3814 307
497 5482 616
8684 1551 990
8350 7761 271
4265 9766 242
1875 9108 319
4903 1884 435
5511 540 961
6934 570 460
2101 505 518
559 2854 535
8853 559 189
5874 4522 471
1347 7750 855
7525 8841 159
6767 3490 515
2424 9959 319
93 5021 763
1042 5590 891
7166 2217 132
4782 8457 494
2369 2564 576
52 3877 585
4650 5761 435
6377 6440 477
1272 1357 423
1370 1994 176
8129 2699 605
4706 1608 258
1124 9207 381
1405 1845 304
4248 5961 430
5234 8393 682
6295 9669 559
1602 9792 296
2327 2440 53
7123 7135 570
9207 7406 523
7454 2548 152
783 8941 730
5802 5038 441
1808 3253 155
1737 4205 537
9982 5139 573
7631 7626 217
9 5994 173
5031 831 169
1191 3187 58
2592 9806 550
5819 6704 144
6482 6584 500
7467 7605 748
4870 1258 773
2638 1601 993
5132 9303 960
7883 8471 918
8790 8209 585
6951 9424 766
7957 3532 440
9377 2443 937
1227 131 682
5246 4653 730
2360 3857 307
2988 4822 986
7314 1112 632
9699 9823 250
6331 968 374
8333 999 147
8262 9086 255
1156 92 374
4614 2886 728
3072 517 517
9981 1860 499
8487 9165 203
9652 8048 700
5692 7628 979
5603 9462 478
3150 7728 247
7960 7157 44
1565 2634 2
1222 2203 103
43 1198 414
6066 44 36
2928 8069 919
1794 3341 830
9937 8383 892
675 2751 902
8912 463 464
8206 4856 877
7341 347 204
6749 3222 565
5009 4669 247
1383 5494 354
9251 2435 208
2911 9128 228
3195 868 75
5516 2074 811
6781 5071 345
2479 9759 991
9336 5718 985
1194 1355 969
5281 761 904
3401 7498 170
5696 508 643
7928 7474 352
9250 1481 213
3687 8665 385
2404 6100 303
2838 1623 126
7194 9331 295
6242 2611 288
5257 3229 882
7746 1736 106
2725 431 364
4601 2731 797
8007 6513 350
8251 8426 79
7520 1112 947
9631 5476 218
962 6643 937
6842 917 162
2595 4855 272
5946 4882 520
3160 6153 319
3790 8122 808
1643 2688 823
5306 9955 217
5756 3243 930
3879 7575 52
8621 141 236
3446 5004 436
9585 9053 311
5030 110 872
8840 2219 498
7166 4296 783
9018 3482 284
7315 3442 130
6217 6274 473
2556 5565 704
8896 7730 753
6286 6131 825
9956 6393 652
4444 9761 700
8372 2934 700
8043 5340 560
7136 1930 451
9615 8333 756
584 2177 288
9768 8970 730
1108 9969 486
6826 4816 246
5993 2937 896
5057 510 423
640 2667 10
6469 8182 256
8783 7 16
5431 9942 838
5086 925 8
6433 1945 258
7527 3188 780
124 5192 60
7914 5363 284
6425 5241 909
6751 8101 877
7250 4096 684
8783 6490 659
2204 4503 6
9363 3959 848
2261 3676 367
5891 752 7
458 9655 448
1831 9870 616
7430 2053 495
8949 5419 7
78 4487 681
4054 7964 846
4442 9535 639
9862 519 474
9660 234 644
5354 14 63
242 6164 13
581 6053 723
4491 5881 687
7467 6299 62
3500 7341 515
5486 7408 963
8564 5259 174
4717 2287 283
3355 1618 258
9172 177 474
6124 1252 400
6868 4661 484
1186 8692 713
5133 1126 120
6862 3164 825
3626 1828 282
2631 9720 149
3455 9279 779
9453 9888 808
4565 3020 903
1638 2742 777
7018 6650 344
921 4302 857
2994 7281 189
8884 1650 616
1381 3200 167
4224 8748 694
8645 5558 409
1254 1498 392
2493 2159 897
7080 3209 330
4901 8542 777
8096 2704 650
1050 7977 228
2266 7096 847
7586 9168 387
963 8537 168
6147 7230 874
7969 7946 889
1690 6457 72
4673 5319 678
3189 2693 358
547 5642 59
3644 5415 593
5987 5891 996
8526 7889 344
8463 3934 120
9819 2147 207
8781 3199 267
896 3810 602
1720 5531 524
1191 8303 480
9696 4794 639
4420 4073 515
4657 4265 693
6519 6593 384
560 1460 924
3084 1905 60
3674 5049 108
9995 1214 173
9240 6292 812
5470 5642 456
2475 7268 209
6929 1995 848
2891 7255 688
9020 2504 384
1663 197 94
7285 544 679
3757 811 53
488 1420 527
6978 2232 234
7246 7854 415
7634 9180 729
584 1633 147
6046 9588 482
6454 6995 586
7124 5262 606
7957 10 829
4258 6870 339
8361 75 805
1675 1179 830
6074 1450 993
4757 9824 323
4545 4634 236
3736 1871 481
6234 8724 521
4474 4002 625
8897 1847 585
7972 3986 643
5122 3989 502
7092 3670 283
4687 9755 546
5607 3029 226
2544 4287 624
3005 3809 351
1495 2011 538
7019 5520 894
2388 1144 536
1601 4696 395
6237 7683 210
6338 5994 714
6917 9330 675
609 8272 25
9586 6452 424
5013 73 763
4502 7676 449
9141 1946 214
9866 6431 872
9183 3164 574
8298 3609 182
7233 5454 850
1868 9570 377
122 7350 119
3652 1088 167
6188 8935 973
1436 1699 523
1977 2830 630
8372 3604 97
8668 431 544
7269 7259 327
2229 8772 326
2719 2821 894
551 971 482
3578 8725 703
9548 4246 905
5245 8087 376
1318 1161 580
9310 3800 351
2935 3635 598
7048 7393 75
1178 8952 15
8385 1633 715
683 3806 870
4386 377 805
436 1448 221
2029 5172 450
3491 1911 227
2247 5183 224
2688 2116 702
2721 4549 323
5964 2773 107
7732 8711 211
2467 5628 628
845 3698 934
5761 1368 740
2456 2523 229
5509 5111 537
175 4676 925
9081 2718 664
2826 7313 19
2096 9096 320
8365 3382 388
7278 8563 779
794 3753 523
7529 6624 33
723 9460 678
6703 2062 763
5643 8793 193
1086 116 97
5134 1048 873
8696 2008 615
288 2893 513
8594 1871 122
3641 1698 788
2448 784 347
5159 2345 677
1829 5770 71
7479 3271 231
4276 1804 291
3587 4961 89
8024 1737 923
2594 5963 667
2178 690 591
7757 9868 997
4991 266 938
8147 5698 635
7529 4392 23
1004 308 402
5160 1145 216
5042 4227 882
1696 3399 726
4899 6818 495
2332 5239 273
6800 9246 854
4356 2070 67
8428 8584 29
611 844 865
4450 1552 197
9159 2021 583
7428 9294 985
9773 2857 158
2688 2085 998
2421 5320 857
9094 9569 786
4991 7363 411
653 974 19
6504 9654 912
2043 8618 252
2875 7708 734
9497 5715 973
6943 8371 682
9681 2571 475
51 9603 452
5797 779 631
2826 7562 745
3179 9999 890
1935 3630 724
8982 3449 111
5498 6318 86
9209 2675 494
2221 5910 737
9054 346 65
8455 7393 137
441 6383 774
6281 6563 404
9542 7453 126
8610 581 47
8861 5562 941
8094 4392 202
1823 1154 685
3756 947 92
3758 2542 475
3100 1266 930
4202 1574 936
599 8682 652
4608 4727 111
618 957 178
2342 813 393
6940 9963 974
1159 7106 761
990 663 587
1226 3810 501
1132 1729 616
1387 4484 238
9386 3976 234
7379 2892 104
1052 7461 233
9351 4857 213
378 2449 377
9215 2241 611
2571 5778 843
2215 7071 969
5644 3283 733
9498 1280 540
6134 1269 623
306 3106 303
3568 9395 233
8680 6313 684
2478 281 62
565 7688 370
7376 4109 403
5875 2672 493
1015 9089 124
2177 4320 348
7809 4149 798
871 7122 437
9781 4247 960
7672 5959 663
8667 5957 857
7595 824 589
7059 3604 43
4707 9628 172
6310 2194 989
930 4570 183
2085 7968 638
6487 9157 283
2982 1969 509
6659 7221 367
4751 4043 359
4936 257 483
6728 378 273
4293 2001 159
1716 141 228
6558 2928 644
4557 3227 364
9630 3532 65
1796 554 321
2503 5216 802
3143 5296 959
4189 3244 248
8464 9929 551
6171 1642 852
499 4608 125
3909 1539 903
7904 1814 454
2471 8780 30
7206 11 593
700 6515 30
2120 134 925
3284 1769 435
1434 8978 869
4037 7173 449
6614 5899 344
2663 9758 189
5531 2327 981
298 4117 162
7871 4679 242
2462 7030 705
3501 4006 348
3389 6944 698
5499 1621 835
9144 3152 30
5649 8003 469
320 7297 91
8735 1045 899
1237 6127 686
2729 1781 157
6978 7400 865
3417 4825 471
4511 8244 496
6680 9986 231
5629 5836 921
7441 8717 908
2473 3319 972
5213 6588 391
1965 1444 353
3375 4075 194
502 4604 680
4545 8748 900
6819 3872 858
2599 3199 788
6141 5412 1
1392 7182 312
3562 7053 739
4573 1751 437
5547 7744 21
6373 9708 587
2297 8745 664
9397 958 253
8184 2222 648
2713 5518 959
9897 1796 233
6857 4090 477
4493 7790 381
61 66 541
216 105 518
7793 8869 839
3877 8996 919
8566 9992 704
2271 1435 19
8191 1544 257
2660 547 808
5177 3345 912
448 6323 48
5881 110 84
3189 7832 737
2840 8520 522
7588 7097 981
5594 1479 936
8216 1605 498
7948 2720 215
243 9025 75
9035 7338 507
634 1056 899
8419 1039 810
4036 3145 460
9119 8416 595
9958 5596 843
4812 8218 814
3319 3856 455
5933 1870 751
4988 5301 913
2561 3555 848
6176 9769 342
8833 467 813
4048 1250 105
9444 8240 976
7558 7041 170
3125 7186 55
7334 310 984
7886 4989 198
7740 749 609
2523 3297 736
8284 6088 202
2356 4948 619
3983 1576 590
319 6307 286
4504 6741 739
411 4955 974
1521 2539 617
1948 1986 73
5331 9666 348
2718 8446 785
1573 5374 143
2076 4112 835
2549 7622 945
1501 4334 123
4827 4687 468
4884 1039 192
273 3687 872
616 8665 47
4877 7793 616
1279 6750 841
8372 1589 187
9629 171 348
9257 4343 783
650 7655 475
6953 6212 432
5999 9429 711
5505 4897 781
1793 9382 45
8624 9134 176
1143 7212 431
2658 3174 105
2040 556 370
7104 1657 575
1264 4069 111
5618 3107 976
7356 8244 516
3994 3589 691
4061 3758 498
1548 1763 485
731 3140 243
2112 4265 135
3486 2143 538
4831 7567 839
7969 4888 549
132 7710 609
2564 1395 538
1269 6409 83
8485 2651 13
2484 763 754
9041 481 725
5297 3540 307
372 903 881
6294 2851 974
2372 735 166
2141 1094 782
3517 2142 503
128 957 404
1252 9161 201
642 2337 632
6461 6504 864
4459 7140 143
3435 4877 258
3960 5870 909
1580 7839 33
4312 2414 630
7668 1370 669
927 8140 25
4727 8361 29
4467 8368 960
104 569 215
8654 5320 275
4992 5910 423
7670 3714 35
5910 4188 387
860 1053 251
259 9770 447
5792 8671 253
5410 9861 247
5740 9597 89
218 3100 251
4823 96 180
4672 1098 201
6334 5953 159
5444 8367 792
5339 7306 667
2192 6695 300
2099 2782 489
9553 8304 345
6573 1061 29
4988 2659 47
3600 2665 619
2626 2177 56
2942 3519 654
2800 2279 368
1158 1485 883
2431 8628 235
3948 5280 503
1130 2748 253
5072 4699 560
7465 5067 105
4586 7519 194
2259 4340 540
862 4785 66
6994 8079 997
6127 6390 886
1133 4651 692
8385 9758 11
9161 9295 123
6097 6002 285
4013 5150 203
1047 1029 125
2362 2891 737
8834 558 803
4811 9339 810
9321 2832 958
9862 224 983
4555 2384 776
9592 7275 118
6835 7032 449
5631 5638 90
7063 467 818
2479 2077 369
8435 6594 110
5848 456 957
4643 6679 596
6384 4260 816
8660 3692 515
5098 451 362
3364 1079 138
7769 9955 38
8332 9288 252
6202 1041 816
1016 2234 769
582 102 258
9396 2760 169
5449 8088 758
4913 9036 338
6859 532 28
5720 3947 294
1116 6574 655
2847 5486 303
1455 1524 262
9807 6808 832
3646 7647 710
4909 2156 17
555 957 801
3484 1081 494
1523 7986 653
2685 4733 704
8020 5010 821
6629 1418 669
2303 8759 232
1223 8720 19
1094 9261 966
6019 7778 856
54 9669 695
4288 8709 977
8738 1738 187
6219 2721 527
9301 8722 741
7687 698 912
3657 5510 417
3340 7515 14
4401 468 491
9045 1848 342
841 7897 984
6985 7332 289
8287 6727 904
309 8462 6
6280 5761 188
7368 9597 358
2003 5151 917
2001 3820 493
991 3792 807
5067 222 242
4782 2576 284
8447 6658 253
9561 1400 941
398 7780 104
9458 7435 25
7099 7450 432
28 8517 905
2194 77 87
4872 1867 141
918 2660 848
8151 220 854
649 3442 850
2004 4112 887
6302 3681 158
1822 7874 969
1250 8757 797
8439 6747 571
5359 7858 472
9730 7791 229
614 2396 606
1126 5195 248
6425 3218 224
6212 6611 399
7860 5917 826
9881 7142 509
3603 7073 243
1916 1192 643
9113 6250 233
6695 2843 804
8145 9683 390
6053 7306 127
4147 2191 547
161 775 746
929 6969 607
2204 276 679
6759 1881 436
9996 5861 349
395 2847 66
1112 1421 769
2977 8170 797
9555 2587 359
9625 4726 794
4764 657 730
668 3755 700
5756 2354 939
2037 4882 618
9468 212 945
5441 4081 135
3433 7413 462
898 1878 203
1340 7636 299
8564 7123 100
8274 2414 696
5068 9647 848
3439 5677 550
2221 1419 571
1058 364 819
2163 7344 135
6239 1842 618
164 1932 800
6736 3433 235
6629 5436 187
6409 7962 269
3104 819 939
3391 459 792
7147 8825 216
2651 6889 447
1616 5281 218
7832 6519 896
2102 5219 365
3105 6191 110
5466 1879 824
7319 5358 72
8603 2958 847
1372 438 578
3380 9059 254
9267 8930 516
7004 6513 493
8452 8535 731
1985 6459 507
6114 1497 661
6600 9375 224
1471 46 898
9646 3993 112
7805 9749 3
9350 888 997
515 5071 550
7308 534 318
160 5314 956
1133 112 813
3817 5191 785
2080 1001 179
965 4977 388
1430 8191 659
7539 7735 186
9497 770 465
65 2196 222
9669 8025 718
8864 7470 588
7440 8978 721
7727 1402 426
3140 2542 137
3549 3078 687
2118 110 424
2812 2508 871
2419 8229 202
5598 1889 757
4602 3268 208
5028 7112 611
9181 3061 967
4654 1477 312
41 7453 346
299 2126 56
8075 869 927
3060 5253 979
2507 2708 33
7278 3561 594
5038 3141 575
8998 8081 111
3562 8214 713
6443 4959 215
1736 6284 834
9170 5647 263
1541 7995 873
5519 1499 998
8988 5971 470
1259 6379 358
9622 7732 639
4991 7210 779
4374 8738 492
7058 2412 967
752 1381 994
41 9541 27
6893 4778 615
1861 8409 397
4124 9397 709
2668 1486 987
6184 1475 320
4396 5964 916
9109 8773 802
3893 7213 398
5166 7159 649
4130 8212 968
273 4109 11
3484 316 479
1474 1407 136
65 9344 14
2611 5917 104
7086 4481 147
7597 7357 606
3393 1306 240
158 435 637
8380 8459 763
8509 9594 32
8915 9010 389
348 4856 628
3205 8528 289
4366 4321 868
2329 2492 632
5743 8417 899
1120 3542 82
456 2427 111
1704 7339 127
8726 8307 165
733 400 43
8137 5565 150
4865 3519 431
1412 7926 22
9965 2091 526
1091 9231 171
8509 8845 79
5725 7069 587
6782 9976 918
9560 3422 730
7576 8461 347
4850 2805 24
684 9435 330
1796 1637 484
5775 3641 154
3310 2605 109
5989 1877 672
6651 936 235
77 6355 618
545 6965 130
3659 1791 178
3764 2146 974
9618 775 714
9884 8170 266
1360 327 277
7862 2464 526
149 6915 456
7165 7793 382
4461 7119 152
3185 8925 193
3836 3731 829
892 210 674
292 7715 74
6879 3295 678
8490 4129 582
5415 1512 101
6999 4779 303
3340 3634 154
1401 877 557
3931 4294 892
216 3185 932
2819 8452 59
328 2488 159
1907 2636 831
5059 7972 257
1818 5041 802
6199 3622 767
3077 4698 608
41 3854 663
4288 2191 957
5600 9220 148
4137 5828 160
1951 8818 443
5893 573 732
7176 1671 774
4957 6392 156
151 2665 2
3930 3305 931
8759 4872 575
6391 7388 847
9165 1758 654
5610 895 321
2741 1068 280
1898 7724 505
341 6727 744
4520 41 256
4374 5431 10
1836 5922 912
5283 6822 702
747 9651 478
328 6563 342
5557 2295 893
3547 7825 991
6166 2526 298
7898 9405 719
1084 6490 577
4522 9534 708
9324 6232 194
1135 1696 670
5503 3230 241
8133 7251 106
6755 9722 924
1156 901 175
4625 8841 623
1073 8524 182
1064 2643 347
5742 5515 251
7191 922 746
5347 45 760
6723 35 459
9608 3826 333
7429 4219 56
8601 8089 660
8555 1066 584
5963 7454 673
1510 584 186
5337 8643 469
2156 7090 827
6031 1465 402
4043 718 48
2777 3381 587
6135 2315 318
9106 2873 875
326 3720 542
8958 9151 134
3915 5142 769
4903 3331 401
3526 1046 566
6201 2850 612
9250 1589 965
4177 7199 895
6532 4944 959
7519 412 80
7230 272 105
9807 174 802
1662 6074 110
1896 2245 659
7060 1723 130
7722 6888 111
6099 2264 492
1083 2939 872
4553 1223 839
6014 7323 441
3024 9092 391
889 2938 882
4459 7766 805
7606 688 648
7386 1469 556
2567 8944 689
5043 4947 455
1612 6815 814
7980 2019 797
6656 7503 390
5641 9489 354
4271 3701 580
7539 2465 102
4234 1155 499
5608 7780 144
6133 4468 485
6344 8474 566
903 8998 999
3235 5853 458
1635 9163 690
7228 2919 259
8288 3186 384
5815 8106 123
4795 198 270
3642 8624 374
669 1974 314
1138 2942 593
2086 6233 234
9080 3866 465
8792 8859 984
2659 188 454
4242 2217 908
2959 1072 701
5060 7177 209
3540 4922 312
30 1035 828
6765 9397 768
9384 3540 332
901 3332 21
3908 2144 136
24 5897 910
544 1821 23
1482 174 466
8919 4336 328
1622 5994 383
7222 9334 173
7718 2831 213
6557 6326 476
922 269 736
8653 4181 310
73 2139 217
1919 779 285
6544 413 182
591 8619 612
2311 8400 954
3999 3607 114
3228 8612 95
8392 3750 459
9402 5331 57
521 6453 485
351 1048 514
2738 5750 929
5979 2235 505
9661 5909 109
4682 5784 994
2130 9565 863
6556 9295 401
6620 7383 981
2008 1863 286
1507 922 655
8841 1180 364
5889 3125 85
3590 520 765
5587 9622 966
3648 666 575
4402 5298 440
422 4715 503
1371 2383 804
877 2976 890
7480 194 318
1844 647 934
4226 2484 858
8026 8085 827
3388 4937 827
3015 857 77
7413 4034 147
3446 8313 926
2706 1879 239
9052 1948 649
5280 9806 815
1268 7987 273
6810 147 408
7551 1002 495
2784 1363 636
3607 6348 846
7813 6343 949
5450 1570 974
5100 9518 550
7580 4940 641
9014 3852 933
3362 2699 350
7490 7 168
7672 1108 836
5162 1510 984
8063 6776 968
8302 8242 179
5443 92 568
3096 5731 987
3068 3676 895
5729 6038 296
5413 6270 207
381 671 482
735 4848 710
3311 3117 665
4207 9699 303
3729 1451 210
3066 1251 379
105 5484 861
7339 4221 24
846 2575 381
8483 2802 108
7997 9188 508
6696 5605 497
4691 4076 298
7904 6632 416
4395 9418 519
7104 7958 455
8884 4774 236
5718 568 505
650 500 308
6764 7050 799
2645 5953 881
3427 3145 280
3178 1221 105
3130 483 982
3975 2363 983
8794 2113 752
9964 3977 959
3485 3181 70
1170 7242 954
4878 5333 303
9407 2003 345
8581 8290 778
9683 1207 41
2418 7441 9
3580 2103 93
6272 8590 469
6120 4298 778
1008 9843 527
84 3299 650
7344 6181 815
2986 5495 571
391 3597 167
2425 8835 771
8957 178 257
4459 1928 900
3754 9946 989
3098 6836 788
9422 7250 123
465 1308 841
7446 4241 914
1908 9400 355
9268 880 451
3969 8896 548
9924 4617 939
8325 6491 792
647 354 697
1984 4060 530
5407 2236 349
3827 4404 8
7700 260 743
278 8369 845
758 4015 246
4349 719 671
4566 8292 645
3380 7488 898
5990 5712 239
1920 8890 444
5188 6430 581
296 9918 556
5201 8449 40
4365 8238 970
8203 9001 988
1102 9286 746
7923 6085 988
8121 800 317
9101 2066 282
7434 4319 405
5334 7593 310
22 7576 905
441 5319 67
9252 5519 701
6867 4005 154
6752 2688 777
6331 4519 838
467 4815 332
5691 403 504
4443 3713 47
9815 985 461
717 9984 978
9030 3871 614
6827 3290 208
8562 8954 685
5870 4574 539
7964 1456 326
8100 6897 250
1713 7515 664
5175 1284 558
9281 742 967
8900 5278 128
2469 7722 168
1481 3374 856
197 1829 751
29 8102 533
4357 1168 118
4578 374 601
4652 4737 425
2168 6725 656
7022 7228 339
5960 1560 222
9691 9163 482
6358 4334 360
5272 782 86
420 8600 351
3412 5067 409
6745 7495 608
2507 1655 239
641 7 81
8690 1199 696
4179 7823 940
9921 1855 178
7414 2369 207
6760 4771 101
2349 1219 309
4317 5254 264
9952 8250 972
1638 6801 685
1036 1218 82
828 3648 345
7875 441 357
8861 7403 691
7071 2652 496
2937 2571 261
8691 500 597
133 6615 268
2524 6657 307
7174 3155 133
4670 6797 505
1196 7819 495
5323 1673 550
393 1689 629
637 5357 206
65 3354 690
1667 8543 432
4885 3167 868
2715 2287 696
8017 6429 23
2661 7762 751
5658 8807 438
1253 6000 164
2001 5109 776
3014 6958 641
1647 1660 801
115 3989 232
4428 3713 288
8529 3896 241
4829 7985 814
4486 8716 226
4814 3835 780
6364 328 191
4111 826 786
4466 583 694
34 3288 369
970 5820 772
4729 1144 861
9198 7446 756
4264 9616 815
1825 1945 53
4950 1881 81
42 6068 818
1370 4618 141
4797 292 325
7430 1536 159
3089 2644 966
977 6268 894
5573 370 656
8246 3985 454
5056 8860 399
3122 8114 268
7260 8091 982
1425 2559 420
2854 2945 861
8287 2109 627
9260 758 501
903 8313 473
876 933 598
2138 495 584
9950 7680 34
2204 6035 713
3526 2222 362
7340 6516 843
125 3454 162
8996 7938 970
5339 648 338
9606 5315 586
8812 6404 820
989 4746 703
6834 3901 453
6967 2278 856
4581 5206 553
5676 715 363
2303 7315 571
8799 5446 237
7012 2351 255
5196 1226 369
1500 1750 21
5906 4187 134
3299 1487 362
5716 1196 2
9307 1142 797
9904 5634 343
6983 2665 21
5992 632 440
4251 3460 899
868 5120 600
1292 4829 200
2226 6174 387
9785 9833 984
5963 8711 93
2109 8515 666
161 9427 305
1082 9174 895
2486 5142 954
9494 4713 297
1537 4783 2
2758 2882 120
3123 5894 158
5262 3918 680
9244 9209 563
8152 2641 326
4968 7922 166
6431 1951 616
8738 7777 34
6627 7441 324
7538 1639 581
376 7200 482
5765 8046 507
9543 3467 645
2380 5261 994
134 9534 365
1815 1977 795
900 807 985
1042 3829 378
254 6325 228
7158 2506 490
814 4319 527
5416 3396 894
3086 4589 906
8152 6050 389
5411 5096 367
3478 4671 79
3557 7466 984
195 2714 132
489 5214 86
7574 5720 968
640 5267 693
7487 3146 336
3627 7311 472
7633 3992 293
6967 5761 32
9264 8732 417
9030 7210 162
2885 45 370
9688 3660 539
5982 2098 735
3903 6664 238
3147 8325 670
6978 386 560
55 4885 486
9144 7210 555
8584 5052 137
9733 6424 41
6294 2720 998
3747 4533 964
2417 259 427
9176 6262 835
7733 4333 299
3398 9227 136
5492 9139 254
6987 5885 115
9840 734 449
8192 5515 858
995 4017 734
5455 716 11
1579 8815 548
6107 7372 346
6116 6129 823
3635 7779 239
5063 4026 319
5027 2805 892
6150 6832 894
2560 6150 428
6895 7579 978
8069 4239 495
7686 9549 100
1191 8853 944
6185 4694 224
4124 8510 73
2690 3353 928
3658 4266 216
3995 1926 25
1560 7629 153
2285 3759 236
281 2804 790
299 6264 597
5328 2313 30
6948 6277 11
606 2020 250
1067 6791 98
3883 1584 871
4239 9187 504
9867 6070 43
5379 2234 119
3209 9355 866
6331 643 713
2018 9569 877
2433 715 872
5016 2376 369
8438 8891 461
1382 8113 77
3870 4872 876
1444 8781 474
5964 7128 795
1585 2723 596
1298 8384 229
3198 8361 846
4225 6444 68
613 6483 945
9515 5799 383
224 4284 420
4736 6665 939
8167 3554 282
2361 4954 44
6304 3530 591
9139 6222 43
6633 8059 500
1900 7434 231
8836 2987 542
3523 7025 41
5079 8263 753
2129 6163 87
7941 1718 91
9921 5022 244
9733 3998 466
8090 6236 373
2951 958 631
3269 6703 65
71 449 885
1421 2533 393
855 8348 995
2758 3933 675
9617 9174 145
3215 5116 825
9239 9662 914
330 6919 754
2801 2706 904
9409 3840 122
599 8368 878
9712 912 530
1530 9773 445
1371 4858 212
7013 4138 936
1052 8158 982
242 6385 766
4936 8121 504
5606 650 468
9922 224 622
8174 308 619
1634 7501 660
9333 402 765
5302 8672 359
5116 312 800
2591 4327 738
9500 6884 837
1459 5530 385
1890 7264 880
7147 415 5
7313 3516 760
7097 908 534
2262 2133 979
518 150 670
3826 5871 49
9643 8591 569
1374 7064 98
6560 7869 869
9412 1490 973
6777 3733 228
2489 1211 128
4244 9478 882
9178 7212 8
6475 3315 821
9277 3451 603
5779 5002 597
3937 6000 644
446 4288 267
8834 480 84
3122 2874 796
6564 1653 833
7763 9887 581
4351 9175 851
4197 6954 997
6524 8952 258
5878 107 499
6917 7534 487
4044 459 260
6280 8500 133
4588 4241 153
9 4961 877
9726 1657 927
830 5231 925
4607 7458 24
6614 4052 47
6710 3349 999
1313 5224 339
7550 2073 254
8050 2162 687
9835 5460 296
372 8079 779
3264 1657 64
5072 165 685
2131 6423 932
2701 7541 635
9192 3116 55
326 981 373
4761 4108 12
622 1109 633
7695 5304 160
2112 3142 988
3325 9030 584
3456 6131 950
3677 2274 71
1285 252 157
5677 9961 473
7522 4643 878
8650 2312 926
1433 2721 783
7554 4873 828
4257 7676 218
5700 2090 546
7827 2155 538
1629 6067 705
9912 7613 400
1328 4345 134
3136 2455 777
5827 9211 644
5562 848 352
54 6531 924
9416 809 154
358 4968 515
3469 3790 219
7559 7501 344
6959 4920 397
4405 8638 968
4890 1699 72
433 9955 886
5679 1796 962
8966 971 48
5795 1251 591
6310 4172 494
4692 7867 710
8034 3700 37
2660 3371 834
1033 9089 94
1320 6172 823
161 5441 672
9613 8492 152
7450 1761 264
528 3786 598
263 7942 123
3199 5221 244
3539 1885 181
7448 5413 429
1119 660 493
1142 2720 750
1523 585 930
3819 1477 106
9782 416 678
1542 8575 793
315 453 81
9766 3623 994
5146 4386 53
6393 1831 621
3398 4632 770
6541 5948 193
4019 2913 191
3255 3421 614
5117 5343 51
3005 6831 370
5970 1901 186
3896 4288 269
1307 5958 29
7637 2199 586
4745 2365 58
3271 9590 877
1086 6677 656
9007 2766 90
362 8762 835
9191 2059 137
5919 412 369
820 5456 718
2628 2876 95
1130 3334 652
9202 2146 146
5503 5575 447
3387 9973 562
1279 1454 450
8193 3450 330
7104 5910 72
9958 5243 68
8013 2237 349
9381 8039 542
1764 7187 263
910 921 94
4238 7650 75
3254 211 279
3123 538 714
1701 8872 1000
1870 6140 6
6053 8202 597
1739 8527 853
5812 6890 257
5700 8629 20
9207 2909 149
3995 4339 593
2569 3336 519
944 5165 528
1908 3252 78
5123 7370 527
1456 1742 785
54 5752 721
8128 5091 953
8138 3116 333
8417 5715 131
9867 6681 794
4440 2193 144
2528 3914 513
7786 9453 305
653 9728 730
5841 4004 487
5110 1826 356
2125 9269 358
1991 1521 157
6189 2593 899
907 6822 505
1292 6534 871
2278 8311 34
8334 1348 431
761 3865 470
5955 1740 67
7526 5752 512
1168 7627 118
6911 8059 691
5462 9611 981
2161 458 795
9729 2136 469
6031 7606 649
8396 526 565
9593 165 611
2227 2743 759
4347 6057 724
2779 8178 234
6180 522 159
5189 9804 727
6461 4500 509
9174 867 188
6712 6852 470
590 2594 193
821 8741 265
3364 2069 1
839 9533 494
475 4335 481
4710 4258 46
9825 6437 293
1517 6884 801
6490 4828 55
2755 4887 824
8554 1329 39
424 8653 21
1351 20 250
9958 1761 615
6901 6805 800
3575 4009 3
5206 4586 980
4689 8107 956
510 1256 663
1638 2038 611
9633 705 302
2457 4904 779
9656 2375 307
4153 8825 237
8660 8182 109
1424 9170 995
3363 5553 479
648 2330 771
1415 7889 28
2818 8002 484
9754 7267 124
5530 6833 998
4107 253 547
2115 4336 673
6096 8932 746
6981 3407 639
4071 7556 552
9224 5053 639
7148 6292 120
3957 1871 312
9460 2862 228
4003 1406 812
2961 5697 838
3227 4061 922
9288 5387 224
434 9643 940
6898 7722 344
1625 3431 640
6335 4687 400
5770 7319 976
7317 3928 493
9899 1714 83
1648 5007 816
8432 7026 416
9862 1226 129
3352 5072 663
4638 10 918
3929 253 979
3632 6097 239
2250 8752 479
2621 8169 656
9620 6061 140
1095 4987 370
8442 2070 77
9335 9482 79
1605 6484 192
8888 8675 828
7167 7196 965
110 2265 867
8419 1179 269
1492 2905 591
6633 8024 242
1092 2224 712
5875 8979 621
8937 943 164
2649 5999 689
6793 1474 928
5590 5277 180
9923 8212 114
4308 2393 30
2308 3715 138
9218 3080 871
8099 1716 18
9048 2839 660
5 4154 947
8333 2651 398
3070 3952 383
1406 2529 129
7017 3305 452
7807 7123 803
9241 2954 282
6113 2372 32
8895 6028 339
6793 1774 764
1907 4164 558
1358 4939 457
202 4769 205
6688 2472 69
8802 842 352
1357 61 335
807 3623 291
4047 4725 714
802 4253 891
3423 8279 57
8033 315 812
733 639 892
2298 4818 962
2521 3707 339
1090 2255 708
6346 4322 409
4960 4826 727
5280 8968 230
1532 2092 730
1392 2581 249
4768 692 435
6902 4843 853
2136 6586 487
1288 43 975
1112 1328 926
6323 6213 626
6702 557 821
3530 3563 157
7239 6789 801
7543 4622 17
6293 2338 197
713 8892 284
6983 534 289
5680 1978 35
4061 2474 349
6527 2788 578
5367 9728 773
6920 8938 446
7114 583 617
4309 5666 924
1869 2840 547
6465 2502 202
9283 1941 912
5462 3689 55
4092 2595 368
6851 5273 792
9836 5500 530
4534 7551 642
7073 6949 302
1989 6460 511
6464 2115 560
2557 7911 511
1699 7838 762
5915 7703 311
8049 3463 691
4568 2587 266
7436 8659 581
7135 3604 290
8020 1660 681
5473 7629 984
4370 6410 570
6483 4710 848
9608 1763 581
8670 2447 268
8890 2664 970
9367 2186 922
2311 3598 318
8648 4960 14
2271 3310 204
8630 6843 825
7024 4815 562
6621 3562 725
6495 2305 983
1686 251 40
8963 9320 940
857 1401 567
9526 7689 100
4287 6560 727
4958 2767 827
3968 8094 535
1870 2333 463
7371 4029 594
8518 6257 787
272 964 847
4662 4893 902
416 4706 210
5417 5273 513
2965 1554 798
497 6848 213
6667 3574 778
7651 8384 234
9773 6114 716
4306 5376 256
3053 2387 773
5135 2759 237
8237 896 692
6278 9187 441
8634 5954 982
4240 2083 394
643 2485 929
2898 8779 875
5904 7335 369
6192 1785 9
2078 5862 348
9790 3584 664
6037 784 217
3544 6539 135
5004 1320 141
737 8269 232
885 1209 961
7120 3874 958
4915 6966 384
8270 8793 338
923 3299 182
392 1628 116
9394 2374 475
9119 4503 647
2141 2454 861
6183 5224 295
4952 568 509
2064 2400 116
5997 227 890
7396 2672 526
6469 9008 881
7647 6463 872
6478 6254 641
7907 6502 371
7904 581 940
8337 7102 582
7955 3371 761
2561 978 239
5705 7594 667
2024 5312 604
2799 56 501
82 3516 301
2065 5132 897
179 3214 557
1960 1979 293
7386 629 819
1591 4189 47
1253 1718 491
7341 4476 141
8490 2427 909
4085 7536 893
2971 6977 256
395 8357 428
5438 5517 99
1450 5973 329
4695 9605 142
235 8089 873
1028 5852 78
8217 8374 974
4449 1883 396
1694 9058 713
8638 8339 847
5666 6114 959
1920 8897 324
6156 9919 900
1690 3496 584
8143 1896 268
7573 706 242
1129 1453 249
1265 740 990
2626 4024 828
6888 8532 327
777 6884 550
7359 7519 941
574 6295 188
9398 3331 830
1222 6948 277
9970 496 550
1603 560 47
5370 9101 421
8992 6625 212
4437 7524 430
5710 8291 638
1515 367 816
4564 9149 700
4894 1549 64
9729 5399 443
6246 8510 114
1248 2068 221
4903 2413 830
9663 8834 177
8812 232 589
2423 9724 248
3417 9379 331
4763 429 990
1582 8347 99
6128 302 293
4526 9734 171
338 8657 108
4264 8198 236
1908 6911 422
536 9232 166
7493 7014 804
1659 512 634
8712 4084 140
958 2332 594
1884 2156 140
2495 6135 691
8311 2965 696
359 9683 273
7160 1418 691
472 698 223
8580 4000 485
137 7588 130
9400 2839 139
9991 808 122
3231 849 813
6818 6291 883
8654 7494 567
7251 4282 483
3606 2623 178
3192 3955 214
2643 935 742
1321 9679 501
2334 9881 710
8894 4423 427
5065 3691 806
8017 2472 573
7842 5938 164
423 4998 358
8927 7031 532
4770 9539 653
6140 619 473
4607 8957 529
4763 7772 11
4665 2540 703
114 2928 958
2551 4746 156
6723 7877 315
2293 2192 549
7043 6997 992
8273 9142 403
3213 2018 789
1942 1540 984
6258 3488 873
1196 995 81
5048 7140 21
2262 4679 247
7218 2794 568
2690 3718 507
2715 7834 247
888 1971 450
371 4066 919
1087 6087 56
9724 6010 933
4223 825 446
1069 273 532
1811 6743 590
5171 1907 959
2305 2606 243
155 2069 459
9356 97 63
961 5538 484
1533 3057 852
2393 7607 41
1133 9829 453
1724 9010 353
3930 5119 598
369 767 828
9779 3649 147
9500 969 681
4930 6601 315
1186 4635 818
5784 4465 974
4779 3584 940
3789 7572 841
1283 5291 584
264 8217 51
3465 7811 82
1042 2257 998
5607 4015 212
804 9680 666
9229 3497 50
7259 303 638
321 6788 381
9749 7135 874
5459 517 190
3079 7102 704
4826 5180 129
9571 4251 894
6514 7053 562
2454 7605 956
1025 8317 720
1109 4096 367
1006 586 853
9232 5447 857
259 908 983
122 9167 555
1262 2177 831
7174 7969 197
571 9963 640
4552 5113 551
6607 9601 612
2620 5592 406
9372 2240 48
7317 8652 560
9705 1613 768
5253 3953 584
1389 151 193
420 2446 431
7440 8283 995
4049 8353 455
4037 7706 442
114 4664 166
1118 5837 336
6165 7222 791
5799 3422 635
3537 9221 581
8080 1567 57
8458 2005 289
6367 9202 830
6387 2267 649
6126 5378 749
7863 7238 216
8590 2083 19
5898 9849 46
79 936 165
4162 5166 268
5890 6642 603
6703 3394 299
796 224 627
740 28 574
5386 1722 111
4753 4538 279
883 1523 893
2588 8230 741
7418 2028 538
5183 2111 283
1440 336 385
4198 596 895
7882 9357 109
7321 3434 615
6216 2644 377
5084 8909 435
6403 6753 938
1923 9334 128
4134 6637 952
4334 7121 238
2093 985 818
3851 1023 321
5034 321 22
2541 7399 491
5635 7706 715
9901 6287 784
3870 6329 913
398 7721 576
1160 1311 333
5444 1238 268
5643 467 286
396 7341 350
3695 8929 420
2819 1880 693
4412 4839 255
6205 3909 384
7957 7797 796
2531 8348 404
9921 9609 948
6442 3642 440
3234 5911 56
6815 9890 805
1799 7185 999
952 1092 806
2240 277 803
1518 6421 849
8247 103 946
1259 7165 953
4859 973 827
9888 8994 215
4092 1954 540
2653 6375 426
1898 5963 898
3596 1175 397
5753 1361 445
2523 2444 333
7438 4685 311
7336 911 3
2443 6394 239
1617 21 779
6153 25 165
8506 397 433
9914 947 326
2550 1629 174
6336 6049 939
9374 5864 289
5191 6447 249
9305 4215 868
4996 3252 845
6008 8455 694
2225 7387 305
2493 6556 895
7453 8264 888
1996 1677 870
1591 2168 770
5539 5482 931
6121 3590 348
6139 3207 382
1205 6683 600
230 1962 65
5348 1574 685
5552 3588 101
5177 2115 995
8940 7810 227
9784 9228 210
8875 7636 507
6118 1625 863
4443 4667 808
6535 6595 595
1036 916 786
140 2494 165
4473 1555 385
1159 2792 156
1508 488 332
6022 3729 199
8552 517 780
270 441 343
8552 6762 718
2884 6975 403
5472 7527 921
8927 3695 474
2039 563 845
5513 5200 973
3439 7302 3
4500 4856 237
5630 1801 1000
3832 190 650
6606 8558 544
283 7753 183
7512 1080 318
1979 1832 106
2965 4972 564
4838 532 609
5579 468 840
4405 648 773
3473 3463 793
4958 1126 387
7296 9389 345
5689 401 914
6580 4428 411
7016 1284 526
8466 5716 460
8090 1356 925
8845 6186 843
8412 4725 242
682 8462 222
1845 8052 295
5177 7630 177
5746 7010 801
5962 7862 390
1772 4319 531
1530 1344 559
4046 8045 36
1752 6937 481
9492 1280 526
9750 733 91
2589 1152 285
7741 4764 562
7761 5962 151
802 3255 268
8432 4535 509
702 3888 528
1137 4583 407
8207 3466 976
1321 143 303
8985 1626 497
8855 5353 587
7925 7360 701
6804 6383 660
739 908 464
1545 7631 416
1599 4920 910
8456 1831 281
2209 2136 667
7484 140 774
9847 9763 952
2015 1480 958
5461 2295 983
3407 5508 880
1442 3888 876
5730 2052 929
9563 9861 791
4502 648 243
6766 5144 151
2057 2999 411
9476 9791 153
312 1747 254
9675 8380 831
8193 9542 665
3474 9712 163
9291 2933 505
631 5565 616
3375 1782 197
5044 968 742
3998 1855 89
3550 4781 800
3813 702 294
7139 9230 680
1207 7231 403
6432 1669 646
9346 4737 862
4285 456 416
8911 7309 591
4404 2167 505
1455 9942 947
9970 6105 285
5115 5815 687
8445 1813 400
1784 329 673
9548 8219 727
9789 5578 321
2444 5810 429
2520 1559 790
9668 861 186
1019 9633 402
7398 7623 183
9304 6870 78
9346 7902 343
6110 2306 315
3078 6297 24
8809 9346 992
324 427 796
8861 518 504
6597 4090 683
864 9583 880
5842 8214 382
2331 2920 607
7128 4620 801
9586 2202 487
4832 1784 613
6975 1553 982
1754 8846 909
4017 9234 889
4517 89 609
3298 9619 769
5979 2256 437
405 2551 365
4571 9261 579
607 5780 506
840 3849 995
1103 8016 122
2616 3490 726
8215 2860 930
6589 2748 821
3898 1219 200
1707 8071 918
5170 2610 895
1032 6695 265
4003 7439 886
3162 6607 457
3165 3780 511
4830 3372 45
188 6814 330
6443 5335 693
5280 9637 428
595 483 685
2987 2409 326
9905 7012 337
8815 4938 361
2085 8752 253
9704 7723 537
3673 3504 992
7268 5095 108
7418 2258 656
1351 3466 236
2292 7351 218
8363 1559 756
619 2412 681
723 5219 591
8422 5118 821
1951 8939 22
160 3831 130
1836 2901 338
5840 9156 179
5124 1541 195
5597 6887 539
1442 879 657
9002 7179 645
2564 6260 404
3277 3949 125
82 6877 978
9765 1192 600
814 4881 48
3117 6862 238
7409 7888 193
6800 3034 398
7419 9946 654
8683 1779 262
7544 2510 134
8 2536 887
9187 4654 623
3183 3009 859
3487 3881 549
388 479 896
497 3370 822
42 4489 178
365 2643 999
4433 3578 508
9746 8019 930
3166 9922 950
6079 1506 128
7354 1826 594
4436 1237 819
3693 1702 852
2183 3887 953
1900 4521 983
1708 922 172
1734 3243 343
4983 7317 102
7225 7442 29
2713 7694 328
5596 5732 842
574 2359 867
9498 6275 35
3768 9441 544
2201 4087 684
5506 9906 307
4250 3998 70
2519 2606 740
9379 5296 335
1439 9908 969
8735 988 8
1790 6699 305
5725 4358 131
4048 3148 843
2363 3435 878
8971 5089 954
1472 2876 880
875 8675 571
6500 3898 744
2302 9006 842
1770 2139 691
3938 8059 928
4016 2179 796
8949 6280 273
8423 1087 26
520 4887 430
2212 9913 195
73 3733 629
5038 5200 194
8145 9771 234
7167 1058 583
9656 2760 163
4687 2065 616
5917 7140 128
3137 1959 956
4260 877 486
4123 7966 430
8838 2666 384
2305 6105 574
2348 4744 576
8132 6498 247
4520 708 94
6335 9591 603
8025 826 495
22 9831 550
5521 3227 954
3798 510 642
9533 8772 594
7717 2899 756
1178 7860 712
2789 8927 812
2872 6881 452
7896 4783 88
21 2296 929
1711 1912 97
9211 7487 16
2725 7593 707
9863 4197 833
1393 9452 796
1536 9517 206
7166 3436 91
5576 3337 426
4740 2101 131
3033 4346 893
8636 4959 303
1193 2253 170
1267 4907 249
5433 493 770
1467 1484 564
21 128 817
8525 4645 927
5345 528 304
4550 8370 695
2971 1558 838
7327 3824 737
7436 1906 153
5235 3758 331
299 448 98
9547 14 596
4621 6140 388
4481 7557 685
5904 7036 13
1869 3074 832
6439 1891 360
8016 3637 829
1070 3023 744
559 5865 786
4541 4239 704
208 509 999
636 9585 523
6634 2746 469
4940 171 719
2014 4234 234
179 3881 273
8208 7585 505
3622 8541 526
7997 100 808
1656 2042 1
439 7273 500
7952 7479 236
8433 5992 142
2695 5950 982
1127 9545 382
1710 95 862
704 2040 262
1457 5185 665
7735 5729 939
1550 4395 415
3836 4368 426
4567 3601 13
6820 9365 532
9507 416 474
4395 3531 203
5399 8052 899
1043 1769 86
8276 6636 574
217 85 107
7622 3209 512
6873 3518 159
1556 7426 785
5873 6642 662
672 434 764
24 8732 53
7267 1013 88
5094 6704 327
5884 5890 581
3723 864 616
6724 168 326
4712 7928 458
1668 9699 228
405 7768 914
625 7845 292
1460 2907 957
8756 715 702
6215 5373 46
13 6780 673
7292 8923 348
5440 4863 566
2319 65 663
1112 6173 521
6073 7192 60
2763 1175 344
7944 3386 481
7832 792 243
7021 6716 895
9109 1603 857
3583 8701 12
1798 1605 742
365 8345 849
1238 1054 743
1012 63 56
775 1135 195
4413 3713 809
6905 6674 347
6225 6296 851
4717 6949 409
6926 8326 579
3179 3547 374
2558 8233 690
478 1092 118
5957 9796 933
5763 656 755
3494 7824 166
2547 1022 58
302 9245 72
3892 1934 17
6707 4105 30
8883 959 720
240 8580 777
8865 1638 901
7344 920 757
6081 1937 656
2737 587 424
3121 3050 190
368 7076 861
532 3501 182
3309 2225 768
3892 1699 512
4266 4119 747
7942 4100 152
4866 2694 183
6197 613 5
1224 4260 164
7247 6494 663
223 5890 671
9216 6007 665
335 6423 792
1011 5235 419
1341 1110 933
5270 7965 125
2801 627 261
6922 6375 980
4766 1808 265
8655 9192 856
2464 8201 623
5422 3259 526
3557 2085 752
7583 1280 185
6181 5125 293
8091 4512 245
2405 2554 958
7549 2639 631
2274 5102 767
7330 4270 642
6238 1284 678
2128 8801 932
3891 4541 558
4142 742 965
2212 1617 414
1243 122 16
2139 3757 355
1323 4851 268
6209 5783 814
1642 3944 243
6413 581 948
1620 600 707
6318 4860 368
9358 9450 710
4490 5586 804
8013 1013 28
8253 965 838
1926 4416 522
1498 856 642
9856 5355 249
4937 6515 375
1391 7364 632
1582 5147 812
6780 1458 328
7602 1339 763
2029 121 907
7796 2457 340
1931 2520 743
2499 7142 186
1946 5538 244
843 1515 699
6018 876 176
1222 6073 791
7295 7701 333
3433 2828 77
799 3451 127
8538 8437 545
2834 9201 656
3914 7145 828
238 4170 658
4658 3090 108
3903 4493 153
9532 5370 416
141 4820 104
3713 3223 69
9257 6867 305
6792 8512 439
9570 7317 486
5348 5565 941
1171 636 468
6979 1903 225
1449 568 822
3360 5686 303
5195 3308 22
3845 1470 423
9523 4877 40
2125 8056 916
1526 9521 106
8136 1997 451
3067 1566 270
2770 6783 341
7154 4087 899
8293 9015 954
1450 1812 363
8418 1810 930
9928 415 135
4571 857 697
2702 1301 388
2326 2677 762
2208 112 17
1648 2065 854
3271 256 66
9325 159 708
1403 2637 646
9724 2379 424
1891 3722 887
4817 2796 669
2715 362 338
1315 3720 177
1515 3995 519
3627 6486 930
2053 1288 316
8227 4160 178
9469 1588 81
7689 7536 903
4234 8472 24
6527 2698 606
1307 5124 575
1821 7812 680
7555 1935 916
7834 2586 986
9764 2507 138
4089 670 192
8444 9814 749
5831 250 860
450 5021 482
1866 6488 231
9586 7301 602
9696 4956 476
7652 5466 796
546 776 16
319 1807 818
5060 2863 512
7149 3661 413
4329 8135 987
5286 1216 82
182 4464 836
6013 3379 646
8966 7379 576
8171 886 834
9171 3524 729
591 1549 193
169 2600 461
181 2430 401
6579 9891 516
1747 1193 204
1437 6730 225
6246 9312 774
99 3687 441
9005 4461 19
8540 7318 569
3690 2284 921
8177 4934 617
4814 9398 683
1490 4443 161
2959 326 849
8937 4428 441
7985 799 452
6149 5395 639
6853 1183 376
9088 6093 852
3513 1396 423
1556 1158 612
5526 6550 540
910 6602 116
585 2825 953
2639 3761 595
3256 7230 807
4752 193 596
20 4134 231
2424 7219 623
7008 2704 577
4670 8491 200
1063 2837 746
2600 1146 695
1113 5348 508
4026 8768 264
8948 6431 157
3347 5452 900
4678 1131 937
9305 2014 170
400 4739 637
832 7815 598
1765 2417 690
5574 7162 791
2144 567 497
2467 189 955
8021 8240 88
6292 6246 649
6543 7331 299
6397 2186 528
6105 6279 846
8147 2644 507
9284 2203 597
8949 1465 509
8061 7148 566
9159 9674 368
1506 3005 655
9464 3847 147
1273 9071 306
2404 2775 959
1487 9531 745
8382 1781 993
9716 2321 254
9166 7444 622
874 8603 60
782 3892 527
2507 9955 101
9376 5103 294
7335 5852 630
3557 1261 145
2082 2547 313
394 7349 960
3565 5691 798
1634 1679 983
4634 2804 239
8783 9263 574
8514 310 732
1445 7516 467
5589 7788 882
847 1422 131
2294 2384 990
6584 5046 317
9974 963 622
7394 7625 431
1261 3574 438
2173 246 251
8332 2490 113
4038 3959 901
7057 5648 592
1626 8030 228
3553 362 126
1690 1752 190
823 7387 83
2497 4209 990
4190 3390 618
4442 3001 955
1649 9173 654
4500 3743 589
7505 8627 931
2093 617 254
8773 8442 638
1897 4773 598
3955 4414 997
45 6549 906
1948 6639 276
8890 1349 213
643 4685 31
4454 4171 732
3518 9964 29
9775 1410 411
9495 8210 550
4290 6701 161
3387 4382 132
5695 6062 619
2116 1613 760
9700 8692 696
5805 4397 787
1444 3576 502
8620 9240 924
8515 2360 274
829 6250 243
9261 1552 461
872 1656 185
4584 5150 937
9572 4253 935
4586 5166 38
8502 9042 484
2091 1569 855
2532 9997 456
242 9203 18
7509 668 126
1226 7204 336
2421 2992 453
7896 1981 718
4895 9205 454
7514 8567 337
9284 4789 793
1087 4865 511
4694 5158 515
8819 6696 186
6809 8528 818
203 1604 922
979 2058 708
9814 2620 9
8889 8566 975
6026 7387 556
7211 459 532
3057 6446 152
412 2296 346
65 1205 583
1379 142 880
7062 4343 281
2863 3732 727
1979 5253 438
2262 2129 923
7112 95 320
8269 2649 476
5855 6228 682
2596 1252 37
1368 5044 673
9114 7178 802
8880 3303 917
478 9541 335
3710 329 579
5808 4263 834
2474 861 382
9679 2704 211
9722 7841 437
7454 8008 404
8331 332 605
5485 6549 586
5996 9052 95
3646 7578 324
3471 9821 721
4225 731 341
3810 737 571
5382 830 174
5952 1237 751
963 4966 425
3346 7821 493
5409 6400 4
4878 2101 861
3706 5716 693
7352 2091 568
5183 3829 110
9306 37 719
7779 8957 461
1490 8357 307
6891 2136 906
2744 8188 817
1056 2539 292
6873 9114 618
7899 6405 668
758 212 430
2627 1175 886
1601 6705 33
9294 2982 871
1783 6908 288
4955 2934 629
628 2605 622
5857 5437 341
196 4222 423
1663 2579 357
5227 2561 237
4883 9123 492
6181 1459 111
2521 638 961
2478 870 209
3130 4961 25
1627 5427 332
2869 6757 375
1566 9931 657
8421 108 978
3041 1681 897
7337 2561 906
4096 1581 16
1796 165 559
4707 9639 673
5735 708 135
1212 1879 945
4405 8240 985
5855 3822 460
5874 5968 563
5334 7723 667
145 1253 670
7835 1393 901
3966 5658 322
2076 9378 592
3302 6917 139
598 995 19
316 9536 203
2928 6578 699
4806 5182 475
3411 7534 166
6740 3897 387
8104 7022 858
4208 9442 592
2931 1134 588
3795 8731 983
2451 1090 442
1614 8788 232
8049 3373 396
679 1618 303
2765 62 426
5439 4484 506
2483 7345 297
1417 7823 896
7975 5347 897
2087 7020 649
1566 627 331
3771 2877 264
8736 4476 523
6452 9692 729
2714 2353 514
1986 7915 63
8824 1376 185
9089 2114 832
2616 9447 179
7222 6 172
1894 8806 161
9393 7037 6
3393 1513 511
7224 9927 190
8055 2807 942
9364 9394 856
1408 5173 306
4180 6380 221
6873 8570 591
5374 783 386
4177 2679 696
6151 810 888
1864 6028 717
9530 3569 139
2459 8557 774
402 5027 41
3720 4608 664
2520 5937 550
6988 5708 95
6960 1956 102
1172 1414 715
1263 2723 598
9971 706 765
9477 657 849
7797 2910 409
431 7793 642
7779 2222 467
5129 8068 770
7078 8831 703
6118 5572 818
917 4269 847
7219 5395 644
5703 83 492
886 5812 96
7102 535 125
9017 7601 750
3408 7062 13
8276 882 403
2003 2106 745
1238 4535 83
7832 3519 308
7733 9667 192
8377 9142 404
2333 3219 684
5893 1342 947
2021 2911 963
945 7288 802
1839 2161 708
9718 7367 709
4088 5770 165
8339 7067 907
7928 5961 333
4607 6062 830
7141 9025 797
1626 9340 552
9775 6168 337
8324 276 819
7647 1513 556
2432 8316 463
2285 9427 332
9640 4337 444
134 5028 468
794 8588 762
1501 8232 161
8808 1251 112
5006 7220 594
54 9349 500
1973 1062 570
3427 4438 809
2270 4805 676
8019 598 429
1733 5328 180
3468 52 497
6236 8581 284
5378 7250 727
9726 78 818
147 943 436
3447 5542 398
139 7017 89
1348 5124 801
2239 2317 48
4630 5095 358
6946 3701 467
152 1381 228
5168 4900 601
7824 4495 510
6010 9896 467
7071 5690 465
9828 2614 977
3931 6859 559
7754 4740 463
9543 2767 388
3719 1471 95
6489 1769 727
223 3500 211
1404 3551 131
560 6684 630
6272 1205 402
273 8458 700
4246 7664 706
8521 2751 849
5753 1443 411
5594 1280 501
9430 7121 704
3086 6529 422
5900 4285 565
9187 8483 873
3120 1586 498
1737 6999 416
154 2543 941
9985 6949 674
2475 7412 335
2348 8073 640
1467 993 235
2911 4339 401
1335 1378 260
9552 6254 13
2329 1124 409
8685 271 558
7567 2431 577
1405 7836 650
716 8575 228
8984 4814 618
4864 2177 483
1866 2063 201
4216 9435 713
1115 164 58
9288 8846 643
3735 6472 431
7573 4750 217
9942 7583 910
1395 5301 816
5064 3609 119
5118 3428 984
6942 3153 145
194 736 993
3877 5950 122
4572 6740 587
9045 771 635
1949 1256 765
4815 8238 582
9396 113 801
3738 199 637
3627 7752 7
3460 2354 294
4750 9279 619
8803 6924 684
7663 5814 732
2118 5014 282
1655 7720 575
5753 2264 842
8485 4830 304
8343 4030 456
570 7374 465
8292 1073 128
1918 593 224
8761 3435 306
4331 9555 955
9768 2573 831
8537 8542 769
7926 7038 977
9092 8039 63
3711 5659 897
3619 2415 849
6475 2412 530
8740 4049 411
2056 2513 514
8145 1158 900
8153 5955 486
8469 177 301
5584 8488 388
5819 376 563
6733 1644 792
5949 2340 56
2431 4405 27
5931 3498 264
2415 5826 130
3000 7273 894
8582 8617 413
6119 1706 781
1498 4322 16
483 3747 958
3863 9436 606
8075 9953 190
9979 3924 553
7820 5471 895
308 2502 82
715 3191 52
4429 2233 346
9833 3240 86
252 318 99
3560 1223 796
6147 4982 508
9382 9992 381
7618 5303 317
8528 7988 128
2135 2816 153
5908 6177 349
7008 5719 727
123 3066 732
7810 4360 946
1102 4796 77
9131 7994 700
6212 6314 363
812 2457 60
2734 5665 963
408 8343 163
7077 4464 467
102 6560 44
4800 1031 164
367 5794 267
9399 5542 375
3365 8348 519
3781 1022 455
206 6482 106
5608 1790 300
3536 2118 110
7931 9354 239
1057 68 687
1437 1227 7
9325 595 953
7403 2258 448
9952 8592 397
7019 5168 925
8233 7080 346
9827 3802 241
168 3882 946
8369 2621 803
7398 9501 989
7893 573 628
2877 3036 945
2297 8070 471
8169 8086 478
7120 7837 610
6944 6562 188
6478 4213 470
179 5245 867
2958 1647 883
8093 854 797
7472 163 960
8063 1732 11
8799 8114 861
280 1278 118
2070 8194 849
1054 5051 254
9124 3712 298
3592 8163 871
5844 9566 842
6895 621 910
6430 8712 399
6259 5651 39
4446 4804 424
5409 1680 918
168 730 491
4027 7114 998
8139 2819 643
4669 1980 354
4642 1396 437
6793 2445 681
30 3617 90
4655 8171 270
2416 4811 953
5129 6487 526
1857 1936 853
4133 4227 370
5699 9741 620
437 1751 123
5683 835 323
8395 7297 853
7974 6966 119
3686 3610 258
6852 1499 302
2965 1462 784
4780 2049 905
295 4341 655
6110 5542 604
7709 7878 382
4377 6641 432
2299 7607 627
5639 1129 775
4750 4383 515
7214 7504 377
8562 8653 819
9205 3500 544
6146 2439 498
6009 7895 70
9255 2277 212
1633 1846 351
5529 202 939
8108 670 15
1549 1255 1
3343 8202 574
2266 8323 83
1949 5429 437
8698 2001 872
4252 130 295
2958 4520 221
4382 9683 852
723 9267 129
1994 2410 891
6058 9691 585
3886 655 846
1466 1114 536
441 9071 502
6589 2206 196
9824 637 776
4853 6241 916
902 4009 335
6906 4071 759
1083 1450 903
3456 5237 609
1801 6790 508
2456 4693 795
8706 2890 892
4773 2152 594
2586 1273 134
3735 850 573
6485 2577 448
7418 9465 553
8771 5778 897
1540 2442 358
2872 6561 353
6491 9793 43
7244 302 903
7328 4939 518
2643 243 366
7369 2801 815
3187 7809 197
9789 878 640
6314 1112 536
8610 6795 183
3755 4019 510
6970 4532 97
477 2401 882
6258 6239 898
23 409 15
7537 1669 621
6611 7644 442
8090 216 600
471 6100 411
2030 4661 401
3 7666 169
271 7077 318
4930 3791 664
2178 3016 168
467 1839 991
4166 5676 284
8868 4324 331
9112 376 23
2373 7025 763
845 7965 269
779 3375 112
246 2340 643
4415 1667 778
7837 9523 294
5309 2694 556
5672 9564 517
4330 7723 366
5470 4944 457
1692 1528 174
7657 4315 620
1934 6211 233
6298 1241 684
8414 6822 115
1971 4949 43
2284 5940 986
662 9152 877
2870 2735 818
600 5585 979
652 5577 663
5534 7650 984
3479 7631 960
4128 8936 484
1112 5473 92
8192 1985 996
4954 762 316
6742 8222 360
4889 8982 444
2939 738 929
6973 7700 334
1950 3809 352
6433 3070 94
712 9897 110
6511 7556 812
2616 4337 833
8281 3935 714
3193 52 362
4058 4234 614
170 9231 257
7132 1463 3
640 2854 176
2753 4766 755
6410 8793 158
51 5900 455
8451 8725 80
6363 4218 939
2331 2324 776
4754 8433 254
8894 2854 211
7278 4666 262
7386 939 40
292 3977 224
5176 4680 6
3231 2194 477
6825 4440 648
835 1872 946
4282 7183 314
8985 1568 520
4090 3825 411
1659 1527 578
8685 834 226
5996 6995 176
6191 9429 759
5104 4896 857
3203 1910 102
9241 939 726
6433 1351 354
5613 6202 73
2632 4045 975
9116 8786 220
4127 4762 842
6542 7407 23
3833 8250 548
5913 9002 755
6553 4606 33
2304 7067 811
6660 9046 243
2634 3993 581
3596 4603 880
8088 2159 958
7410 4249 139
5335 50 988
7392 8283 810
9474 2822 163
9170 9425 953
3207 6693 58
1408 2509 460
4812 1750 106
615 4423 288
6231 1464 779
7289 7976 907
1602 4347 745
8692 4835 150
6905 8343 256
1750 3772 141
6811 7343 180
3350 4556 468
4336 7530 566
138 5407 404
387 1118 790
5921 9541 446
6281 3525 655
5118 775 536
5579 6617 737
6543 3989 883
7276 8805 367
941 7764 404
398 3641 163
3910 9525 862
1363 3401 473
8350 5216 795
8934 8982 314
1513 9232 173
153 8590 315
5233 6650 915
4975 9127 314
6594 918 697
1528 4111 864
1741 1039 881
7898 2347 659
8109 6594 831
1389 8172 46
8984 6234 974
5605 2120 17
2711 7437 406
5308 3961 807
40 2702 554
3657 4836 295
6728 8450 937
2652 6570 27
1753 8706 960
2180 4530 827
4222 2101 510
5994 4477 494
9455 7372 530
3704 815 401
8043 7454 535
2897 3975 302
7550 6146 902
1637 2749 97
5649 2858 280
5166 1315 345
4071 4157 424
7619 8654 106
4285 371 258
5869 760 245
5109 8638 753
6402 5876 763
6225 2943 535
952 5209 119
9352 5110 103
1397 8792 799
5461 9415 894
2945 803 488
9713 8801 822
4621 2729 330
1888 5946 208
6990 1073 589
1215 4803 982
2499 2454 610
6690 4273 740
8836 8691 486
2728 5318 846
3400 9327 399
1157 5428 255
6104 2672 146
4955 8451 482
9600 3000 446
6453 7165 55
930 1240 721
2245 5039 776
1692 5791 291
4253 4796 194
2995 4383 827
817 4137 368
1991 6048 62
7652 1996 377
2105 2886 527
1877 2561 500
6196 2022 160
999 2963 810
1648 6828 950
42 4666 942
1367 1332 125
1911 3135 166
7644 5396 26
7900 516 201
737 2787 804
4293 7951 967
9605 8519 33
1394 5220 873
3872 2094 173
2668 8305 77
5794 1453 767
5791 9493 662
6518 8828 51
8976 6283 586
3561 5223 851
5401 1699 670
2857 7901 410
437 8940 500
6710 1488 1000
7705 1605 282
763 2904 147
9026 9235 650
1210 5333 79
1843 7195 388
8043 5619 318
8551 9568 482
7815 6529 131
5512 3066 950
2397 6324 871
779 7659 826
8425 3581 246
1114 2372 213
2005 2567 877
2778 4674 605
487 3224 723
8783 1931 408
570 5952 887
463 1959 440
8218 7379 100
3737 7351 299
297 6307 672
7406 2425 188
221 2111 212
9860 118 320
9607 3393 813
7925 4033 830
3799 7018 216
8849 7524 839
3355 8757 236
1970 6961 429
437 2534 194
34 411 524
4652 191 623
663 9289 122
3580 1900 630
9142 861 401
2055 2479 882
7229 1386 798
7437 1873 705
5574 3280 670
340 742 594
663 5694 400
730 3399 30
8609 1914 590
5034 7449 471
6696 5479 837
8568 6951 164
1028 1630 818
1871 9079 51
9558 5688 205
5302 348 349
4605 5621 795
741 9997 204
1424 8577 746
7069 7618 544
673 7952 275
6338 2118 206
6876 1104 899
5816 1792 681
9324 2894 429
9120 5000 276
8038 5476 370
7799 7428 112
4920 8969 381
292 796 937
630 51 130
1279 669 840
8977 6454 794
8450 6861 403
16 5807 516
6437 7102 112
6744 2669 3
9265 3204 744
8833 9413 539
5418 289 391
7301 3542 207
5852 1587 195
7303 2599 293
6169 3400 844
114 2213 353
2457 528 256
8737 1610 29
735 2363 173
7397 8247 594
7853 420 735
8553 4306 462
2315 6319 537
157 6701 64
448 7300 78
7167 5293 362
1558 8291 984
2352 1337 39
5693 2878 523
7239 7102 123
2740 5072 473
3172 8359 47
9150 8295 328
709 8604 80
7356 8769 132
6348 6318 878
3637 8580 239
3782 9562 564
4069 9023 201
4357 5336 142
2942 8679 297
1474 3143 603
9523 6034 785
3472 5758 897
9075 2940 745
9856 8681 142
9665 4629 12
2178 2616 707
208 164 255
3786 5878 496
3502 2744 795
5945 6163 552
4569 8257 178
1474 9988 249
8493 9020 112
8753 9172 535
1273 1042 302
7060 4690 370
4840 1337 994
2200 3565 431
6764 2064 375
5950 8983 457
229 9603 286
717 8141 256
1056 3305 292
684 7401 38
5036 1102 298
2224 1053 124
3240 2573 552
5944 3905 143
7847 4142 268
3333 1097 55
736 8103 252
1698 429 537
6412 5731 195
9370 5324 652
8536 1821 458
4619 3670 519
8151 1316 596
5706 9183 657
4139 1050 822
183 1092 79
5532 3051 576
1122 2403 525
9200 1003 86
5107 1598 58
860 5153 404
3092 1117 776
8212 5880 468
8981 5527 195
2422 1835 882
1865 2386 59
6309 9045 641
1091 9398 411
1792 6548 934
1372 4211 593
5906 2409 653
37 1957 884
9414 4188 196
1843 2283 933
2098 4430 980
7230 3996 652
6306 8657 56
6481 3336 790
386 3914 99
4008 5727 708
7933 7788 974
8745 22 391
7283 3660 844
7936 1413 832
7285 9374 507
4308 130 59
3331 6058 527
337 1835 369
624 8156 636
2535 5486 992
347 8506 345
3220 2409 809
1232 4920 534
4926 4624 259
9033 1391 266
2280 8787 229
7400 2929 414
1389 6096 844
3680 8198 233
5661 9460 457
4446 1133 554
8536 2642 882
9197 3696 955
1335 8694 384
5761 9557 279
6415 8192 401
1499 9329 37
1680 2292 763
1774 161 293
3423 3917 170
4154 7290 653
2606 3780 300
9501 1157 841
6855 4198 964
4811 1780 288
6694 4751 690
8210 6107 874
6712 2153 9
4159 1261 424
9120 6372 542
2753 1778 462
2992 2187 899
1985 4039 93
125 4061 390
2450 1607 837
56 7493 695
4338 350 334
6006 1903 753
5813 9379 726
5707 9551 330
1284 6249 8
438 344 876
9000 1044 265
729 6912 795
9257 3989 766
681 484 196
1223 9279 70
8652 2453 320
1948 7566 873
1110 6849 653
4835 1478 388
2745 3808 869
5440 8142 218
1386 7477 385
9478 8101 45
459 7683 145
2601 1850 815
8327 5964 972
1398 8515 736
3997 2749 986
6904 1466 363
28 486 198
2233 2647 910
2342 5844 348
1147 7689 33
678 1025 730
72 6503 330
3240 9396 413
2020 9805 874
8902 8755 630
5575 952 715
5099 327 525
4137 584 460
5044 6059 915
7284 2594 332
7127 2374 547
7245 8848 982
2804 4952 792
3119 4275 687
1 9760 338
3165 4555 50
6183 8554 464
9865 1287 269
1543 5849 797
7709 7886 355
1173 4457 156
863 4198 201
6750 1332 175
276 4664 391
6345 9091 294
41 7758 886
2363 5124 944
9141 2985 214
6253 874 754
623 2801 366
9168 5280 604
3008 200 44
3046 3373 956
1756 2288 12
3288 4645 749
1114 2773 876
1106 7974 613
7542 9033 949
278 5329 828
312 5403 959
4112 8980 559
9388 4559 307
6491 4557 667
9921 8105 451
9360 3402 298
641 3241 82
3414 5834 638
1317 3602 767
2573 8360 311
6728 1806 239
3104 8592 483
7257 3907 950
1415 6041 924
1297 5566 758
2727 2563 918
3285 6133 322
4805 6541 776
1123 7459 331
5898 7127 217
1279 6403 643
3450 3447 282
283 361 579
8022 3111 931
1961 4669 416
8710 8474 700
644 8570 100
6896 7728 583
713 9309 822
9680 1872 805
6136 4479 755
6227 4179 640
3257 5560 47
5586 1548 758
9190 9875 653
9932 859 459
6879 4793 349
1701 6353 732
388 5417 576
579 188 493
1789 7594 400
7566 8354 111
1848 2801 891
3068 9693 230
8747 628 612
2328 8300 586
5826 1638 995
1358 1511 470
9683 4521 854
8306 785 507
2652 5403 296
1043 8479 382
9326 2735 33
8668 3334 436
9285 1222 904
7728 5745 449
7150 9310 76
2462 2064 635
8138 7421 490
5879 2237 179
2748 2669 215
6921 9210 198
4262 9760 366
1130 5831 985
9475 8265 678
6258 1803 42
8828 8406 51
9218 6090 843
7772 6215 341
5338 6310 157
3602 8891 17
1921 3356 176
9180 7308 660
690 7921 986
9905 345 728
6659 4216 888
1372 2906 741
9983 5451 460
6907 9622 793
1579 7640 318
2279 5980 877
4762 2664 846
3660 3534 917
2125 9074 863
2121 37 864
5883 7647 994
7573 130 755
311 2310 973
8630 1926 592
4102 2710 328
4964 2304 61
7173 1941 505
1977 2078 119
3749 732 136
3928 7892 309
2980 1955 815
8079 3078 906
7927 7848 66
1460 2479 164
8470 2464 211
627 8412 649
5481 2224 62
4466 9526 388
2135 4132 812
4539 5871 973
7555 2045 791
3835 3598 239
2526 4634 383
5459 2635 298
5686 1997 452
1636 5574 328
2135 3134 648
3097 9015 918
5395 5849 122
6971 9028 81
7520 682 859
4105 5102 800
4303 4409 387
2499 4067 380
4834 4030 784
8442 970 708
2277 1813 691
4572 6381 910
66 8014 144
8760 6566 854
3548 6397 852
4550 9669 945
7432 3553 778
8468 2981 965
5706 3387 831
9576 8583 337
4159 6839 571
3530 3390 219
7032 3960 53
3500 964 970
3581 2330 764
3665 1531 634
9848 8541 886
5902 4184 360
3364 8057 189
1401 7681 193
2131 6123 818
6214 6093 911
6665 6737 570
3376 18 912
1975 1309 397
898 453 124
4565 5246 884
7013 688 369
8991 9165 864
6055 1634 396
3562 2081 322
7841 2788 272
1717 836 300
4201 9738 348
4503 6274 225
6290 1136 460
1093 2614 393
2953 4729 1
2718 4343 218
3723 2240 262
8019 4957 768
79 7366 129
645 3478 706
169 199 321
9056 4438 557
1401 8459 410
3964 8792 87
3271 3192 115
4264 8057 136
1091 3422 10
8061 9007 88
7957 7412 668
1711 9693 701
5319 2788 918
1386 8218 125
8036 4963 669
9580 8380 777
311 536 367
7410 9350 528
3718 3830 819
245 5602 327
7641 3671 179
5798 6967 955
7300 7771 76
6620 2380 772
4883 9392 600
7243 4407 188
591 3985 609
9162 2239 231
7831 489 502
1967 4607 870
3371 4078 541
9370 1926 813
273 9172 853
4640 1284 481
1529 1087 485
2009 1953 651
9039 5044 421
1419 8149 460
9285 6575 457
6348 6843 140
944 4025 557
9554 1106 641
5648 9930 985
6514 6554 365
2736 1651 559
8481 2831 48
3983 7716 940
6602 9229 30
2803 7238 42
5330 4217 392
7155 7525 190
2519 7697 34
8529 5402 544
4046 4680 211
970 9736 784
2803 6340 922
3138 9286 177
2934 5815 249
518 355 389
3617 111 191
5290 445 840
3650 5648 935
1693 3000 490
9271 2030 407
9110 1273 733
745 1035 304
5266 9804 493
7115 2321 537
855 1526 82
5586 521 260
2386 2519 714
6652 1208 234
2495 1169 51
4202 6460 255
1665 2077 130
19 5307 194
4122 914 872
3334 5161 469
102 28 581
9211 1624 730
8063 9911 901
5482 5713 692
325 3511 778
7198 7569 361
2935 7059 835
5082 5005 82
7756 2081 468
9394 8213 375
2046 3062 968
4113 7464 935
3296 4221 216
8323 7518 680
4376 333 702
6671 4258 773
6649 9701 437
3314 7531 724
3174 636 976
5911 9218 359
8027 1608 923
1453 2271 534
2537 331 770
2073 5355 327
4167 2521 975
7344 3067 723
3798 4190 57
5181 3507 348
498 4965 182
5404 2695 925
844 4889 497
3905 2513 210
3428 468 624
9654 630 191
5730 4835 606
1844 2645 884
4595 563 671
5362 2091 35
6948 6649 462
8883 8748 951
7473 8864 73
528 3559 418
7407 8518 149
2899 2036 856
677 8295 530
8536 7733 530
7707 273 680
8671 6557 672
5414 8925 118
402 1832 679
9001 5623 239
2211 8657 909
7597 490 606
1800 3283 778
6110 6121 461
6297 2053 661
8203 7659 576
2831 2697 950
2239 2120 290
6324 8097 182
9464 136 172
8307 7447 412
3373 1199 907
3051 8749 561
8511 1027 741
722 2447 925
4771 3522 576
4583 157 503
4166 7889 981
2251 1815 672
1294 6565 967
2464 4974 203
4690 3725 253
6423 9073 147
7117 383 807
2068 1314 930
8315 4026 795
1975 4940 390
6378 8160 896
1560 8617 616
1613 1608 373
7216 5627 685
6919 9824 393
4068 5120 300
1823 1947 165
1860 3284 830
1004 2409 730
1337 2110 421
7287 6903 190
9139 2141 227
688 8151 748
6582 6253 566
8717 8944 230
225 274 402
6823 8014 405
6203 5991 200
6351 7745 12
8520 7802 714
2412 3339 137
684 6337 166
3302 8970 77
32 9276 240
6879 8671 958
8809 3772 542
3191 2654 233
605 5980 858
1792 3081 15
1212 26 318
3629 1597 964
4986 842 563
5052 2435 835
5989 8606 516
3621 2735 754
9284 748 128
1048 5456 295
3794 6247 650
9690 1906 250
569 3883 369
6829 3251 218
82 2510 465
658 1573 895
4530 4573 371
7507 2402 575
1723 3103 84
6777 8708 203
654 8337 452
9249 1276 128
1993 7381 735
1629 2854 389
2464 1328 848
1364 4120 601
2250 1145 265
1866 1557 349
570 3458 596
3709 6447 108
9639 1789 208
7671 5069 950
9915 3871 352
8608 7964 292
580 4772 796
5169 5465 315
1911 824 169
6875 2082 516
1339 180 445
727 713 149
7142 9093 431
3765 7198 712
6053 4318 856
1941 8871 764
2719 1440 891
9527 3247 164
8619 8493 575
9541 5339 181
8885 8769 165
383 7458 900
939 3951 400
9459 2717 731
3249 5244 548
579 1314 812
7790 7089 472
6545 8171 1
2513 2185 583
6434 8159 34
2041 1950 504
5323 1066 751
5426 5330 179
7506 8381 992
945 1160 64
7579 9970 978
8969 7939 932
7462 544 375
2771 6792 683
7088 6052 850
8487 6717 521
1326 4933 625
2964 5251 403
6970 766 391
7405 9851 218
1236 6660 933
6166 1790 662
457 4546 635
2797 1530 549
3524 3076 409
4540 9092 232
6072 2531 710
9860 802 897
2492 7295 835
5775 4277 489
948 5762 710
5828 3818 25
2613 7928 24
2465 3073 642
4210 7863 614
6405 668 445
2384 3609 641
6865 6294 131
9200 5490 953
4781 9540 85
7557 1808 179
1919 7815 672
1578 5939 231
5695 671 639
4808 8796 215
8274 1966 77
833 2520 127
4610 2338 209
8061 3828 378
6023 5059 622
7303 6007 950
3 585 618
5118 2376 157
3500 8525 123
2718 9372 351
525 641 614
9579 1196 88
4173 7129 76
9906 2597 484
2886 5112 360
3570 5585 403
126 5897 105
5492 9675 596
3133 6100 572
95 6997 629
6394 8783 404
6952 1218 869
3490 8833 396
533 3853 385
6955 826 474
4626 3252 957
4054 2720 762
1629 4610 141
6025 3169 750
2013 4986 100
1332 156 479
895 9321 213
4392 1886 920
684 8300 732
2640 718 788
1376 7686 592
3340 796 190
4197 203 171
5406 9988 494
860 4275 569
848 724 305
7963 8060 120
1477 14 710
5859 9373 706
8119 917 906
1611 9031 677
5013 6202 80
8841 2928 148
3009 803 78
2938 3952 101
2373 3345 996
9641 3251 162
5921 4226 847
9085 8181 119
8129 5409 203
5993 9205 439
4894 9603 404
2792 9816 481
2820 7948 243
6596 9673 413
8232 7965 715
443 1471 80
3202 2850 734
4228 6719 984
4621 1712 933
2059 25 736
1864 8570 87
207 8741 683
4780 5751 426
3805 1171 343
1863 2983 214
7700 285 569
6120 300 118
2105 8523 943
6462 7337 813
3478 2688 598
177 2561 524
9277 1523 411
8295 4177 556
7321 9619 528
1327 3931 553
5966 7898 426
4916 3258 225
8043 3656 152
1663 7666 219
1367 5511 50
7994 6420 835
3828 4135 126
1154 4087 338
491 1079 807
7582 7523 984
3969 1502 132
6708 8437 911
413 2104 845
863 2504 420
8798 4214 129
6505 9548 380
7668 1366 2
2964 1822 364
6434 6999 130
8942 3162 44
8727 149 856
2006 6696 115
3136 9726 236
1278 1035 19
5583 2944 378
448 9513 556
2651 9533 165
5651 7955 816
6365 2112 373
869 9204 321
9050 4579 980
1568 3785 682
90 4016 865
6290 5526 307
1197 1261 799
203 8391 999
1006 624 528
6837 721 298
3966 45 588
256 3151 236
2883 2744 470
9005 187 23
5436 5144 729
3891 1840 378
1915 8719 170
5492 1238 55
7924 7494 160
1013 8138 605
3055 9195 956
1850 3921 226
8273 8549 246
3162 8367 986
3546 7963 280
5171 4479 340
5686 6078 403
7242 1355 240
9974 2243 474
8098 9895 155
8234 6075 175
6886 8484 671
6630 9655 731
1415 2588 113
2324 4728 163
876 1814 464
3651 9083 667
4486 3518 179
5175 7962 294
6862 3945 293
7195 3289 288
3418 1 266
6287 797 577
5679 308 906
9655 3715 798
2985 6668 754
4557 657 541
959 6454 315
4156 8267 775
8809 5701 361
416 3638 108
3160 4867 495
2133 1889 741
3059 3692 401
4117 23 710
6281 9420 589
2063 556 54
2309 9125 929
2128 2516 581
1746 2626 861
1381 8844 536
5470 3818 712
5259 7332 227
3889 9325 369
7501 9199 221
9156 7393 171
9231 8378 411
5980 6872 445
596 3073 640
1658 9817 592
689 5126 501
1231 1200 667
2805 8393 777
8112 1547 755
10000 1647 598
2183 6477 932
1632 4401 375
6810 4143 992
7836 6943 664
591 7119 83
2793 2821 252
7541 6445 97
6105 4959 918
4154 7293 251
8878 4863 293
9126 4710 970
2532 8596 499
3106 8171 348
1757 1761 561
453 2418 499
5797 1913 499
2112 2554 737
7045 1140 194
1082 299 685
6166 3326 218
3708 6677 886
2861 2608 523
9398 586 7
115 769 812
1495 9688 711
7698 5772 617
9652 1761 722
1396 5739 581
1638 4212 850
8230 3176 781
6304 5480 908
4263 4781 139
721 1681 441
4165 6712 41
1928 9004 601
8113 6219 329
8668 8628 506
5465 9572 601
34 4085 992
1382 2393 517
2020 2081 386
97 1197 572
1213 2536 132
8423 293 724
9949 7490 225
9325 7761 291
6107 45 865
8285 4069 869
4619 9018 38
1502 9026 801
383 3106 417
2499 162 179
2128 4995 893
8572 2402 493
5219 9199 566
9113 6836 135
1621 8399 431
4568 4628 452
1709 4827 562
1750 559 294
9611 4669 266
2003 2767 259
6690 7520 213
3101 4845 367
1828 8890 874
6511 5763 732
7786 4090 102
1172 8477 832
8108 7867 336
725 832 462
2406 9302 277
897 2108 50
5437 8840 418
8198 8243 330
7406 3641 976
2407 3379 26
4627 1275 106
6215 7092 139
7391 4991 579
2208 176 849
6828 7305 474
423 1134 502
213 6918 604
8747 7256 439
6436 5297 455
6947 5150 323
5780 329 831
1383 8445 364
3983 8548 549
876 6895 259
3532 2017 759
7457 6427 695
3719 1443 499
4646 1876 43
1278 3450 590
491 649 667
5624 8479 519
5221 3703 800
9689 4226 902
7437 4253 70
569 7213 485
4644 8497 883
1322 1144 384
2017 1664 340
2669 6281 483
5655 394 575
1026 9250 940
4202 7732 181
923 4445 576
7554 1715 409
2969 5839 697
8438 6658 282
9722 7345 606
4008 369 232
5411 1167 295
1268 4568 693
7120 4086 332
2281 3611 381
785 9440 522
343 1618 466
3020 7550 88
7430 3031 173
523 7243 314
555 727 977
1265 9967 597
1431 1410 909
5388 1886 464
6967 695 870
8421 7160 136
9680 1422 229
5405 7916 458
1973 5699 771
907 66 561
9743 7888 320
6758 5954 322
6974 5549 964
4333 3291 495
3305 9705 571
1249 4267 586
3706 1008 28
6893 176 75
4918 4869 813
2049 9542 548
1639 1330 758
1101 3705 2
827 2834 182
9443 1734 193
6599 2601 470
1709 8890 212
9782 2898 212
482 2059 96
3199 2076 90
3828 2999 850
2335 531 121
6704 1936 577
3262 8619 395
8290 6695 231
3006 3550 737
4883 9814 530
1323 2112 561
7812 125 869
4871 5775 187
9630 5646 184
4482 7206 494
3784 8083 331
9454 3908 870
7537 1212 993
7952 714 178
7236 6168 908
2055 5273 142
2483 5579 593
5453 8641 471
9330 5436 811
1868 5986 703
9918 4812 659
267 1706 86
2190 1129 773
2277 8905 570
2699 8179 587
7613 7941 594
3697 3797 479
2180 4938 694
1199 2083 976
2649 2466 635
1088 9894 713
9295 4556 57
1333 8441 558
5200 4110 806
6800 9108 74
305 1138 583
6172 1511 916
3373 27 235
348 8902 869
1379 5122 170
3988 7123 10
2078 9247 632
4298 2246 28
4728 3813 499
1957 1695 879
927 8272 453
2234 3079 491
8407 4928 601
8832 6522 994
5853 7678 552
8224 985 616
1180 6850 535
6873 4264 295
8266 9456 985
3795 3465 417
5361 2158 403
8036 7581 883
5660 2178 24
5319 8383 445
3112 7851 420
7039 5168 626
715 2366 646
4599 2338 102
2077 2841 188
2288 8318 80
5099 1754 362
3077 2943 654
715 4901 143
1743 2396 559
6727 8194 141
3862 2427 602
9852 9328 931
9798 8497 592
2047 5607 177
1817 6261 276
197 2748 352
2696 7779 892
1204 3495 13
5304 2368 324
8929 5240 818
255 9650 708
7025 174 836
610 303 785
6541 6062 13
2058 578 759
604 8717 928
1847 273 132
4373 8746 409
2470 7933 379
8430 1289 553
308 3248 45
8205 3805 87
955 6409 479
4911 8278 186
4817 4613 985
8354 3554 514
8218 5110 160
1862 3877 118
2137 494 499
2530 2384 753
4628 9642 594
3248 5595 975
9609 2580 610
1001 1456 12
7006 2369 96
8015 611 184
4443 390 163
2478 976 982
4675 5439 215
8501 6887 460
3077 1482 567
3022 1513 922
4714 6728 7
4657 1498 798
5021 6198 7
1928 8413 874
2393 2035 323
1577 7784 834
4623 4682 735
4745 9717 412
7177 9211 723
6553 721 268
1138 5552 984
2297 8393 565
8139 2662 934
3772 3635 1000
9014 8406 642
4789 1904 523
8090 8809 325
4569 8888 891
7730 9547 761
1566 4553 157
8403 4332 893
5823 2607 112
1197 4809 214
9443 7146 679
3554 3322 884
9316 1902 309
1786 387 168
4635 3881 811
4430 7948 768
171 4807 447
4537 815 620
1222 3321 530
1559 3207 284
149 3098 668
427 6966 434
2228 5511 100
878 1443 227
2666 1883 608
1061 5530 586
9206 3157 188
8564 7838 681
9767 4772 858
4552 5175 590
6676 6790 368
2631 6384 431
9626 1565 584
5119 7277 200
1951 3529 31
1642 8624 831
1404 8507 632
5114 8909 287
4553 9194 276
2724 376 136
8366 9302 449
4586 5810 277
1553 6935 522
6011 5157 668
4392 430 809
9422 5795 237
3411 9200 673
3505 9714 975
3518 1617 777
1020 5398 498
1360 3442 352
9838 2053 50
6773 6965 582
67 4695 146
8778 6853 12
1056 5513 984
7445 396 298
9680 3530 588
6084 8660 609
1664 2222 143
7983 1048 146
494 1325 119
1847 9292 414
1783 8399 611
289 2124 345
643 4962 261
7704 3880 574
2768 7443 215
727 2229 125
5512 1180 391
5736 4747 596
2254 8982 900
8580 2680 25
6393 3080 513
4844 8398 391
6176 5353 742
4626 2157 4
7197 9949 704
3071 9788 807
6755 2440 461
9639 299 232
1751 2135 227
4101 8924 822
5529 4378 705
5209 2869 973
1453 9729 615
4898 7054 107
7016 1022 841
7747 7940 7
4120 6802 727
6538 1785 267
3974 4452 116
5752 2167 717
7645 5930 291
4762 1315 729
722 9594 616
137 3992 908
3755 9837 39
8279 1602 248
3989 2905 667
2770 5632 220
4421 2751 7
7510 9234 855
3274 6960 568
9657 1133 401
49 2593 408
9659 615 924
4475 3375 292
7737 4657 813
8161 1675 138
8791 3621 92
5118 3430 657
3420 1838 44
8305 875 909
5708 2781 163
8767 6047 233
777 9424 873
5298 6205 776
5891 314 519
6158 4810 782
893 523 215
8678 8107 761
96 2364 546
9916 8600 193
5036 2359 291
4492 7479 217
7124 6164 280
657 922 865
4570 6616 648
2206 2150 295
2740 6849 405
5825 1867 269
709 4834 363
6072 2736 535
7016 1337 355
9840 9483 261
1349 1052 48
9642 3895 764
3639 1403 483
6562 7902 389
4391 515 221
2401 6356 499
7730 6564 50
7304 5589 659
775 306 198
4611 7800 729
5278 2303 854
2151 2140 739
669 255 145
6585 9281 495
741 1490 26
9194 4852 296
6297 1081 923
4465 4843 763
816 662 86
8074 7953 389
5202 864 651
7188 5482 474
1550 3959 443
3340 1702 739
4476 5301 622
1636 5094 333
7448 1276 189
188 2096 917
1288 2036 834
7897 4038 305
7849 9320 346
1016 6257 66
1664 222 959
1613 7776 923
5560 1777 987
9486 1295 458
2659 3931 811
3206 4864 675
6264 1296 376
5338 1885 140
335 5006 590
5251 4807 110
4738 3514 169
2442 4184 214
557 7834 718
6266 9607 794
4882 557 578
7380 884 838
3329 5014 43
3249 7356 349
3887 3982 856
6730 6712 304
4722 5772 181
8923 7709 262
2639 1010 929
1067 1319 592
7303 583 333
37 963 1000
2667 2507 233
8685 6113 162
2499 1678 514
7137 6121 572
2815 9333 946
3017 890 343
6867 587 270
7521 5830 309
4261 2561 148
7223 666 506
9717 8576 768
903 1863 249
7218 1153 638
7323 885 203
59 7708 867
7163 2896 94
1617 8404 403
3328 155 3
6913 2409 655
4030 7157 162
8495 4307 233
5283 9315 136
5148 6345 6
3615 2324 983
4568 1133 6
1090 9364 658
2244 7410 866
1627 182 549
1440 7679 932
9446 7525 815
5987 4390 270
522 2230 226
420 6903 959
9854 118 908
8670 9815 347
4230 3937 751
6706 9882 453
1533 1518 652
9780 3787 868
1278 2591 356
1415 2244 166
6213 4038 965
149 9739 339
9020 273 502
2632 7359 812
6373 3990 224
1701 3266 822
2403 3244 495
6275 471 108
8193 7247 568
4690 307 317
6604 7397 478
2679 2957 758
8016 1081 655
1474 1563 389
338 9373 136
945 4121 553
523 8542 524
6592 7721 218
5964 1023 159
3753 2213 979
7396 8135 1000
24 1114 137
1322 8776 249
3868 631 353
6389 7830 179
1538 3049 876
1122 3462 723
2459 1822 802
1098 7412 594
1484 3926 857
7453 2773 110
4293 4656 33
7056 9724 851
4251 485 605
2589 2342 338
993 7955 514
4446 5431 779
4196 73 302
2610 8897 674
9135 4714 396
1812 4633 495
5174 8402 663
3916 9581 88
6048 9074 489
6772 2717 825
7514 6852 520
2242 9998 362
3938 9228 234
9629 1629 629
5694 6426 884
8564 5534 611
3521 749 6
4383 1029 12
7167 3771 85
8557 9583 550
9002 4755 349
683 1113 352
245 8522 709
1261 1697 760
3298 2202 801
4025 2372 968
4083 6499 23
197 191 629
232 8528 765
4511 8643 301
3120 9956 782
5379 7502 125
5542 8868 768
1280 2273 253
1344 6841 300
79 3081 71
6222 4870 867
1427 7940 488
9830 1340 718
7399 8455 726
5362 7578 241
516 824 353
6734 9788 942
8808 3103 755
2836 1470 575
8864 9690 286
7654 6557 345
3101 8349 123
4976 4541 894
5949 5224 450
6190 6144 714
5164 6581 761
1879 2916 981
4823 1048 226
8577 1155 592
1294 2200 830
590 6581 202
8706 8567 846
7938 3931 363
8782 3300 279
2167 9625 634
5804 4772 802
6330 5072 845
5429 50 695
7662 1147 6
2689 9947 462
2433 5818 23
9461 890 902
1927 3409 377
8436 9238 601
299 2618 410
4452 5322 826
7670 8510 168
4299 5905 908
1925 411 647
1867 4999 956
6991 4597 362
6684 5773 926
2449 1689 913
9214 5123 837
7727 1664 857
2647 7032 882
6894 5106 377
7502 3568 985
4155 9185 999
2291 9003 881
4956 252 795
4909 1252 364
5992 6711 861
4076 3765 805
9967 5574 632
7601 3502 509
5867 2453 472
5085 230 267
9794 6067 675
6748 7000 736
6258 959 532
5034 8414 260
5007 2339 664
521 7598 230
2403 4310 878
6704 9815 780
4555 3508 658
2283 9742 282
5396 7028 597
944 2993 668
1367 152 76
8371 6640 452
5818 1099 170
168 9373 869
229 1480 963
5280 7000 58
1670 843 288
6644 8364 917
104 2761 338
1515 4522 176
3085 4674 181
1797 8953 822
7984 4589 726
4530 1693 420
6535 3929 42
2385 5797 852
2580 3244 260
6164 6836 310
2699 251 831
7898 4658 654
5136 9251 447
2078 6393 935
3914 9592 59
2450 8770 473
3170 9742 863
917 3116 129
473 7514 275
1487 176 89
3520 1361 286
5765 5067 614
1251 6183 264
6586 9951 312
7132 2909 653
392 849 973
9870 7735 598
6094 1971 787
5787 6128 239
1178 8916 786
7612 8696 755
2350 3965 362
7667 5373 612
8268 2522 60
5990 3696 630
7911 2395 440
899 1789 322
5782 1852 748
4004 7457 185
6423 8096 35
1975 2917 359
1874 8446 452
4096 4995 823
2253 5839 349
317 5946 170
5669 2830 605
5197 686 473
7923 4942 892
6514 2753 243
7889 9227 517
3490 7239 30
504 41 406
2753 1307 416
6808 2904 40
6091 8604 777
3442 3012 489
4012 9504 249
5123 6162 861
4226 7234 736
3700 8726 473
8556 842 550
2756 2367 948
8346 1422 931
251 4179 761
2454 1669 128
3943 3592 214
5789 7602 170
431 7273 175
8815 7253 654
1328 9383 565
2167 1641 370
9527 6925 907
2610 1960 330
8944 3652 781
7090 5702 585
317 6310 552
6239 6318 219
505 3629 754
1123 5770 535
2211 8155 349
1191 261 572
1027 7893 323
4405 6436 864
101 8345 805
5221 4552 533
6063 8656 238
8294 4813 153
4272 8472 349
1664 2154 953
4875 219 470
5103 8291 767
3619 6783 70
5374 7982 304
134 8801 402
3111 7573 894
9684 9413 699
5595 9002 102
2615 5628 990
2699 8176 416
8854 3514 124
7019 7998 627
2568 4664 711
8471 7641 549
1113 8613 987
8268 5743 949
5016 718 458
1544 9051 275
3953 7823 117
5680 1079 267
1072 5440 622
9157 8723 646
2155 768 645
6073 1921 676
6117 8481 323
1771 1257 290
1852 7705 173
5766 81 960
2911 440 282
9913 7681 582
9612 8226 550
6926 8306 300
1545 2533 998
1548 9410 827
6178 9733 378
7723 6612 972
2169 8994 162
3132 6358 134
9457 5675 727
2009 7189 125
7937 3933 516
839 1474 242
1299 1958 269
5439 510 441
4103 4630 258
9580 40 850
1141 5087 763
2685 1024 511
4545 8709 419
155 1530 542
4722 8577 254
8823 1487 122
596 7630 536
5979 5777 612
2371 2438 315
2129 4943 752
222 2231 68
6972 431 306
1494 5488 287
6635 2958 311
5474 8473 938
9455 7968 361
6078 7003 716
8735 4034 43
451 8326 653
7138 9528 844
5867 7617 782
1722 7412 395
9220 1978 477
545 9336 313
2762 1806 365
408 5740 541
1455 8453 303
1626 593 847
8352 8198 181
1411 2893 199
7572 1704 669
8607 8542 274
2882 6644 764
6157 5956 992
5411 7935 448
8450 60 363
2808 3221 523
3259 9341 887
8268 8894 826
252 3821 651
787 8420 400
3045 2837 523
6599 5023 424
1455 349 242
1691 2743 274
7484 1559 338
3375 8459 134
174 8787 963
829 9594 973
8748 640 686
6500 4695 725
9353 1851 306
6868 5227 784
6434 8837 476
2080 5041 987
5005 419 433
7799 9478 638
7759 2791 679
4296 6539 569
9307 3524 616
7523 1506 313
1375 1029 998
583 7640 873
3416 9667 995
153 876 484
7235 9458 122
2311 5045 336
326 4136 433
859 8386 138
8454 5288 267
321 3418 978
7089 2094 386
1410 9571 442
3534 2205 387
2551 5681 565
2269 1675 912
4803 9734 150
2609 9267 858
2206 4358 264
6238 8369 498
9874 1928 956
2411 3589 876
6945 608 581
5736 8325 189
3062 8266 11
29 8192 952
4115 4800 491
9849 4176 437
6079 3194 609
6520 1712 779
3781 184 680
963 8068 563
485 5905 707
251 4108 373
5016 4141 190
2782 592 830
83 974 926
1033 6308 771
7828 4096 725
6974 918 775
3986 7153 669
6815 2217 29
8954 6409 641
8050 9420 544
8793 9579 187
4869 2109 960
1574 2133 212
2061 3810 158
7349 5940 283
3714 1083 519
4600 9459 879
6568 66 719
1461 4460 262
1734 2505 13
6932 5210 596
3896 9630 725
9721 9959 972
5314 5021 159
9127 589 255
4860 4758 140
2428 8595 6
5706 2797 832
8508 6018 245
4810 760 121
4142 9100 290
9295 4636 621
5952 2239 636
7466 844 468
7573 194 55
8150 976 331
6898 9318 261
7955 1839 903
3159 4586 267
7086 7400 78
5103 6867 159
3910 8047 799
5265 2195 419
1040 4077 75
8444 5252 397
3544 425 843
2778 2825 162
7143 4248 800
6388 7000 458
6532 2351 555
9918 8783 764
5907 6708 946
9492 5051 459
2576 5181 475
1813 1673 765
8041 7716 32
2420 2769 469
1807 1437 304
4980 312 365
8126 4968 511
504 3618 184
823 6872 818
1254 5242 647
4403 5659 638
9975 1222 155
212 7839 308
6378 2930 113
211 400 643
5114 6817 209
125 7066 584
4576 6660 741
955 349 613
8441 2048 572
7429 7040 694
9232 6771 888
8137 5495 780
4130 2244 464
5030 8392 854
7003 2766 626
3881 384 550
4907 9550 642
713 3279 805
2885 1017 535
1756 5214 739
1705 1325 938
2281 1434 485
4002 9529 141
5834 5213 35
3569 8261 486
1673 8605 792
9647 9650 191
2074 5143 472
1374 1664 264
115 412 670
2580 3236 408
4415 3537 687
5171 1402 154
4675 8578 85
793 867 307
2630 138 994
7651 7335 305
8707 1039 914
8598 4103 250
7518 3887 435
142 3000 79
5048 6119 949
9646 8260 852
2199 1746 570
9183 3262 300
430 8855 873
4557 123 172
5086 587 912
8995 5166 303
4608 7098 676
1313 3953 687
3287 1198 671
9612 4326 113
7418 2509 60
5111 6094 669
8189 2527 538
8118 9471 354
1891 5775 876
8423 5209 187
9639 1635 817
3384 3477 263
6629 4125 254
4738 5666 863
2811 5176 96
1134 4115 899
9263 716 945
5657 1296 349
1848 3750 121
4805 4562 668
1758 1399 708
5280 6860 74
4975 9687 407
2889 9027 41
5191 7354 388
1541 8910 766
5825 6837 389
2043 3099 339
8184 8927 67
5211 4007 878
3791 7571 631
3462 1231 705
6768 2105 786
3932 9375 530
3838 4765 471
3300 64 303
2460 5103 833
893 5921 572
314 6915 202
7579 2601 816
6340 346 468
6611 8420 633
8397 9683 101
8381 2551 267
7142 2258 632
2342 7099 420
2176 791 26
3423 1721 652
6065 1493 207
6355 1567 688
2561 654 744
4761 1288 428
7397 7289 344
8840 8555 613
1702 4430 994
5327 7689 50
2729 5171 11
4955 2104 895
9873 7241 703
7967 3953 91
637 7223 932
124 8907 714
436 1822 50
4619 5080 271
8354 1715 622
5548 205 418
5000 2947 83
745 9186 213
1943 3575 922
9564 4473 426
3753 7249 62
3272 7642 242
885 6535 656
7290 9083 242
8021 4225 626
3333 2560 445
8493 7795 894
1401 5783 837
804 3909 469
6334 4836 838
1921 3269 63
1583 4632 43
490 2728 798
2518 7715 23
4881 9357 453
421 2027 388
715 874 28
378 5874 90
8983 1881 994
1545 1291 702
1758 6358 118
5634 9898 845
7429 3864 684
2919 9598 1000
2870 4373 346
283 3379 427
813 2768 848
1514 4960 134
6621 5240 666
5043 1444 556
1538 9325 705
7964 4735 695
2994 177 676
4182 7305 462
606 1981 168
9621 1527 229
5365 4355 377
3097 742 741
5891 7993 918
7618 1952 764
3329 8603 16
8436 636 273
4582 6293 648
8885 1812 567
5145 1550 668
9268 1450 974
7993 6987 460
3630 2101 270
2438 2323 636
4161 5958 73
7256 4916 849
5208 2751 155
1616 1747 226
6076 2412 736
3799 7705 563
1381 4537 406
811 2336 991
7005 8279 219
2042 6152 1000
3261 2227 271
5109 9764 596
4411 6765 121
1445 2490 884
5397 3371 428
1629 5659 740
1869 3632 773
1494 1140 604
540 3984 315
2150 1634 785
2112 51 179
7376 539 842
859 5051 665
7325 9489 92
4264 4553 4
3785 3164 668
8045 1723 218
4296 86 953
3020 7509 577
1654 1068 507
3468 48 20
1935 8163 547
7068 1342 606
69 1293 800
8685 2827 727
8911 3434 836
2678 385 142
7820 3570 137
7454 8628 262
4157 6135 360
73 5724 856
8081 6180 790
4463 7884 84
2360 7102 162
2184 5255 711
3002 1941 117
862 724 560
8963 9734 783
2787 4150 95
9830 1892 509
3063 1981 186
49 6246 35
5474 5309 558
8283 161 361
7914 8211 194
5010 30 720
9859 276 473
1249 4371 306
4926 8580 158
6733 3769 702
6901 12 440
5311 8455 603
4631 3589 980
8911 16 552
996 3680 227
3622 1451 408
5267 8999 88
5827 2833 739
6711 112 821
3163 555 927
5546 5990 248
4675 1202 357
744 5449 546
8025 6747 570
3174 4483 405
4062 4768 708
1283 3353 741
4838 2518 155
1984 7427 147
634 684 165
5970 179 44
7269 8934 761
3517 3879 572
4525 6375 990
631 1518 991
5084 324 890
8041 9309 825
470 8700 221
2763 2515 582
9607 9985 82
8706 9432 51
7810 2190 947
9159 8791 482
9549 276 940
8742 2428 152
6012 3892 812
3808 3958 630
8866 9879 943
1552 6044 184
1108 1057 641
9031 9760 7
797 6493 547
4225 5496 394
7076 4584 24
81 9912 888
1883 9638 332
2459 9105 266
6927 7200 185
8051 3211 402
1188 8869 470
4387 2255 598
9692 8403 541
6417 1295 932
5756 4849 953
8776 6406 632
7601 6060 731
4616 2781 438
4317 3226 407
1886 7140 150
739 7281 283
954 5312 628
3475 7966 461
1871 4158 527
2829 4639 399
8698 14 168
5016 860 271
4355 2716 120
2224 805 318
2104 5878 976
433 4487 15
1918 4338 231
1754 3378 227
1151 4907 546
2826 5183 334
1754 6929 622
2410 5570 158
2348 896 876
6110 3452 708
5926 1662 668
8691 2999 602
2880 6085 663
4649 6075 326
2319 3201 208
2127 564 471
2329 866 230
914 4573 782
718 3585 799
4023 4575 321
5117 8914 99
5347 7038 911
2561 8014 647
1952 3638 425
7752 2657 371
2220 8626 777
1917 5471 28
9192 4562 522
8471 5561 274
727 8806 906
6948 9821 890
6705 5084 127
3989 6938 585
2173 5541 942
6819 9856 644
1326 300 403
6933 5768 830
1417 7465 649
3326 9290 204
7436 5064 2
7777 2906 500
1915 5749 506
3263 433 650
8115 5996 342
2354 640 876
2352 720 779
9724 3008 857
3037 919 813
1712 3284 107
2048 3699 886
8376 7808 776
5094 8118 737
7708 3301 22
3145 6965 890
7340 1923 150
421 6179 1000
1371 5104 962
586 166 543
726 4450 425
7018 5104 461
4853 3648 888
7459 4219 110
8930 5561 752
6025 1600 663
1838 8424 936
4379 2889 382
7256 8639 575
3334 3719 57
2596 5503 29
8802 7380 178
5526 3562 298
5250 1746 786
3641 2540 145
1417 2601 174
238 3763 453
9445 8649 542
2642 5714 97
9791 890 373
7474 869 82
4924 8227 252
3009 1197 659
445 7402 243
254 1532 699
374 4282 475
2015 5038 31
5509 4185 160
7654 2540 610
4330 1088 191
9837 4228 19
6374 5905 607
2417 2240 327
2987 3569 576
6572 5435 642
2659 401 476
2405 965 418
1391 4075 877
8459 7114 207
2102 2569 933
308 9559 448
3387 2458 221
9473 840 389
5582 471 795
167 7178 882
4660 2072 878
411 6351 123
1489 9041 33
4858 5595 123
9026 340 554
6727 2020 766
5294 6179 444
8904 9656 770
470 98 847
4465 1045 374
2147 5978 539
935 2813 977
446 3123 942
1085 5093 797
303 5841 257
166 1057 100
4807 3397 782
1605 2628 84
2760 8747 298
4421 49 149
2035 6957 674
1941 1187 712
1072 466 83
3637 1820 718
8650 1235 393
3701 3575 36
4067 9135 837
833 9855 656
2582 9502 445
9558 9755 704
2421 3786 2
460 6785 123
810 4113 479
8367 219 441
5451 6916 345
3980 2706 606
387 8454 945
6554 2142 98
2791 9378 120
5975 1456 161
8690 1914 180
1994 7525 740
4103 7612 800
8317 2538 521
2456 1624 530
319 1842 233
3760 6118 277
7397 9577 811
2084 8681 623
4940 8394 862
7671 9485 46
251 7452 739
122 1963 316
5463 6878 585
273 5189 570
5817 2051 606
1060 7889 597
3379 2167 456
8221 8867 205
4229 4063 862
3037 5835 964
4426 1024 76
1119 3110 721
2076 8248 6
1788 951 853
2686 2745 501
5838 426 712
7772 1935 422
1918 3463 963
881 7145 855
6271 319 249
3111 5877 384
4312 7908 739
1315 6355 868
2483 7303 761
838 7196 979
3499 8163 849
7467 5533 867
2176 2398 573
2635 4957 55
3801 293 160
1305 8941 985
8252 4030 925
3963 6858 449
7000 3909 510
2923 7590 598
671 2387 835
4603 7573 81
9284 9389 238
4813 2737 659
1722 9323 324
4745 5088 466
7898 8297 760
8005 6367 154
2466 194 735
2078 1111 633
7554 1744 863
1119 9087 701
1634 7196 212
1410 5723 289
4733 3839 74
822 1659 107
5329 2035 775
1664 673 918
3936 4552 541
4116 9816 567
2671 6243 262
3019 570 967
2768 6346 185
8171 2126 3
7446 6339 519
5024 7732 496
5006 7665 441
900 7173 549
8095 6182 181
157 738 136
5141 3345 407
3527 273 559
1042 1379 29
7041 6280 872
5858 1631 671
4059 8927 68
5410 8721 124
4405 5898 301
1331 6192 961
4880 7681 665
3929 1062 780
7227 6901 998
8244 3429 974
4619 2662 530
8272 1665 495
1686 4878 433
966 2214 491
8145 494 239
2386 1829 362
7145 2809 131
1570 9933 738
8054 141 805
9266 2440 551
7156 7581 374
9405 1174 346
423 1150 256
1530 5565 516
6171 7655 919
923 773 579
966 9786 273
7 3790 936
9512 9933 391
9113 7752 983
8837 361 660
7457 1917 95
7108 2516 218
726 6590 541
5910 5400 269
414 396 940
5777 5060 542
1298 5751 217
9218 5964 115
3034 475 151
3979 9131 445
5866 1790 481
8408 3447 244
5936 8929 152
399 7503 813
3779 2611 113
6968 8632 946
2701 8510 699
4764 4008 975
326 7149 777
7824 1657 550
6085 6255 284
8856 7677 823
4651 111 285
102 7843 788
7526 1971 525
1845 6462 227
344 5673 750
1941 1732 878
3244 3661 485
7718 2578 311
3436 6002 591
2765 9620 333
4357 6330 235
1244 9843 319
6776 6788 867
9429 7844 236
470 2805 980
277 6743 261
1246 136 621
3076 2393 318
4605 4695 170
2950 2224 437
2605 7618 209
8144 6904 491
8489 901 414
2663 7302 894
2891 1519 281
3765 7395 470
4360 1316 264
9423 2436 59
1796 8142 707
4090 6947 858
624 4239 525
7041 4209 906
5234 2012 705
2672 6550 301
288 653 456
3047 9568 212
542 6196 33
236 8987 941
1815 3883 995
2077 7946 726
4726 9430 567
9877 4460 857
6245 1841 976
7280 5498 655
464 8055 495
9649 204 178
2369 3987 628
1560 9642 107
1183 6665 952
3628 17 403
4603 3189 180
4451 5357 558
6979 7787 421
2058 9523 310
1780 2916 923
9668 812 875
742 5122 558
2895 6582 825
1051 9297 331
7419 9941 806
3908 9865 175
3485 1317 16
7898 4225 442
1173 5057 256
6138 5431 759
1485 4560 348
8576 6515 550
6631 1605 19
659 9488 268
4832 1319 268
7872 5969 44
2134 2604 671
2320 3534 462
1559 4232 57
458 1018 798
5514 1475 899
1190 1232 338
7569 2982 463
1048 2638 140
4899 6358 390
9373 7890 735
7636 9290 42
9052 2458 781
188 1385 512
8757 9711 374
6047 8815 743
5337 2662 958
383 4633 692
9100 3764 254
1071 9561 644
6527 4701 658
4744 356 833
4766 8118 894
9680 2166 242
3835 7468 915
1261 9238 936
8908 8614 47
7782 5495 257
8447 2126 304
1917 1959 375
1713 3235 201
5147 6753 827
1086 3782 383
9049 8722 751
2112 3504 813
2618 2928 69
5467 1325 741
400 3446 538
5762 1543 675
1229 2171 387
3426 9806 716
574 9554 465
2335 4989 949
5284 846 987
6807 4976 365
4327 7917 356
8508 6887 460
5814 3316 220
671 7411 671
7087 9269 18
2453 1949 593
2892 2644 567
2908 1278 31
4317 3961 34
1578 6477 175
9547 2381 910
812 7576 160
8929 296 51
3342 1202 688
2385 1461 668
1556 4324 237
7923 8155 432
7662 1206 870
9332 4335 284
7578 6306 868
1757 1297 240
2720 8693 299
4679 3643 805
1505 2803 870
3323 9067 948
2861 9219 618
4637 7555 941
8408 8892 661
481 9191 185
3151 8833 248
802 4420 998
2325 4718 581
733 705 33
2511 586 134
263 8121 334
5742 2324 390
8142 6982 796
1849 9412 784
5310 9550 546
2377 7054 793
1524 5787 499
33 1829 163
4230 3108 93
1493 3277 569
5273 142 671
7498 5299 179
1241 5361 996
2392 6992 892
7823 2476 159
1572 7712 379
7043 9674 693
7147 4877 763
9740 8163 449
9318 917 889
7253 2419 257
2707 5923 503
2595 2441 626
8573 5038 577
3306 9943 743
8578 3951 917
5988 6365 840
3157 9989 272
1848 9923 450
125 1628 867
1894 8556 839
1685 8162 220
7035 1048 909
7727 448 619
6914 1175 938
3824 1747 483
7630 5873 845
2719 3252 7
371 1779 900
9385 1607 834
3610 4818 791
1149 2884 710
237 9057 374
5990 9937 767
5411 1346 506
3811 1671 839
1723 6415 947
6682 7611 737
2209 1099 575
1578 5952 508
5788 2752 426
876 616 462
7740 2703 728
506 5429 753
8992 9656 419
9163 3086 325
8715 5629 407
5735 5855 141
2846 5003 525
4711 3186 414
8429 4677 960
3096 7155 920
5529 2886 959
6056 1974 840
809 6472 392
5786 7184 198
5620 2542 92
7010 2544 561
9810 1844 271
9013 2601 67
4563 2632 27
1835 2092 763
3534 703 163
5341 900 256
9844 9081 471
8924 5540 685
1081 9906 6
428 9715 669
9421 7919 4
871 9069 479
4725 728 378
4638 3874 415
6006 4095 419
4617 6229 883
356 1511 532
9166 2034 756
9145 4945 64
7232 6300 241
6616 239 942
896 6133 326
9049 9098 304
8430 2848 210
2906 7873 760
4190 7018 229
752 2632 159
1359 5997 479
6697 7025 697
2758 7515 911
7020 147 179
7223 4020 875
1397 7872 481
7476 9332 84
268 7187 258
1456 1801 823
6891 7747 834
3309 341 285
9591 8925 779
195 7763 844
5090 8936 80
3532 5675 998
4877 4146 427
6661 3567 510
455 1707 710
1008 5340 205
9810 5753 485
6020 2054 464
2742 9876 595
8550 721 137
455 5596 647
1091 9856 763
8730 7651 52
1524 1432 638
1435 5473 442
1490 327 179
2758 6111 322
9190 138 536
1905 8714 98
2433 1984 924
6851 6363 430
7932 2617 415
1650 5888 86
9607 3622 961
7052 9003 371
7155 3645 498
5046 4571 161
5263 873 789
7000 3958 821
6276 5952 55
2126 9061 81
7491 3655 373
5559 3740 392
1706 5608 466
1749 5936 431
6747 3129 30
2304 970 875
120 2164 236
4392 2422 880
1591 385 964
9353 9628 622
6891 5211 614
6178 7040 146
8155 7777 163
8280 7235 600
9835 7984 887
4621 6553 778
6555 8366 826
3353 3399 502
6713 6937 378
6421 7428 781
1528 9463 93
2160 9167 824
5347 4946 540
6126 4490 437
7563 192 569
9329 4926 685
1627 2781 237
3384 7593 118
6607 7219 198
1453 1136 602
9146 6524 692
2337 8330 433
3987 2728 616
9567 7030 918
831 7073 969
5084 1651 584
5697 5859 374
9143 6479 104
5085 8517 45
5791 1629 594
4393 2143 896
5302 5544 92
4180 7958 93
4802 3926 352
8786 4633 314
7226 7686 148
8959 9910 519
2070 361 585
82 7711 102
2411 5617 627
6510 2113 780
5268 8124 874
1067 6809 970
6711 1139 343
5492 383 991
375 748 129
5513 2264 670
363 2737 711
1140 4410 21
5004 2741 867
1786 9294 489
2114 6570 585
6040 5969 966
8424 3940 860
6653 350 364
8242 622 177
3459 3598 963
7929 560 342
5487 2101 943
5812 8913 791
1000 9220 41
5057 3734 893
2978 7943 451
819 7040 103
7082 7388 572
8975 5653 482
9679 5534 152
1801 419 414
4006 3681 160
9488 7754 869
6781 7728 640
5 1589 874
93 794 325
5270 8301 624
9810 176 836
4400 1776 843
5303 9927 649
2102 587 25
1674 5303 446
5714 4173 280
469 479 58
5480 6790 568
1735 8867 631
4048 4106 804
294 8856 588
4666 7626 889
712 5424 394
3368 4812 466
3901 215 392
1957 3921 282
2733 9350 968
4192 8280 790
9408 5915 270
9316 6394 776
9690 8099 38
2954 941 757
4020 6196 541
5505 2534 103
473 8905 748
8667 6180 583
9304 9193 305
4193 4116 680
694 4714 824
6862 9243 731
112 7914 620
5714 7437 632
4997 4562 643
9556 6062 643
931 4162 496
7859 4466 493
9751 8933 298
7759 1144 306
7223 4433 116
2853 1892 195
2030 1018 727
3822 313 58
9995 6568 605
8656 9493 784
5180 2712 929
9082 696 697
7605 6229 992
8536 9438 795
4227 1807 514
2129 5612 118
3838 3665 958
9009 1169 212
5129 7081 280
4947 8709 240
7323 8583 511
3663 6864 367
8218 6482 935
1531 1200 999
5630 7623 625
1282 1502 266
3043 197 717
3295 6683 230
2045 1611 763
49 6996 920
7436 9976 334
778 2774 456
513 1561 462
9206 1207 870
6 5242 305
3993 1899 707
7377 8458 756
7626 4953 614
118 4139 946
9508 3856 2
1376 3913 779
226 2476 545
2865 6668 642
1871 7851 790
85 4143 523
5962 6799 466
5865 5288 245
6210 4660 718
8729 1582 199
2351 6914 671
3687 9058 18
1316 3682 510
1079 1948 786
4114 2924 851
1833 545 216
2830 9967 933
207 3570 666
3627 9264 377
9918 4329 903
4735 3885 947
1436 4292 177
8651 9356 563
3648 2506 526
5403 7246 226
328 2947 113
6551 2466 531
961 7710 299
9800 399 19
6972 705 488
8929 2090 40
9161 4398 520
5147 6117 757
2652 2516 205
3592 2344 445
9296 8677 188
1648 4955 208
6914 7966 770
9458 6602 694
6487 8921 656
4520 1274 464
6042 4970 35
3640 2550 900
780 5126 4
5543 2138 607
3279 7963 925
2754 5906 945
2110 9453 88
974 6297 819
7781 3986 611
8484 6819 39
7358 9725 344
4502 3770 769
2198 1566 238
4360 8874 54
2023 3248 594
2269 2000 521
9712 7032 891
5309 5500 284
9391 5048 794
5685 2475 788
7647 830 153
5584 5874 346
1422 6810 48
6282 2274 603
4024 1887 691
7978 7697 955
6559 9819 672
2371 8097 33
7574 440 3
1177 9738 767
4038 6842 75
1117 4021 154
8649 5950 841
482 900 72
7312 541 45
5156 4999 117
1980 9805 514
4103 2985 932
5553 3808 487
1410 9494 551
1237 943 588
2581 1951 707
7962 3162 749
8268 5592 666
5539 544 650
4176 1897 707
5594 449 51
6186 7186 605
3379 4881 411
6978 4861 978
8632 1825 284
1735 8598 637
3875 2762 616
6113 8087 986
6573 4169 195
9961 8525 51
9371 6661 381
5919 2734 819
535 5334 182
1426 8006 583
537 1351 824
2968 2469 557
9404 2034 895
9864 5262 53
4173 4530 168
5495 9317 173
3516 255 325
5569 5056 934
5301 3849 928
7913 3322 977
538 8592 340
19 9886 954
2681 4402 61
1493 5275 878
5356 1112 816
6826 1553 844
1034 8146 141
6491 1214 25
4802 6295 240
3465 7374 206
791 5445 160
9132 6236 196
275 3377 945
8694 9418 965
2960 6396 227
3194 9729 539
8927 9809 992
1969 9328 703
7326 6587 363
3265 7255 286
7056 157 717
3013 8352 27
3715 5379 87
837 8580 129
5346 2490 412
9521 8379 49
1151 3068 746
2909 753 618
2342 8915 782
7320 2508 500
9731 743 31
2559 6988 66
7313 3798 711
2487 1593 12
1737 1138 974
4109 240 783
1419 1439 689
3319 1259 896
1091 3420 927
7696 3300 792
7493 120 570
4691 1995 675
3396 7260 572
4356 2610 490
4170 8128 706
6891 7454 253
7805 7596 668
1971 8249 698
2970 378 768
6825 2930 925
4665 3771 365
9174 5589 803
6819 3385 29
1986 6377 309
4011 2546 906
488 8302 826
9265 7819 913
1425 7781 494
5638 1814 174
1964 991 631
6071 2563 29
6064 4965 333
1821 2639 247
8882 1576 606
6303 2730 729
2168 1456 637
8941 5816 71
7093 358 390
4591 7 424
1547 656 654
8184 759 784
2808 6609 217
3389 9037 281
879 3201 597
3555 6750 414
1313 2566 916
6724 2502 407
7309 2634 61
8610 6499 337
6214 311 281
2295 1374 218
7785 8602 478
8451 8204 987
583 3200 91
470 6579 320
2787 7799 453
9465 6078 415
1787 5547 648
5967 2634 359
7343 6132 436
1835 599 924
7982 4183 101
2472 4165 205
2578 7442 730
3724 4890 25
4650 2821 821
5338 2003 890
9454 1177 204
4044 3755 577
421 7508 636
3264 8535 364
4895 4166 797
3150 7754 976
6539 1581 91
2384 5166 748
2853 6935 948
2844 5460 166
9213 7521 35
9833 7082 407
7748 2293 421
3945 4744 428
2154 4562 223
3438 7764 103
2378 6642 282
6661 2230 774
507 5615 836
5219 9920 3
512 7444 258
950 2399 544
1524 1749 252
438 4866 237
6084 2657 546
4229 2680 412
6825 1779 491
7567 4690 587
2757 4059 530
7655 9887 531
4559 6748 360
4123 8779 753
9008 2413 715
6014 9859 586
7381 6402 495
694 1209 997
1866 2551 783
4128 7966 327
3297 2337 630
9016 2242 107
1870 167 400
358 7285 644
574 4491 142
9185 6613 978
9432 5641 517
7975 7171 156
8486 563 812
4808 1667 783
1331 5601 489
6486 6082 604
2508 6731 768
9296 8827 945
2607 4775 605
2170 507 476
1725 9250 573
3997 8522 636
2422 2066 729
5453 8128 694
4903 3592 929
6710 8193 442
2081 4648 423
4199 3222 30
233 4756 918
9771 6296 711
3158 613 400
3036 1384 835
1804 4585 146
89 1907 564
6084 3978 378
388 1993 149
1650 2213 331
2459 9011 400
689 8120 321
569 1242 376
1230 3323 502
1492 2768 609
3170 2061 4
2167 5661 529
6995 9857 993
2219 1908 681
9644 7823 875
4335 6807 838
3456 7740 46
6423 2875 991
1642 2200 919
6892 9836 955
268 9610 507
6443 2617 12
9871 2865 49
122 2135 466
4702 6737 584
7972 3964 16
6686 8145 871
1236 1992 506
7455 8535 615
4032 5571 988
4040 2247 652
9742 3475 701
6371 9665 34
8449 8670 521
6293 9559 199
5730 6406 315
7093 992 649
6531 5831 728
1878 9810 470
2703 4233 995
7554 6697 418
1723 2448 540
2121 5578 155
9118 8060 42
233 8741 757
6129 1695 590
1053 3908 679
8599 4878 637
3536 2665 871
9647 8567 440
7000 8462 165
21 1321 445
265 6374 999
1146 7784 116
3447 1812 498
4837 7781 296
2023 6691 359
5984 985 6
2293 894 651
549 332 504
7243 7914 924
8836 932 175
2527 4813 23
2747 6395 966
6002 4849 577
6567 3698 235
9126 6742 334
5091 3738 183
4819 3211 320
7991 2535 494
2901 5277 304
733 5517 539
6469 7358 626
1404 1184 155
102 4854 250
5959 955 753
2143 1654 288
1632 2012 365
8031 1016 302
8583 349 407
708 9434 410
4736 9336 266
7026 8019 162
988 7403 201
8990 9534 647
7185 6895 301
9668 2229 996
9878 3267 697
4905 1769 126
3636 4097 787
8045 6647 851
2915 7275 54
9235 247 436
749 7250 392
9921 6830 296
2348 5528 592
4465 1714 694
6257 1654 595
798 5919 718
6239 6335 907
4180 9853 272
2703 3339 1000
1031 5586 975
4014 9467 457
974 9186 670
7552 4199 125
3279 5962 417
952 9663 973
3599 5021 355
6770 7154 463
4553 9028 840
1111 3934 894
9012 4968 335
4017 5542 965
4111 4430 197
362 6489 41
642 8297 638
2744 1670 518
8256 2923 390
4740 1912 819
5774 345 797
7607 8908 255
7135 1029 335
3013 7195 750
2768 9334 327
5445 8247 664
7337 609 113
824 8611 641
3304 6364 809
4824 1364 168
5414 9354 137
1469 6972 661
6992 2815 250
3939 7467 846
9507 55 27
2184 2813 69
4612 588 295
976 3644 266
174 2382 560
9657 3778 270
5167 17 77
8686 6427 171
564 4382 317
1150 392 249
3032 91 287
8076 7241 947
8535 8663 709
6007 4027 501
6348 5551 809
6183 7140 15
5970 6493 993
904 3852 687
2060 1931 717
7297 6882 452
3409 9838 46
8356 2134 670
9641 9886 662
4307 2649 311
4620 3952 344
6904 5731 355
143 3269 315
8901 1346 971
6661 6719 845
9750 9929 647
6463 1512 885
2379 7454 697
3073 9029 4
5795 170 408
1473 8341 980
738 1368 147
4427 6699 894
3236 1627 5
8808 8732 462
1931 3517 74
278 1775 685
1188 676 31
663 2922 177
1288 1417 369
2930 9094 379
1386 8665 675
4165 1706 586
502 3347 410
5539 3797 973
761 2648 734
7276 569 37
4202 4714 935
5838 6283 474
3751 3939 688
280 1368 160
591 5265 484
4820 1218 790
1299 400 381
5917 5272 107
5070 4281 4
1651 2326 947
4577 990 87
5497 9041 930
575 9149 121
2442 9412 537
7384 8506 304
1723 4821 477
2464 3379 784
333 4439 180
1214 4738 328
1714 2467 870
5699 4353 428
6649 2463 823
7395 2553 210
347 2718 653
3517 6445 73
3353 1508 967
8331 7788 916
1845 5311 280
573 9177 917
1194 6714 266
6992 4211 798
2710 8664 574
5306 3262 947
2971 2677 185
2375 2123 467
7571 5228 357
9425 1447 936
5256 2255 179
8402 2946 470
6571 6971 585
2013 2545 250
4312 3431 627
2279 212 463
3925 482 256
6791 1713 213
2597 3597 260
3167 9910 839
538 9698 507
4496 5381 640
6236 5771 258
418 4448 880
9701 4512 318
9357 3711 248
1365 423 772
5152 1679 625
6602 494 331
1187 5934 115
7139 791 9
5971 3051 600
4068 2441 324
6980 1295 816
367 3684 664
7652 9573 129
2962 1458 951
5849 7540 174
4018 1506 524
236 8773 391
1331 1057 678
8880 9859 250
4753 7935 630
4589 1586 552
9665 6871 118
1128 5441 837
9229 858 309
319 5315 46
1276 7362 319
91 9312 670
1723 4998 195
6879 4357 428
1944 3783 61
1740 6 164
6672 8272 512
3269 2524 861
6585 4603 870
4145 4142 150
2080 6189 804
1830 8831 524
8956 3939 100
8979 7652 767
7817 7544 889
6266 7614 895
2441 2846 732
6643 2445 452
3067 8635 191
5550 2119 846
1480 7023 528
7631 7797 824
538 5436 147
8941 6409 171
5536 8735 897
8902 6940 843
5334 8458 729
2683 6887 730
4999 771 577
377 6435 646
569 1144 800
690 3825 132
5702 4890 231
787 498 19
578 825 831
3169 4175 894
3276 2410 99
123 1277 251
2994 8621 102
5026 7775 192
2037 8924 780
8711 1512 119
724 8555 47
5707 7136 563
5787 2501 583
2595 759 516
8497 1472 534
6775 5070 458
9965 5494 946
3891 5915 305
6964 3751 262
5478 352 244
1183 6263 865
709 137 482
9211 3465 21
7395 1824 777
6626 9055 681
6842 7980 498
8831 3976 754
1956 7306 212
1220 72 338
5975 8685 541
7620 5463 613
3752 9240 273
3355 8561 457
8296 6065 157
2052 9308 47
5900 4045 239
6877 2052 550
1060 8451 246
4440 3673 36
6543 2207 351
962 5641 122
1879 2227 203
729 7335 629
9815 4842 806
6014 6763 372
1532 2415 298
4645 6917 881
3427 6050 503
2105 8570 454
5994 2768 382
4005 3312 990
5907 664 493
2144 2912 795
3393 8663 20
9069 307 892
101 545 432
5201 9257 43
1925 8809 528
4740 3969 378
6434 3650 614
290 9005 514
5162 5048 297
327 6864 181
2696 6559 813
1778 9248 348
1136 115 43
4376 4169 421
921 6533 566
3940 9244 148
8065 4944 244
5373 462 97
5972 4870 612
9656 9373 855
8809 1544 513
8725 6139 301
3635 853 421
9100 141 100
774 8403 266
2381 1168 482
6677 9922 504
6787 3938 166
9329 5685 595
7635 8782 183
1758 1800 168
3907 1845 885
556 8873 221
7033 7009 350
9932 4068 920
6020 1332 889
9085 3036 613
9598 6173 969
3818 1847 960
1943 7403 415
3433 9772 443
5449 5804 637
6315 6751 120
8213 2574 72
9077 8369 934
3447 5687 455
527 6562 691
3433 3355 64
1833 8332 22
9734 7891 150
2602 8012 733
6879 3950 291
7606 9727 66
8386 6830 49
5863 8122 288
5054 580 598
9098 4205 788
175 618 897
5350 4791 955
7795 981 348
7681 2354 386
4504 3721 41
2702 4854 485
7632 6924 207
2559 5957 854
2375 331 764
9823 8161 745
3540 3721 474
6827 349 800
1444 3812 823
1031 5713 682
6460 5161 932
5614 6801 419
402 146 736
696 5054 818
1290 6148 454
2685 3251 990
4968 5165 350
695 6937 998
404 6584 735
5156 1423 804
2125 6736 835
5785 2615 268
5551 2421 631
1012 352 870
6583 2296 479
1642 3024 623
2732 5464 435
6302 2227 215
6085 4602 302
1102 264 610
4147 2764 848
2240 3775 561
1067 7178 459
2092 1581 604
6719 8686 570
6320 6500 902
9485 3369 814
7 97 971
4681 1311 638
9367 3747 898
1519 9439 163
4207 8649 853
5737 544 614
9248 9774 952
2187 2393 5
296 2679 323
4874 8490 437
1010 1569 666
7843 2165 698
4921 2820 583
4908 9500 571
6314 2880 565
2265 717 872
7704 9473 23
5519 4281 194
1948 3074 604
1693 9217 200
8100 4288 586
5998 8400 217
5980 7342 44
1591 8791 344
8420 1917 548
1785 6030 936
8840 4260 760
4212 6455 799
5263 546 21
6183 4962 749
1481 5086 262
7877 4931 492
7387 347 455
4987 975 414
2794 6776 618
5333 3860 911
8698 9174 415
3910 9112 55
2903 9260 378
8459 5227 51
2402 5103 307
6989 103 85
9434 675 786
2481 4502 555
380 4490 182
1386 2734 787
4611 6600 193
6691 8193 756
3376 7042 600
6328 5474 885
6903 5327 244
9131 9760 907
6047 2992 210
4795 9669 754
7210 3045 290
7755 1803 289
7393 4063 569
5279 2276 470
7952 1432 920
7868 8186 43
8464 3743 176
8817 6417 560
9776 2155 118
4950 161 333
628 3655 771
2466 497 881
7834 754 969
4368 3373 377
769 3697 257
1194 2024 814
1708 7220 90
9226 431 27
9903 1008 235
9818 707 279
751 2928 704
8025 9320 905
697 4580 635
3751 4215 496
375 3408 98
5362 9399 65
6184 816 622
1683 9466 494
843 621 831
9209 2655 66
5504 5338 933
2381 6847 357
2866 2530 650
7995 9661 175
940 821 496
7195 2213 658
223 693 880
6394 4489 408
8230 9979 613
725 2082 252
5663 610 565
4921 9915 954
9530 734 56
9285 7948 543
2625 5850 558
7144 6368 106
9740 3744 372
3886 6041 956
1813 8076 160
4081 9965 861
214 3345 825
5243 9240 90
3464 2305 905
5123 6483 659
4247 6376 726
7529 8543 848
7726 1053 829
590 1972 685
6809 2261 969
4981 5094 935
610 245 773
7583 2117 763
1250 5414 604
9786 341 843
6843 1451 571
6382 261 123
9278 3975 483
4261 234 362
8175 3521 777
3958 5742 734
6474 8719 588
5787 5518 880
4621 5820 147
5428 1385 211
1188 9335 239
7310 6776 953
2709 2776 594
2611 8423 266
306 3197 694
522 754 279
9323 3180 571
3271 7660 561
4656 6570 590
2070 8315 406
6877 5022 712
3159 2415 122
7551 9984 647
3256 4845 37
6273 5914 693
7039 961 513
1530 7112 545
6553 1489 240
4914 1566 77
7574 8923 784
8971 9658 944
4123 8927 763
4060 9625 414
9341 3371 796
3758 9581 633
4599 9947 32
1735 1941 811
7929 8879 324
5396 9009 926
9499 6956 932
5921 9010 929
930 1939 344
8299 411 198
5331 719 854
8272 19 117
6763 9976 256
9148 1056 265
1254 5820 89
5206 814 596
2164 294 215
1845 5572 531
8804 5303 3
8773 8911 739
3022 1796 830
7416 8932 926
7550 5082 151
4950 5134 976
4494 1590 293
9460 4306 814
8118 8689 559
5413 5266 816
6773 2103 607
6339 9632 615
3048 5910 637
463 8260 523
2879 7239 636
8565 7968 610
1559 6943 235
8239 4057 85
7178 1862 412
875 555 929
2364 5621 937
9861 3866 351
9304 9121 833
9158 880 679
6301 4422 574
4136 7685 462
8792 8653 870
4929 8671 67
6778 2030 890
5919 3416 418
5712 6514 918
5996 7814 974
8109 1250 10
6042 9580 506
8799 331 711
1563 3563 36
337 6813 85
5414 4480 110
626 5419 312
5311 7049 960
9395 8718 630
5634 7031 125
7045 1714 872
243 9248 619
4760 1266 258
251 1028 457
9196 3681 161
7946 9895 870
9887 3262 964
9663 5748 464
9313 5370 924
2472 9877 6
5432 4641 622
7760 6540 908
2480 9579 774
2126 240 608
5635 1752 26
2535 8116 334
2160 6941 594
2762 5284 190
5565 1937 760
3404 5891 206
9524 9608 847
4158 1192 969
6808 6420 443
5747 5949 62
4387 7514 157
4160 4877 623
2091 5967 703
3114 9417 48
2692 4185 172
9394 7288 727
8729 49 844
3744 1399 509
685 6068 381
1251 304 899
3541 3962 153
4184 4065 225
1772 7457 972
8982 3163 125
4021 7394 490
9855 3440 715
6215 2178 413
1730 6917 438
1365 7207 755
9194 4578 241
8577 138 502
3930 5651 11
143 1323 545
3108 9737 804
1837 4512 77
4206 5254 897
9401 1996 677
8935 4535 807
6023 273 491
8978 2339 123
6959 294 900
4056 4713 55
4112 5562 951
9662 3458 905
6594 231 373
7288 2337 654
5834 2566 15
6550 8468 883
1392 3138 946
8089 680 304
9797 38 932
4682 2490 39
4213 6871 586
5742 2130 50
280 5199 909
7121 4307 576
5330 9808 741
5607 2403 135
2962 7784 431
4946 1205 983
2300 6575 304
7531 9682 973
9763 9492 970
1363 1311 167
9095 7127 51
135 1516 705
5990 5901 431
38 8062 91
8916 5961 425
2038 5340 55
3826 6611 343
3169 7694 299
9240 4336 639
82 1417 732
6576 8788 343
5133 7779 576
2638 3966 968
5434 9792 311
318 6044 530
2754 7 452
656 2120 799
6116 6034 677
6917 6750 415
9537 9541 30
2145 160 325
501 6913 373
1207 3715 196
5106 5831 749
4877 7427 301
5583 2918 620
8909 1475 154
9327 7389 971
1989 4371 742
4395 8789 177
1631 9283 138
1281 4622 75
3157 6213 352
9768 1269 772
9828 2830 927
3018 2771 318
6983 5949 522
499 6762 763
2827 8599 518
5043 4129 155
9564 921 267
343 2149 174
1883 1454 971
7926 1431 670
3401 6060 559
3302 798 316
1528 1345 717
4047 56 483
112 348 619
985 3631 628
8854 7590 948
6799 1386 970
3249 2366 875
1221 5332 313
8930 4454 297
6818 1743 661
2352 3617 35
8623 4113 201
9373 6331 221
1298 5235 904
4727 5048 812
5202 227 909
6588 7485 46
1675 23 833
8223 6541 841
1103 1819 38
8990 9114 535
9585 9101 529
5322 4146 690
3124 3112 429
1884 3621 671
2975 20 834
5235 7177 512
4928 8005 524
3335 2690 708
1841 358 930
7066 1000 490
438 1298 948
4430 4303 656
4836 3807 46
6890 3157 278
4960 5717 991
1151 500 116
1133 4768 666
5052 4857 707
5527 2931 279
2943 734 755
664 324 889
8209 6498 534
9904 123 438
3948 920 434
3731 6865 464
5356 5897 691
3625 4788 904
466 7788 278
5066 2387 24
8813 2518 797
5108 2072 902
8924 1289 845
8163 6357 84
6196 5568 921
5283 6704 997
8365 2006 697
3709 5248 272
3253 3914 687
5173 4464 527
1278 6038 818
1589 5624 667
2360 8874 841
2945 8629 168
7418 5388 202
6826 9653 7
1204 2332 697
4945 5086 195
856 8914 590
1955 4319 262
7324 6296 566
993 488 286
5096 3284 659
3421 285 727
5994 5103 134
3080 6702 492
8193 370 519
7017 5054 434
9258 1500 593
7126 1888 651
3146 215 729
7877 9161 24
1913 3304 157
7391 8706 61
5510 5220 450
858 4497 983
2415 830 709
7831 1240 394
1364 7648 645
6822 1196 965
7546 6690 295
1519 9248 294
9256 7140 724
9403 6182 907
4092 9836 965
6879 9823 455
2931 2482 757
4553 7489 716
4039 8873 755
788 7840 739
986 7286 812
2360 9791 614
3143 3715 698
1756 7402 407
5125 5777 945
4696 7378 801
4480 448 900
8144 9072 355
9173 2530 901
2460 2163 542
7898 3113 472
4194 6174 317
698 3269 72
1061 5457 697
8665 1741 136
6504 1714 347
4437 9489 334
7291 3068 634
2865 613 520
2648 7353 765
8491 157 35
1954 9681 361
8969 1977 352
3508 8923 466
5083 9891 83
1195 3336 313
382 9635 877
4856 4376 202
9602 8104 335
3688 5947 855
2235 7459 381
8673 628 253
1595 9402 76
7428 3289 914
4438 9747 553
2977 5536 858
5116 987 21
2466 6092 453
9374 5532 943
2497 6842 386
9918 7342 931
7814 8439 620
3284 985 248
8806 3687 519
8781 6256 595
3937 659 699
2679 2650 374
7335 2704 351
1824 6473 177
2465 6731 549
4211 6733 89
8174 8138 701
6314 3779 235
1576 5094 236
2539 1000 603
1934 5066 819
8081 9210 712
4860 740 421
4358 6858 938
3284 3176 17
2878 4950 425
7199 5164 590
5095 7522 622
497 6177 129
406 6229 679
3152 4804 531
8145 4320 851
8070 3683 838
2279 6332 679
6467 9650 357
3307 4268 263
6481 7396 242
502 4703 123
8348 3714 908
7967 9268 879
1496 5700 392
2632 6959 594
8658 5656 478
6185 1770 399
4949 9987 106
8063 2340 818
1666 8040 185
9197 5533 585
5569 8085 243
5447 1868 156
6529 2259 622
8504 8662 839
8387 8100 424
8001 1043 585
1974 7172 175
763 5687 403
4059 4038 723
3327 7588 131
3656 4011 347
1621 4944 182
26 2225 664
7712 3599 541
3044 6681 7
4512 8497 46
4245 331 764
1709 9403 486
338 7244 671
302 5319 981
9546 5894 946
4197 3838 451
7481 8477 822
581 2177 759
3826 2106 449
8149 2266 909
4671 7303 739
6647 5123 556
4584 3493 867
2283 1515 563
3862 1898 636
1110 8957 750
2553 8608 951
9932 719 24
7716 272 575
5736 1852 972
173 6227 721
4404 9589 374
3330 2063 695
9351 7602 104
2869 7243 897
9406 762 332
1688 96 341
9435 4818 349
5669 8122 217
4243 64 46
7063 6382 991
2635 7871 332
6964 2592 267
2551 2431 788
5015 5107 581
2384 1030 336
5779 3575 587
8545 2225 285
3379 2798 418
4764 3993 320
2842 2500 257
3579 9241 459
5329 6729 976
5691 6877 76
3353 6460 331
5115 2212 338
4470 8329 407
1016 7318 763
7870 6356 760
7857 1268 373
1642 4198 176
2803 3906 803
9235 3726 215
49 2840 681
4472 4430 205
5952 5220 537
6426 1696 490
1921 5552 222
8298 5300 579
1394 5923 300
475 5461 446
4998 2432 505
8850 6493 308
6617 9170 405
2717 41 660
5676 5058 543
9804 2670 62
201 5728 688
2211 7761 85
4292 2834 687
658 7407 624
8541 7363 192
2154 6169 761
7827 4052 246
8512 8260 406
1868 3185 311
241 9905 953
3159 5369 304
890 9710 107
8825 992 301
5752 3833 127
732 6322 748
4875 3372 527
736 7375 251
6620 5420 10
1968 9812 32
1855 8407 105
6943 8453 7
9698 4298 743
6802 1518 71
547 1933 327
1746 9016 562
7666 7450 140
3714 9607 856
4028 1950 652
1107 9185 695
4551 4720 775
468 8795 184
4070 3637 114
1329 190 982
4980 778 959
1990 727 649
5919 2616 544
6640 7768 817
6393 9328 657
3844 8579 508
467 3266 574
657 2183 502
9942 8156 558
4520 1248 13
4201 9072 54
4994 418 550
9759 1543 187
5191 1635 309
2350 330 757
9192 1260 356
9090 3910 42
393 545 653
1152 3252 203
9243 5580 785
4213 580 575
5097 7324 392
8334 4886 872
2739 6844 783
5108 2305 925
2862 445 801
7438 1111 664
2369 7540 604
5465 4523 819
9736 2562 294
2784 7680 225
5808 7176 585
397 3803 562
9853 922 861
6674 3856 922
941 751 530
5679 2354 856
774 1038 334
275 9083 46
4467 5686 936
722 8853 802
6037 1139 248
3004 9031 674
523 7173 661
6172 5846 829
4681 2062 223
6299 7417 251
291 9312 975
2508 3412 78
5365 3335 158
2787 3341 180
5854 2178 112
6988 8533 355
2973 9042 545
2689 3940 758
6940 3061 732
2536 1554 489
3650 3130 669
368 850 321
1675 6692 339
557 5347 56
1407 5455 699
976 5976 443
7837 3125 913
2182 252 845
3139 4993 170
5186 4447 143
2795 7457 12
6691 2551 487
9041 2590 355
9847 1781 112
2634 1959 861
2092 179 172
8822 1817 419
4042 92 797
2492 7361 826
7829 3869 620
6075 2635 740
4555 4640 184
3081 3428 154
7378 381 718
4587 271 628
862 5400 890
318 7726 498
8829 7540 434
1718 4616 737
3636 1457 89
7687 8843 295
5397 5572 352
1558 8566 716
3321 2535 310
3609 7465 773
410 4479 127
2993 8442 765
2046 8436 72
1314 3694 574
391 692 824
8608 5542 351
2936 61 229
7939 1862 374
1599 9687 589
8030 6265 285
1160 8938 154
4190 6785 806
4363 6399 756
9956 3849 628
1580 2342 897
220 8220 438
5827 5829 577
3059 5794 650
3318 1815 523
3538 3024 992
9916 2891 163
8340 1695 302
3164 4048 295
6725 697 193
8801 9450 381
7740 2167 882
641 2996 225
2474 743 483
2709 6976 169
5267 1449 893
3250 3276 422
3298 7978 817
9400 6137 192
9894 7131 477
3923 9245 976
1525 6522 225
792 2397 349
6218 3424 877
2315 1491 149
1581 6309 464
1898 4921 723
1172 5272 842
7325 6866 278
5094 6861 490
3561 6785 707
2486 1597 676
8025 3757 621
7413 7057 624
2287 2710 931
2748 315 826
8851 1959 494
4565 3963 774
2674 1252 445
1798 1744 118
7763 9018 297
2473 6234 949
9761 271 676
4264 9989 274
4925 5622 783
190 1137 653
6431 7230 124
496 5804 850
1858 6379 627
1951 1952 119
4623 4231 90
2631 7306 59
1207 5785 971
8991 5698 945
6561 1485 634
2971 6055 380
3236 1880 976
545 4903 402
9036 9111 128
2555 1924 828
8751 611 611
5468 8098 449
7581 9457 777
6500 2140 291
538 202 489
13 1238 552
3120 8584 435
6299 6223 148
4715 2359 40
3228 5789 838
5612 4625 659
5483 5579 938
876 2399 674
1043 4010 716
2820 5707 86
3473 2716 986
8851 2365 937
4955 2240 55
5931 1110 2
6165 2837 625
1762 267 764
4088 1474 295
5271 6835 646
4075 6624 583
257 6947 202
2855 8989 399
4442 2925 191
6298 803 187
6522 5028 957
9431 8419 45
3789 2807 493
8620 1475 585
8678 6727 840
2358 5625 875
1727 3079 550
5287 4654 592
1031 9892 428
8349 2036 823
2493 5523 217
1066 4340 576
8374 3503 736
9053 2799 175
8866 2714 269
7579 6614 787
3470 8632 376
922 4832 488
5649 8389 524
8831 5154 634
9304 3299 352
2280 9325 288
2449 5632 187
5467 3086 723
7561 181 81
9237 393 2
6024 1715 595
4986 147 665
8569 3120 835
4727 1684 370
2427 3925 669
3440 9900 556
7750 1552 443
8919 2162 216
7958 722 25
926 8287 305
8713 3269 911
5277 6554 9
8711 6859 440
9173 8267 933
4023 627 776
9452 2482 844
2832 2526 156
8448 1203 381
4587 2920 576
5729 2969 361
4445 1303 805
540 2059 153
194 2813 461
3912 4038 225
8642 5111 653
7227 2289 682
4311 1696 485
7375 1343 73
7401 4963 894
7561 8109 40
3072 4784 234
3006 1997 327
9819 6336 962
8477 3116 464
937 6202 527
5909 2750 762
2077 5004 476
4835 5530 669
3408 5491 500
7464 9803 780
8829 1728 310
3385 2431 654
529 4262 23
5129 1676 818
349 3316 466
1688 1435 824
7091 863 740
4740 1209 687
5888 4450 349
3269 2453 149
946 4105 415
6640 6258 397
1763 8415 161
8328 4608 148
4911 2388 696
3427 5329 621
8750 2359 50
5132 8207 601
4726 2330 46
2374 927 481
1307 2744 940
3111 7724 704
8558 9556 287
7082 8565 399
8918 9553 683
2779 9876 453
519 1288 495
9098 4836 367
7894 5532 691
9662 6437 871
271 7701 527
6835 5079 568
4715 7160 217
7798 314 446
1397 2465 168
5281 8232 15
4169 5515 706
7864 870 170
8722 6945 472
635 752 1
6132 9687 339
9938 9440 238
3412 9290 61
6561 6307 98
7645 924 761
871 6287 883
6238 7159 416
2356 779 646
3948 782 578
6906 7174 945
1469 1483 76
9110 2693 8
4863 8695 436
4286 2 466
3500 634 176
931 745 80
5538 7152 373
1244 2177 416
3307 514 209
3918 8110 562
6255 2651 690
4134 2389 738
7723 6926 636
2112 7325 612
3257 5284 532
1084 5754 971
5886 4910 362
495 981 271
6803 2600 609
4236 1540 875
6621 9264 460
2411 2640 96
1830 9717 887
7982 9854 321
8009 4979 882
2733 1508 401
3556 1780 166
9599 4607 328
934 2045 439
2435 4220 467
470 6260 246
9262 8093 40
1061 1403 800
8039 6008 430
8941 8616 95
9221 5110 544
3826 6504 245
4559 7554 436
1224 147 704
9577 1949 681
2590 6449 167
2457 6419 378
3713 1282 915
4901 5874 702
8205 9799 274
1687 5943 752
4813 1290 23
5283 5510 595
2467 7365 645
7993 5596 842
2292 1491 686
3308 2206 467
475 8869 905
346 2304 95
2269 1252 736
2049 1557 149
824 877 270
9325 3932 896
5598 1712 768
4682 8103 449
512 2623 916
8712 619 293
5571 529 46
6798 7276 63
2854 8608 305
7616 8384 716
750 6083 764
7556 402 312
215 8008 246
4055 5304 571
8542 947 958
1369 5758 120
2791 4236 119
3731 2828 895
1458 729 403
5650 4245 427
5069 9767 835
1728 8698 29
768 1763 673
9251 5446 535
1373 1567 545
9160 6964 104
2082 2419 513
1856 2650 937
3653 4694 341
801 2473 83
7761 7932 775
4676 7055 252
9082 3727 873
4663 4867 761
7285 6456 254
559 6337 607
8468 8516 175
4010 545 531
299 3324 417
3701 139 197
1799 5588 630
4923 2086 417
3208 7983 52
7667 9789 611
4260 6642 803
8818 3138 323
2782 6120 932
8100 2046 684
1167 6683 147
5379 6848 154
2556 7000 565
6037 4804 736
883 3703 582
4482 6192 754
9067 5751 379
8037 1602 14
6739 755 919
2308 1958 786
2262 1698 804
5393 913 671
1506 8030 17
3447 1475 350
9642 4788 180
750 6259 700
70 3474 364
6771 7586 292
6767 8899 448
2103 2660 90
6441 5540 184
7235 4630 93
3958 3006 552
4808 578 244
7377 9103 377
2270 3058 973
8340 4518 703
2203 3743 672
2304 3485 485
3258 1337 502
1326 4698 645
5299 6660 871
2270 870 282
3042 9976 474
246 486 871
7223 1416 918
7429 830 955
5510 6321 207
5909 1998 325
3504 9122 802
2766 2442 877
2676 1130 503
6329 3414 564
2630 8828 515
8603 9746 285
8502 3237 991
272 9317 38
4743 3720 183
8373 1564 973
603 6273 903
2374 1403 471
3993 8680 113
3592 3559 87
7833 801 163
6877 399 322
4545 8825 474
5739 9111 169
594 1995 641
8347 9198 524
7012 2688 657
1604 7505 194
3397 4709 188
1512 2640 791
1917 5623 487
9019 8150 652
3752 155 367
2407 9356 857
6335 3434 885
2942 7188 499
917 8116 405
2981 639 606
2637 6094 513
950 4570 20
7970 9783 455
9649 4968 404
2087 9249 478
424 1372 674
3956 1752 71
3036 5943 422
1784 1400 627
2479 951 653
8038 2631 132
1537 5174 811
4109 9797 590
5528 5862 132
5797 3658 126
3174 487 48
7991 9752 313
334 9846 886
3295 506 100
7299 544 923
2212 9144 956
6935 7254 316
268 9197 659
3 68 514
9258 6833 117
7167 307 337
4237 1778 393
4329 5091 428
4773 6768 13
404 5009 700
1812 674 402
4069 1507 766
3075 2478 540
1154 2125 45
7284 4133 35
536 7072 530
2717 522 32
9968 6787 814
2186 6611 388
2340 3250 851
4887 5898 40
939 3323 917
7883 2045 634
1864 1965 20
1835 4131 359
1538 5320 512
4431 9563 637
2458 5182 33
4275 3943 887
1905 4275 968
701 7719 382
9446 8692 142
3893 8351 586
1218 1941 801
8215 5273 237
1718 9564 247
3747 5593 192
5297 6163 745
2617 1221 305
3171 6945 552
2674 5588 606
944 3342 919
6462 3155 689
2908 4130 870
2042 1178 587
1611 8827 830
6643 2381 914
3636 982 214
3279 3086 504
3916 4991 51
2272 239 712
3617 9517 62
3887 8454 976
6834 9102 299
5875 6346 186
8371 6840 249
8060 4666 189
2893 2694 753
3118 6009 320
3665 1628 30
1483 8318 708
5101 4103 807
67 3673 104
906 8785 483
2414 2109 491
7661 3125 315
7662 4546 441
9835 2337 797
4158 1847 154
4826 512 772
2243 4075 903
9037 3022 796
8909 7853 127
5977 9122 924
2602 5854 791
2562 9428 126
1882 1434 670
7848 7130 585
4535 4711 420
9311 8497 561
197 7332 760
931 105 63
7678 5123 619
555 9954 6
6501 7716 833
2683 218 825
7446 2119 915
7945 2639 714
9639 1571 8
82 8326 864
9020 7791 304
8452 56 6
8985 9973 298
4634 2536 659
2810 7624 73
5209 2049 386
4103 4938 847
383 7486 856
6809 8688 832
1321 4827 958
7158 179 289
2770 2417 106
629 9613 873
1135 9204 561
1086 7011 505
5063 4405 892
4047 6363 438
1583 785 725
60 2663 580
8226 8228 540
840 2218 770
9792 266 43
9704 214 982
590 4136 476
6875 4888 347
635 6695 84
5571 9740 253
7230 7335 845
9419 4091 837
4884 1049 768
2165 4340 207
2808 450 422
2607 5298 220
2265 8699 146
2341 645 256
2511 8753 964
43 3581 609
6058 3018 820
4025 3455 222
9952 4056 370
9935 4970 169
4168 7633 271
4528 8117 662
8976 4142 227
6677 9090 561
8849 1913 78
8318 301 829
2516 3600 101
694 7875 629
9547 5745 612
6391 8919 727
3936 2049 953
5133 751 762
1951 1945 195
3999 4171 355
2756 3140 785
4416 7685 714
5127 8805 679
9056 5222 722
8661 9851 665
1084 7279 320
3660 8767 523
1036 726 804
7224 7954 713
4896 7293 436
4346 2717 850
1157 9476 957
1877 6199 26
5340 3696 761
6261 6773 120
1515 6994 111
8921 6988 440
1866 729 716
7392 5517 963
7638 2294 649
3356 2224 103
7292 211 126
667 9191 180
8451 1525 344
6326 6234 313
7447 6414 101
2590 1547 643
4115 7203 989
7307 23 335
6688 5374 319
7299 2502 618
1250 3739 223
2670 2133 662
8166 2804 432
8025 9508 88
7268 2266 505
6918 5904 684
5887 7611 85
5079 8570 226
9318 6738 581
5930 3772 131
215 9830 521
9421 5894 965
5700 3020 394
8707 7060 333
8133 408 856
8802 6170 455
1877 8684 940
1826 1090 57
5200 8900 241
1033 5701 935
5743 3980 938
1423 9166 726
769 9895 616
3557 8548 763
8072 1666 997
9237 2491 86
5290 835 325
9568 9592 889
521 8084 631
7963 7856 453
8935 2062 246
294 2521 47
6665 638 857
3092 7412 650
995 9594 555
9880 7259 895
8408 849 713
313 669 789
9741 230 507
8430 9312 725
4347 7710 411
3509 1498 10
8971 4565 618
8780 7245 788
1351 6931 31
6274 2255 470
320 4302 878
1305 144 593
4688 2678 595
6883 7984 87
1385 8020 481
619 2338 614
5987 160 761
4289 1745 649
6798 4279 200
8055 9112 322
5266 6572 195
7674 3836 462
1286 8363 45
8665 976 406
784 608 157
5591 1683 405
2235 8775 937
1727 9290 515
8653 8684 459
3229 1464 703
7391 241 37
2267 9140 827
5795 8353 468
2759 9755 894
7182 5033 315
6569 4857 166
4961 1700 398
994 7076 792
6582 5987 535
9198 2716 598
8615 2579 948
6217 8672 739
9027 7945 931
6034 6481 365
9955 1382 357
8754 7184 801
2415 3921 443
1007 972 334
2331 1386 429
5897 5471 910
5833 1482 165
7642 7789 185
6859 7579 969
4508 3460 584
7509 749 669
785 955 699
736 161 918
1016 1913 6
1108 8226 439
8102 1712 422
9893 4413 923
8738 826 412
6852 9761 406
7788 4693 365
2334 2339 968
2696 273 934
7978 59 587
5296 2383 291
5970 7786 574
1400 1568 556
7310 1416 121
4010 9641 892
349 7666 768
5777 240 5
1703 5890 472
5429 2435 436
7494 3766 201
6858 3321 111
8057 3570 872
2539 9610 183
4926 1155 263
256 1826 574
1419 7769 152
436 4794 281
1178 4279 816
132 3067 4
2109 882 950
6160 17 720
3026 2302 44
5125 457 400
8073 1271 153
5028 2004 463
1802 3689 538
7258 8225 545
4952 8769 620
7298 391 900
8815 2240 726
2467 6375 869
3289 8101 525
7820 7912 444
9222 1610 363
1424 6696 862
3196 6539 191
2042 7821 613
1761 2842 124
6722 6854 389
2100 9137 844
3802 4111 301
3090 7053 33
1521 6148 873
6926 1231 478
9352 422 698
5204 369 664
6974 3794 266
5100 6924 687
6431 3654 834
2520 57 160
3082 3322 681
6551 1714 71
511 1737 636
8189 9999 741
1639 7963 683
1508 6285 829
5519 158 934
8994 2328 824
7342 437 974
7813 714 145
5445 4098 345
1152 2126 30
4480 2646 451
6738 8398 217
6451 2477 34
4227 7067 188
6978 8227 70
2360 1573 65
8677 1216 154
5945 626 33
4723 4378 801
1522 2365 976
2873 925 361
8494 6722 915
591 7767 48
5415 6769 479
6607 8038 95
790 9038 109
1258 5861 328
9812 6410 884
8561 8442 435
9451 2087 817
3877 6168 985
75 1796 952
580 460 368
1881 8091 762
7109 1047 47
5019 5325 110
10000 2246 500
8664 1010 693
7829 4894 516
2097 1876 484
5133 1678 291
377 6247 480
1209 5172 920
6110 2175 101
6447 422 69
307 6308 562
3189 5354 483
7930 637 800
4787 6250 891
3887 946 980
2748 5717 643
7577 2238 450
1770 2837 239
9730 9279 144
5598 8173 234
3228 2880 363
4950 8483 573
3355 2881 857
5612 1253 434
5419 8444 743
1636 3774 277
6509 3034 602
7790 9741 387
8000 6976 18
4137 1922 747
4879 1596 171
3688 7830 404
839 6894 753
767 9348 889
2897 4832 984
2936 1381 89
548 1366 806
290 2082 779
9872 3490 756
723 7083 309
3349 7104 971
4934 2171 156
5517 8047 765
9937 6852 583
4649 2380 186
5036 7970 879
3386 1138 840
9367 9742 874
960 7405 436
8726 350 232
1559 7787 872
1747 9707 208
3381 7859 48
4359 4709 317
763 3953 706
3677 4698 743
4248 6153 918
5102 345 615
6966 6586 189
5468 1761 535
3424 4240 732
2740 6019 54
309 4633 808
6359 703 226
6432 1481 336
5829 4159 892
9127 6520 235
7166 4801 558
6456 3896 854
1404 5032 833
911 4614 81
3929 4707 672
2863 4536 275
6450 8692 431
1114 6483 701
2479 9385 185
2271 1050 290
7880 6657 695
5667 3178 724
5977 1293 710
4833 194 990
451 49 700
244 798 251
9001 9835 154
6665 67 264
7528 2132 422
463 4488 306
9157 4122 439
20 1882 115
5817 9397 538
1132 2992 712
616 9533 253
1057 3401 454
6207 7879 856
9190 9802 592
2939 8027 242
654 8790 626
6760 4384 670
9681 8756 908
3168 7947 659
3651 7011 268
4451 8870 692
7117 3325 456
97 339 858
3220 3343 811
170 5960 703
5393 6840 969
3591 9201 50
6626 9262 373
4495 3983 826
1537 914 823
4045 2251 390
2050 4916 518
4458 9062 66
5249 656 824
6533 1140 129
2722 3464 939
6483 328 505
6718 4125 543
5819 1727 497
6151 5494 926
8043 2712 966
9753 754 772
2314 6552 469
5084 1574 889
8144 1254 98
2119 503 756
4076 6896 434
4824 2204 975
849 3807 679
3927 5242 164
1110 3193 537
9279 1087 32
6431 4405 44
7235 5198 729
3027 8851 971
2683 543 965
2677 4336 540
9850 902 99
5264 5973 808
4091 6928 973
2617 1316 977
4156 3906 410
6168 463 412
4092 9564 86
9508 2293 123
3078 729 297
7202 1326 827
1734 7609 735
5966 5800 325
2752 7144 154
5800 3984 151
217 2230 597
686 923 186
7845 3866 825
9929 363 288
4073 1468 404
7649 2359 244
3122 5848 308
3249 3144 116
4423 9860 320
4489 9524 278
2738 9012 786
2071 805 206
6562 6563 795
5368 3836 27
2360 449 756
7656 11 604
3677 669 776
7965 9188 878
253 8709 545
3171 6188 268
1586 9561 593
3775 9720 67
7340 8050 765
9477 5281 599
3206 4113 806
7928 3494 726
3436 9873 372
5846 450 122
8894 2126 358
51 9213 931
5837 9697 955
1299 7798 424
5026 4850 194
57 4134 14
1926 8415 558
973 1932 684
8832 4166 639
377 4339 669
270 2358 336
2307 9643 550
1859 3573 20
1479 3639 355
2953 5816 560
1884 6167 628
965 5016 476
311 1829 526
4244 6702 9
8984 628 443
1090 1940 637
1897 9196 252
1107 5789 692
4967 4223 878
2110 1041 777
4983 1651 233
4490 9418 248
2234 9257 727
4730 4988 212
4989 4193 564
3066 6272 610
985 3687 292
8242 9472 711
2761 6463 747
3902 880 1
2885 7112 596
2009 9793 436
4340 6833 940
4486 7672 821
7712 9046 810
6248 810 739
240 7266 270
2291 119 240
3161 6927 330
9236 7144 787
8562 9871 631
2916 7968 124
60 4245 633
2335 5318 499
6866 4438 576
4223 8989 199
2074 1781 130
5666 1785 827
4977 3584 262
8419 6998 388
1989 9572 959
1977 7007 502
7050 2028 826
9661 8722 763
2767 1984 900
1998 597 194
7837 1997 924
4681 3599 35
8660 6869 723
9897 4935 435
216 2070 716
4458 4429 965
8421 1838 971
5064 8252 396
1895 1284 209
9517 9775 156
6087 142 459
9291 5376 582
4942 2604 86
5802 3236 428
7788 5342 534
50 8052 917
8820 6949 730
6939 499 888
5328 3433 927
5530 9171 257
3362 5721 495
1522 6982 887
5895 2214 631
1685 6855 442
3421 7656 109
1398 2681 337
325 4085 5
9737 9772 783
9041 9932 880
3725 6851 293
2238 1789 478
6971 3027 992
3791 2291 695
6959 6548 598
5823 2645 973
3453 4938 441
4024 5785 231
5674 3184 760
1373 624 645
2245 9562 497
5722 294 672
9745 2811 268
9565 3246 61
5935 1905 19
7675 9816 678
4234 3846 155
3763 3968 572
3029 5762 595
2740 9682 267
6375 537 346
5632 6170 925
5948 9418 413
4688 2820 747
4948 4993 409
1174 3248 172
3746 244 770
9781 4491 57
6290 6972 10
2510 7498 922
8327 6175 836
3810 4139 176
8211 1027 600
7404 2969 845
4073 6351 732
2043 3771 61
2854 3608 949
5873 4318 12
5652 434 145
6817 5986 899
5301 2929 680
802 3623 971
5769 3348 51
3461 2752 543
9404 1428 325
6983 7037 458
237 8341 167
5423 4224 285
1675 5331 222
9799 5083 802
5524 8953 125
6522 3419 763
5776 7929 995
899 1089 379
7838 657 599
1218 879 317
3966 4742 949
9776 6633 232
7219 7033 148
4017 6018 969
5313 2264 736
4760 1897 716
2923 1425 150
2471 4817 180
9766 6956 754
5092 1322 410
4656 3856 664
9192 1213 573
4054 1524 358
9731 2008 679
2711 7974 395
2251 6279 9
6211 1320 493
5838 2490 323
5851 7377 722
160 2554 334
8693 1298 351
7472 7011 128
2332 4387 116
8962 9146 364
1798 4644 741
3600 5241 146
120 9986 697
7166 6827 801
1196 3549 722
4737 869 984
456 1393 184
2658 9204 333
391 5358 931
860 5628 83
6094 5981 799
9033 6405 541
9419 4742 308
5277 4492 341
316 8026 948
2695 133 108
1854 6676 140
7723 4154 835
7000 2511 619
2016 9937 847
3749 830 98
9228 9259 990
2462 2479 80
7774 1665 600
9164 8957 585
3977 7617 102
8565 4170 63
8276 2444 694
2085 9117 137
1070 2088 961
4598 884 993
7324 3759 587
1698 1682 600
9541 2497 547
3561 5973 89
152 6345 798
7429 7596 113
7203 1614 78
1906 193 807
8663 8490 210
8391 607 162
4723 526 21
6828 600 604
1302 1436 71
1062 1612 211
4242 7611 619
5076 9617 190
2105 1345 319
4132 2405 453
556 7505 577
6312 8499 86
3626 270 868
1101 320 297
8181 1968 833
7744 3397 823
6322 6840 393
41 2777 114
10 8133 501
5213 2695 977
2135 8478 799
2787 4301 101
7033 773 484
1025 8736 590
7797 8007 305
2519 980 767
6527 876 741
6751 7705 964
2832 28 769
3538 223 910
5873 6245 100
5300 5690 308
984 7432 277
22 6130 924
8957 9289 597
36 5316 489
5774 1902 453
6972 2804 560
5522 5932 784
9545 9903 109
3191 475 694
303 997 167
4445 6149 117
1961 2757 903
79 4157 916
4006 2576 851
6853 2846 504
247 4079 985
4624 660 91
1537 9890 554
7098 9133 198
5724 1135 488
706 4487 960
9975 1130 353
9370 9458 864
614 1677 276
1462 4921 158
6062 1713 521
4597 3137 184
290 5190 571
4430 8173 795
1787 908 322
6466 1104 202
5365 4883 568
4095 3351 77
5229 512 343
6753 6916 157
3264 9302 577
6506 213 343
1541 3109 698
2194 4793 475
2148 2651 368
1160 8172 561
7495 3950 832
310 3600 957
3011 9900 265
7605 1319 638
166 5672 511
1957 3566 707
3897 2405 660
5966 7212 848
2540 7586 687
8464 2754 435
8026 4122 973
1438 4849 785
7097 3836 934
3001 1349 215
1213 9046 82
3189 2767 396
9246 467 919
8320 9080 660
4473 422 44
7114 9924 324
1481 4620 949
9455 9354 408
9070 4837 434
6259 3263 603
8003 4207 628
4136 9912 300
3750 5417 33
2195 8247 70
1735 38 896
9325 9113 204
7389 7230 671
9476 2012 927
2421 2935 545
4672 4874 859
8222 993 249
6005 7553 515
2183 1471 726
7725 9847 554
9775 4624 450
3589 9209 261
5987 9487 841
2933 4330 706
8671 5505 463
9809 2786 252
3570 3211 812
7597 3080 984
1214 5777 849
3339 6735 552
1343 1233 97
3399 8937 441
989 9070 177
2156 2201 99
2355 119 87
1759 2040 615
9463 5447 490
9532 1111 598
5760 5081 227
9961 7980 187
5664 1267 683
4479 9501 258
4956 9361 51
121 8933 659
4780 1375 458
931 4803 552
4144 1496 714
6883 6489 142
7746 1852 289
791 3670 323
2464 8396 409
6532 2529 261
5665 9816 459
62 1828 684
8237 4931 658
2161 6239 533
1139 1116 574
9781 6531 630
313 1072 650
975 3634 795
4017 1335 615
8833 8946 613
6746 9875 967
2835 7213 823
3990 8793 578
1005 5236 233
1186 4421 727
6747 2564 661
5672 4978 56
1458 537 487
1037 5636 203
8685 5096 696
4564 5372 238
1336 5246 130
2875 6173 59
846 2180 400
2680 2887 138
1037 744 877
5152 7817 523
1894 935 845
6966 9204 704
9347 9325 741
2154 7593 94
2739 340 989
967 7124 989
3439 1635 381
5234 5125 553
7867 1288 690
6909 7698 43
9952 3163 98
9750 1953 274
4006 4348 448
7405 1855 694
2077 5680 241
4966 9665 289
763 9915 430
1788 925 974
2515 5340 901
3484 1103 23
2539 7749 259
4601 8990 493
3373 9339 910
3185 5786 397
7595 3972 268
1242 8237 458
9220 2836 206
8669 8290 976
8678 3598 163
7227 6861 390
1866 5428 326
1981 3026 772
1954 9436 338
9891 1762 166
6466 1949 977
8364 6765 549
9921 9897 536
5625 1293 618
8338 7662 599
8043 5916 789
2908 2094 283
550 9516 493
8028 308 822
274 2487 434
2939 4445 847
8636 2466 597
6505 144 84
3403 1283 598
8616 9020 71
2391 1554 749
7415 6602 880
731 9227 53
934 8467 530
6465 1410 824
7637 5014 490
7748 82 194
4044 6057 367
652 9582 527
5389 166 911
8713 7320 482
4470 4123 556
5099 2298 631
6514 5215 770
7360 123 268
446 7486 708
2993 7453 700
1578 5055 840
9710 9104 704
871 4631 575
126 5435 426
7630 3103 571
2847 7794 175
203 1704 367
1862 1746 132
1888 596 410
4548 7563 579
1542 5501 304
6580 4967 877
2108 780 7
6273 49 976
658 8006 648
5198 3217 335
1074 6422 777
1447 8883 826
180 3479 464
4794 6231 650
402 6450 995
1550 7716 56
3751 4302 714
1904 8342 750
5578 2907 197
3655 1431 24
3832 8740 131
1825 5494 12
3565 2321 530
8064 3980 364
8051 9319 139
9672 3422 985
4293 2699 506
3545 1594 645
7596 8630 187
5503 9957 459
2442 3612 441
950 4190 63
9969 4670 326
4805 1547 825
2355 8276 463
8436 4787 317
7262 4212 307
7886 5687 53
7133 4650 322
1217 8691 581
6752 9091 554
7611 2130 125
1802 5512 801
1814 3949 813
3278 9432 998
890 3044 1
541 535 250
7608 5288 224
5269 395 51
6576 7134 15
4627 5580 384
2879 1511 907
4356 5856 8
7941 5576 421
8163 1426 445
1526 2413 260
1048 7902 999
7488 3260 53
3321 6713 678
1491 5011 925
5785 8335 394
1636 8099 503
464 6238 104
1544 7640 349
789 2585 800
5803 2527 19
1055 5372 485
4843 3865 719
3995 2395 217
5281 6553 381
5318 5747 788
2690 1809 118
2363 5995 974
2884 2028 790
9785 2360 224
7826 2099 112
4140 2558 941
2138 4274 183
9020 7245 455
8521 9574 785
7214 4761 916
402 3325 96
7552 481 855
7274 2240 667
1778 695 556
2830 7273 482
3709 4138 732
7529 2342 164
4086 2172 752
3697 9776 521
7552 544 965
8374 8387 256
342 2537 790
6181 1470 613
2103 7725 904
638 8088 8
2384 239 685
9903 279 50
8091 7220 275
9872 7220 483
390 6985 32
6503 2326 390
2494 3295 685
5805 6947 834
3018 1172 578
9506 2024 426
7078 7069 149
4211 956 49
1429 9746 740
2001 5176 236
6760 7323 330
2010 6454 837
1033 6559 99
3279 7964 355
1241 3217 362
3695 9322 232
6585 1906 941
3654 912 324
4625 6224 359
977 6400 132
3573 5336 350
2482 2226 428
513 9882 502
3290 1779 278
3690 684 677
7338 8974 582
9863 8977 634
4895 5654 793
697 1163 669
7387 9611 606
5439 9700 234
1131 3835 303
1543 38 697
8134 8902 807
4445 5142 671
8024 754 59
2614 5816 136
4588 4285 713
8680 1985 281
1663 239 346
258 235 250
6185 3839 166
1242 138 41
914 1984 554
9311 1989 186
334 1315 343
2758 5478 186
3271 2254 226
1249 2184 812
8115 4118 346
6360 3149 45
4662 785 763
2588 2106 769
4956 1849 862
5908 9261 794
1302 3497 559
3630 4577 1
6618 650 169
6200 3362 302
6100 9562 305
1113 3154 232
2693 3474 264
9715 4771 593
501 8184 732
3461 3195 261
7303 1168 632
3515 1600 920
1933 52 895
6806 2623 599
3244 9124 988
4233 5530 923
2384 5158 417
2187 2849 505
2008 6718 255
3736 7522 671
425 6860 425
6391 4916 247
5321 5625 893
1039 3958 279
328 6018 968
6387 7650 154
2766 2882 148
8155 7305 886
961 7410 667
8740 394 777
9159 6334 103
6544 3762 177
1746 8414 362
2713 5599 577
8846 1067 638
130 8407 899
5620 9212 382
3544 2750 574
4422 5109 951
2175 9402 185
5829 1298 322
5209 8751 178
1682 684 833
304 9908 56
5236 6306 528
691 255 14
1976 8836 402
2480 9441 443
4541 4712 607
759 7069 872
1799 4799 287
1004 2699 818
6391 3650 714
3290 9011 684
7222 4054 259
2428 1434 584
3468 2159 172
135 6774 661
1935 6029 67
4737 8012 267
137 7292 66
5236 5153 398
59 2584 16
2639 1777 818
9926 6891 113
5475 5790 629
2158 8696 757
4461 5801 866
5479 8644 248
6269 9686 224
869 1435 948
9787 2177 674
931 2465 481
8459 4122 314
5023 6308 419
1972 8699 920
755 5621 452
1125 1650 919
1449 2166 764
645 8765 43
6111 3389 187
430 7494 431
3966 199 476
828 8589 531
1477 634 996
2783 1146 848
3646 51 283
677 6762 717
2795 478 12
4308 382 367
7725 5215 478
4625 4285 716
7574 4389 728
885 4534 448
2319 1184 49
4584 9473 949
2651 5846 698
134 9542 788
2466 3770 31
4721 2464 322
53 9307 369
4865 738 196
28 8589 190
320 3920 19
6663 1997 616
5170 6309 172
6086 9725 597
1167 1837 31
900 1508 403
563 5711 873
4791 2610 233
6752 3560 521
2733 5005 127
8713 1076 133
229 2336 616
4786 575 305
9002 2429 697
6015 5234 187
7433 2440 461
1410 1038 56
4379 1797 825
2707 4417 479
6626 4927 189
133 6534 280
8241 4535 431
4558 8193 232
1997 237 72
7411 6332 172
5464 7689 629
1352 6368 328
4530 425 931
5766 1172 140
3303 55 287
6043 1419 299
4049 9155 429
20 7071 84
9850 1230 528
982 2967 431
2478 994 544
1561 4578 662
8735 4886 503
9830 5615 460
9290 7343 89
7305 5496 277
9855 8864 785
2960 7119 804
84 4530 163
5477 9898 852
4638 6593 479
2498 5617 637
2815 4796 872
3196 6973 111
5798 2430 874
2811 5480 612
4596 5253 816
1828 4861 456
529 8201 566
728 7291 380
7611 1528 775
8024 680 916
2645 8618 884
8545 3667 696
885 92 970
5173 5469 872
5380 8850 860
3812 3208 366
2013 7700 609
1472 1845 262
6051 9756 946
752 8568 109
9584 4697 10
619 4642 765
9674 8549 878
7045 505 288
1930 7222 732
7912 1254 240
3357 2526 986
6346 2816 979
9106 9092 611
3757 8567 102
9178 9792 855
3503 3682 390
6487 2680 484
3705 2289 458
596 3552 121
4085 4218 256
6444 3579 408
8533 1835 652
6878 3266 300
9467 4491 246
1842 520 269
3503 5854 680
2747 5859 134
4810 5656 676
4613 7035 626
2612 7522 589
484 3826 486
7779 4625 483
2696 2472 955
5741 6235 313
2331 959 292
3016 1009 701
8868 9322 181
4059 8372 275
4255 2696 506
5929 8261 525
3854 622 683
4357 6362 10
6160 2880 482
7424 3246 763
6184 5007 426
4274 1675 429
8533 1632 881
4207 6778 198
3771 2563 849
786 6320 274
9355 754 452
7976 4703 842
290 8422 285
5634 1416 563
3153 5020 346
910 5657 740
2602 198 250
2801 8502 325
7521 4891 210
2459 9974 765
2104 3887 349
4940 3661 740
704 3297 342
385 1855 532
9034 936 882
4689 7082 60
7256 2016 918
3829 7768 271
2338 654 209
8626 113 577
901 7702 833
8569 1035 291
5903 9600 45
4297 1356 946
7151 9532 417
2265 306 738
5214 3019 343
2699 5089 193
3735 827 389
7081 3763 69
7985 5670 176
6928 643 566
5861 4494 916
4077 3360 138
9262 8369 501
1234 1724 29
336 3390 728
5257 926 264
890 4458 999
7812 1352 782
2991 7754 105
3019 1077 329
8599 3344 859
1110 5444 524
6015 7445 987
9670 3657 647
891 8076 854
8662 1767 464
2596 5589 338
160 1448 595
5314 7309 52
7625 2833 270
4853 3049 460
1582 6948 802
5845 2659 347
2794 2852 777
6722 8651 166
7854 3778 825
1708 543 67
2962 3296 435
5401 9031 595
2966 2228 267
1074 6905 24
9257 2914 176
5401 7947 257
9500 1731 624
8104 4834 386
5533 8878 875
3462 2944 782
3845 9169 777
2940 1947 987
9537 2139 41
3917 9207 275
7235 4077 145
1577 933 610
2792 8592 893
5977 8328 455
3737 1991 758
594 4251 528
4338 989 244
4391 903 990
3728 9766 553
891 3502 640
4310 9196 403
2006 1160 226
2719 2855 994
8376 3056 699
5089 8009 62
1234 1893 267
5927 1336 120
3418 3987 269
15 479 178
7570 7006 418
2765 1269 384
4678 3155 305
2311 4100 5
4768 8081 147
5036 947 884
9335 4833 699
1451 4855 909
3752 5658 156
842 762 262
7446 2226 735
9153 216 998
3796 3340 568
5066 6439 861
4600 551 564
3756 5752 177
807 8177 624
9058 4786 48
1864 7342 375
1343 451 257
183 9903 547
7166 5564 201
1014 9050 869
6803 1562 8
3376 3563 53
7029 2653 596
2352 7727 567
2759 68 962
4086 243 414
1899 5772 128
9711 3664 429
2600 4983 895
3866 8455 395
2983 3183 964
132 525 588
5265 8483 95
6721 120 418
694 5557 142
3252 5447 473
5701 4095 618
4784 916 41
4944 2050 425
8961 9606 185
6938 9944 79
7627 2496 831
153 746 534
7306 622 649
4953 3734 990
7536 9399 919
2171 9777 261
885 6141 987
3940 240 423
718 1091 305
7858 6801 235
2635 1064 137
407 9218 564
2331 4730 171
7928 7900 126
9092 2823 71
3090 45 700
9111 4635 1000
3170 6693 455
7732 9950 459
7718 7616 42
266 6186 606
7420 73 880
5702 6030 255
7470 8117 550
8292 5848 133
1233 6931 334
8999 9356 778
3249 734 475
6949 9974 942
5981 3648 297
7269 7616 331
1654 8993 537
6379 4507 2
8119 4702 162
7112 705 295
9430 1808 860
6620 740 76
9673 5132 93
2465 6959 76
1032 9917 797
6548 6765 256
9635 3790 759
8786 7793 118
9754 2846 999
7360 5469 589
8895 9966 361
1310 944 913
5244 2268 101
9947 8103 344
3589 4363 190
5169 3284 544
6161 578 754
633 3182 443
3779 7244 258
3810 1439 349
4616 8371 770
2481 9769 981
9558 4324 733
6264 4839 584
2856 3068 399
6832 4264 139
9388 2140 934
6314 695 125
2859 8347 766
5291 6533 247
1037 1132 315
1978 3192 672
2957 640 300
5331 6655 375
6535 523 336
9412 9788 11
3397 658 427
8655 4707 88
2777 7497 750
5811 4780 684
499 8356 226
9302 5069 627
1779 3419 334
6948 2211 687
251 7145 53
7900 6398 696
6220 4166 222
5790 8011 371
4209 1300 152
6719 7069 74
1524 8734 484
3809 503 27
870 693 289
3793 5715 347
556 4880 17
2510 7472 667
4306 3552 759
7831 9858 992
5123 78 880
9735 8036 797
8595 2304 454
5571 8455 431
5730 2443 39
8712 540 451
7861 6124 38
1598 704 639
555 2663 270
3157 8301 976
7522 1415 803
2297 3727 880
6781 2940 358
3365 3170 977
3788 285 605
9654 6384 453
2955 2633 867
2575 9352 105
4857 7323 579
6849 9063 998
575 6607 150
1139 7467 60
7471 8608 35
9860 2878 514
6792 89 500
7515 7887 35
6736 4307 478
8235 5774 76
3868 2560 43
6819 1201 537
8408 9876 907
8468 7469 173
7050 2591 471
2566 8047 5
8773 8470 121
9931 9479 810
9935 1699 720
1898 8037 273
4726 2780 713
5700 3855 542
5133 8695 199
7598 3690 41
6231 4451 402
8698 9192 178
3127 1327 608
6114 6939 111
7324 1169 711
6726 7983 474
9936 6882 578
4455 919 461
4909 9836 231
1107 6668 356
916 1772 213
8840 8890 308
7041 5484 724
6513 282 20
4711 1125 972
8136 238 236
2894 4516 535
5016 7523 875
7277 7515 308
509 5568 444
4224 5582 642
5151 2447 897
795 2470 299
2301 2815 988
2408 9462 654
2588 4302 567
3372 4317 685
3895 6570 817
7928 362 253
3038 7252 762
966 36 451
789 8058 632
2524 2576 379
3352 9190 452
9742 680 701
7568 2894 701
7067 9399 569
2256 7539 948
3065 5246 570
1315 8070 709
894 6722 162
6489 804 800
9654 408 293
7060 2355 474
2273 145 683
8253 823 232
4312 2088 658
5807 653 919
7432 4401 957
382 7864 447
6088 1177 946
981 7413 372
4612 2215 748
9406 3089 925
5883 4012 284
597 3644 107
6998 6744 237
957 8645 352
2208 832 365
8681 5396 963
99 7244 732
1363 8375 292
4350 4069 914
483 8262 828
9577 4676 644
7725 1137 335
8235 6913 475
1784 6212 868
7233 5832 955
7564 130 905
2751 5539 506
3276 5024 384
710 3334 660
3083 4087 290
6715 2840 909
7280 2460 726
9077 2199 127
4545 1758 798
7460 3036 272
5898 1444 419
7542 355 375
9319 6422 887
9285 8403 967
1715 9177 807
3450 2711 691
5115 4028 329
1908 8551 67
1573 6592 377
6374 2324 191
2262 2018 971
1828 9668 138
8006 5530 95
2127 4268 739
3547 3185 971
9948 5218 196
5823 4837 293
4134 7416 245
4784 5168 154
7734 1058 412
6130 6596 466
1366 3789 787
9088 3782 226
5002 1547 772
7387 1371 679
2428 5567 773
4178 157 252
5707 54 989
8756 478 433
1623 949 720
4435 6679 910
547 4456 853
2399 6906 960
593 7616 485
7243 2150 756
5067 9168 321
8431 6131 439
108 2469 380
8510 70 261
8526 7857 310
743 8624 630
4544 1522 132
4160 2190 393
6831 6066 483
4166 4661 334
4228 1968 13
3118 1208 881
9720 8339 930
1187 304 812
4188 3540 295
9002 749 167
5509 6497 630
5749 7655 321
2962 2444 508
5622 2853 799
8657 1325 847
390 4223 369
8760 8167 451
100 3678 501
2223 9849 868
2360 9440 234
7870 9861 344
7629 2122 840
3868 3877 929
8999 7784 422
6895 3664 585
2144 2254 6
851 3032 602
1232 1917 532
3281 2747 18
6477 8969 649
993 7970 238
3313 5927 354
156 7433 275
8578 722 818
1034 5920 824
2771 2237 303
9338 9504 808
421 453 949
1228 8097 842
5109 863 56
1297 3568 506
818 64 788
6355 4504 195
1866 7524 297
7614 8973 236
6614 1881 359
5389 1666 163
8725 7142 118
1522 884 177
1612 338 780
5535 682 524
8435 747 201
1265 4861 92
647 3728 403
7783 2026 820
9081 8501 734
7561 2061 33
5216 6664 517
7732 7444 273
5231 236 244
7152 5567 178
5490 9276 965
164 6433 796
1421 9435 854
3730 2003 901
3412 4661 70
1933 249 689
2740 8841 363
4186 1270 292
3687 2497 414
7629 6819 845
286 4697 282
2734 6867 421
2176 4623 898
8742 5934 506
9018 2708 689
864 9178 76
1094 40 884
2469 2561 480
226 7365 942
2706 6783 797
3743 1313 298
9666 8896 573
1711 1398 983
9050 3270 743
3431 79 496
2717 6671 102
7423 5466 15
4951 2445 789
9155 7403 632
4327 2203 974
6084 4858 313
6931 1578 423
9909 790 528
6959 6758 22
1361 996 625
1498 2182 425
3599 7614 668
4543 2418 782
3536 2353 608
9290 8585 154
9036 4626 525
2150 9409 412
9110 9206 632
2108 5046 648
3756 1427 769
359 5068 907
6747 9774 65
353 1322 811
5984 3916 964
7234 1042 278
2419 6886 210
7249 2240 991
8567 2643 423
6785 2115 37
9154 1226 659
2256 4872 822
5511 8865 23
4694 8780 143
4031 9838 433
4994 9465 646
9855 4750 624
2932 7765 984
8295 5151 906
1617 1124 63
6444 9649 667
667 1193 678
4661 4443 980
8796 6539 792
7274 1447 597
4792 8149 447
704 4558 408
659 1392 994
2173 3234 146
3613 1204 805
901 8240 372
5969 1329 165
511 5732 137
8109 233 614
8981 3659 33
3674 7828 210
555 4732 736
2619 109 133
2530 4145 713
3653 2479 41
3051 2016 683
2115 9691 349
6581 7358 581
7403 3611 540
8767 716 736
5337 826 567
307 8154 813
9328 6617 995
3022 4475 390
9522 1403 225
1376 8850 464
1234 4244 322
6929 9396 790
7872 9026 778
1475 2824 582
8369 3113 81
4077 1815 234
7825 3817 204
4796 6232 331
8094 4868 627
6689 4887 380
906 9043 314
1907 2092 118
2743 6716 9
7824 2122 898
5345 413 251
9122 9363 98
7745 817 488
9200 3888 880
7161 7035 573
1941 1262 60
6135 9428 520
6739 7521 69
3489 2257 45
352 8059 69
7571 358 87
8501 906 394
6335 4016 558
7345 7237 98
5931 7941 294
327 8905 824
7593 8275 256
919 988 162
1294 2372 409
1083 3751 849
757 9978 436
1650 5634 287
4831 4330 669
2385 2630 648
8002 8150 910
5212 4822 447
5185 1117 854
5760 795 181
1286 1270 946
839 5813 372
1028 5519 55
8119 670 875
4634 2481 850
9417 1949 571
4976 2105 78
1430 1888 852
9459 5059 454
6197 7876 745
783 2166 143
2376 4428 966
1795 1100 373
139 8889 948
4096 2915 103
4067 1042 375
7743 6599 20
401 4825 352
1258 2485 828
9411 8624 214
1554 1432 581
8595 2197 680
3869 9402 980
979 8306 875
7107 8041 715
4729 1586 463
5743 4852 300
2076 8828 74
1666 9461 363
9127 2305 102
1014 9171 922
5987 6805 43
4841 4966 269
2266 8128 760
1298 5362 309
2557 9702 589
529 123 851
5425 7618 500
4333 2131 395
4645 9412 491
946 6158 353
6073 1771 618
8326 7550 915
1441 1803 759
3296 2629 454
621 3775 313
6570 8776 677
5473 1212 61
4146 7253 418
7197 635 456
2564 3680 23
9417 5240 778
565 3503 809
8317 5940 898
9287 3391 906
1040 3293 678
7537 8709 7
7185 1375 439
3306 960 781
1769 3600 439
6074 9485 772
2567 9025 608
8452 6685 528
3552 6173 7
1722 1481 410
5988 4216 721
4200 1644 539
1033 4108 720
4029 7685 30
483 2633 670
274 3801 768
3062 1780 342
8654 3810 404
3739 8252 415
6898 7444 679
2454 8036 150
4544 2834 278
863 9478 693
8377 2366 649
613 3375 149
4032 6164 238
6843 837 481
5587 9967 63
993 4153 194
4697 5010 186
5613 1281 737
1668 9323 44
3578 1888 608
2728 3448 423
9650 6610 126
8822 3942 752
1581 9469 598
6002 9543 218
1026 5389 243
4162 2085 351
6994 9563 961
4914 9834 451
8733 4003 120
2253 3078 650
2179 9798 644
9815 1863 643
4007 3323 600
1046 2481 45
1551 1720 333
2446 233 768
1057 6303 222
2045 5328 409
4368 8705 379
237 1133 246
9401 53 654
3926 2269 538
4201 1365 647
416 7788 225
8149 6351 547
7934 330 36
6291 9019 1000
8775 1592 905
1019 7350 852
621 4646 929
3257 9139 634
1727 5225 405
9683 882 20
9309 1166 223
4834 8904 104
7137 3305 187
9921 7405 97
7530 2417 520
2734 9510 265
5768 1614 799
1389 1097 172
2619 9992 378
8900 942 665
4551 1704 50
3188 1616 778
3152 6628 217
106 6600 168
7787 1915 630
4052 4123 249
1182 2458 377
3174 1480 312
2588 3758 471
6387 3461 502
1415 3996 313
8836 9189 642
7450 2547 148
6849 3472 966
9085 9833 324
3432 4518 266
4070 1241 798
3918 1640 100
2312 5431 314
2630 9198 196
879 8513 112
7310 9768 42
886 7775 263
4655 6474 901
7151 7869 809
8604 6682 921
35 1658 611
2318 8728 430
5701 4383 350
4539 1091 445
2633 9418 522
4531 9963 246
6884 6912 252
4068 7807 500
6890 8234 797
1071 1196 95
7436 5774 428
1212 9129 56
4668 3401 688
832 9523 507
4728 4827 864
2517 2189 741
1765 5525 925
5007 5495 464
6584 9603 797
8376 1553 331
1464 4084 914
9271 6354 385
1071 7070 34
1472 6178 143
1166 2984 935
6600 4698 349
7664 983 264
3945 2524 694
4312 4995 11
4604 9467 629
165 1610 850
810 2124 508
341 6248 719
9641 4569 442
8961 8900 792
5697 489 164
7039 2771 483
9448 3076 548
9143 6775 191
461 9488 495
6347 5147 976
1909 9389 674
5290 5772 628
9649 5184 625
1969 3271 46
5271 9785 918
1766 814 48
3494 4326 682
5225 8990 311
5552 6339 287
4863 2388 758
2321 8090 425
6599 2003 852
2169 1256 748
6714 7310 27
4151 6889 79
5400 9999 439
5191 4605 695
9625 115 606
701 389 603
6061 7360 737
5282 8963 392
5051 1865 792
821 8234 153
4744 4018 317
6488 6255 131
8163 2966 605
9301 6082 599
2453 6477 492
5532 3059 427
2871 5702 149
6728 7084 762
8331 4911 395
5204 3537 544
2540 4605 717
4474 8137 990
2724 3258 754
4226 4706 263
8033 1614 521
6640 3559 837
7529 3456 551
5666 9649 368
4938 300 638
5206 5330 617
6194 3053 323
1988 6974 677
7150 5313 995
2972 7000 276
8716 8869 994
780 832 608
1603 1053 136
8386 1051 510
8940 7183 241
488 7067 685
8824 2785 914
7923 653 120
3956 5266 396
6993 5955 642
3219 3115 990
3952 39 449
131 5806 150
5094 5407 131
1597 8756 348
541 2155 270
6210 4765 213
8660 9570 354
5979 3703 742
9425 7515 70
8445 2331 413
8633 8822 582
1535 5636 954
4281 6410 454
975 2147 244
8426 3530 203
2287 1477 532
3245 6433 626
9361 2779 806
4562 5053 882
7747 9552 632
2263 5333 836
8612 1682 450
6398 4396 313
2341 1518 647
9200 5880 281
3165 2856 228
8295 6905 165
3253 3642 976
3021 4012 641
785 4446 629
414 4941 127
9642 1853 473
713 7583 527
1505 1039 585
254 6640 372
9760 7817 654
5652 8020 26
1608 8878 735
2334 9126 600
767 3236 473
700 4831 442
820 2769 758
8164 3852 685
7800 3015 659
362 2228 53
577 750 670
9266 724 904
9686 8327 330
9583 2081 596
4316 1733 613
2763 2526 540
323 850 972
2432 776 369
6375 1917 100
4661 6487 274
7880 6893 419
7807 6529 131
9128 3315 162
5509 2631 720
9321 8829 74
2027 2384 989
6295 2943 439
1127 7429 353
8544 3188 71
2042 6547 467
2648 1304 292
9100 2606 254
9321 2654 569
6357 1904 702
2710 5578 17
1401 2951 554
3823 2107 237
5892 813 497
3409 166 54
1228 846 3
3270 7935 52
8299 5967 891
7913 1883 94
1505 1384 590
1048 9224 479
8756 6631 951
4987 9315 658
7125 215 987
1443 7919 989
1662 586 450
8780 2752 995
3306 2939 107
7091 9602 293
3030 2801 933
9093 807 410
4908 6651 630
1693 7857 784
9700 8833 171
7038 9069 395
5859 6740 866
1100 5398 593
5625 5051 324
1502 736 599
5689 9105 112
3152 5386 775
1959 1094 314
3186 2889 562
1693 9195 568
8740 3493 618
7825 9868 515
2716 656 469
6040 1876 431
830 2469 261
355 9875 192
5582 2320 228
815 4767 462
349 1282 379
3300 3661 76
1639 2700 451
7994 2738 487
5822 1824 301
1450 4851 160
9165 9825 93
7956 6991 131
7215 806 131
3390 6478 142
2732 5357 637
6308 7935 639
9784 5358 482
3042 326 628
1663 831 353
9226 6368 216
1319 9966 101
7775 4894 738
1724 9553 435
5580 1265 675
6108 1557 287
6147 2943 775
7733 5763 554
5858 6188 1
869 6537 224
7946 8389 896
1581 9225 698
5713 7268 26
890 1039 286
7644 4567 682
7208 2998 999
5221 5839 33
4396 5884 758
1606 427 402
4710 5146 568
1682 198 999
2922 1516 627
1069 954 82
6353 7401 106
3819 3754 516
2788 400 287
1567 5792 566
7125 5837 106
2723 937 115
6691 1084 256
3435 1127 142
6000 399 312
964 4451 108
4345 7105 221
4500 7093 238
539 4049 560
1374 2470 831
5030 759 65
7617 3171 36
2071 6079 466
4433 1361 598
9467 1887 687
2937 1983 161
5788 326 37
3166 8375 772
7538 1495 999
7980 3492 363
4670 85 16
3402 1442 821
8365 383 368
7300 4473 17
2049 7683 186
3235 6490 645
4191 2763 631
1404 184 536
2960 9440 427
3992 1286 276
6713 7016 671
7169 3728 437
1224 6127 914
1443 6675 425
7494 7140 602
7272 3869 395
7978 2403 792
394 3763 718
2617 6840 295
4272 1879 935
881 5529 29
565 7128 468
4901 473 244
2841 7561 553
8481 2646 914
3074 5090 807
8317 6159 199
8100 2707 949
2993 34 151
55 7573 117
8542 197 448
6332 5698 666
3642 3909 407
6390 7518 730
1962 865 449
8164 8718 362
6145 192 544
9207 3768 239
1990 7525 385
8354 2820 579
5394 2365 431
9458 9514 900
1958 8023 685
2268 4182 804
6926 1723 988
2955 8884 562
8184 749 352
1489 8480 107
3782 100 458
7491 26 69
5871 6860 997
6955 3164 597
7560 4145 267
8763 7904 329
994 6066 530
2675 7497 983
1961 8432 730
2555 9622 460
2340 242 904
3972 4600 485
1028 7732 1000
4004 1030 900
6420 8000 857
9908 7528 832
8051 1725 211
4802 8493 906
8792 461 33
8911 834 228
4125 7560 484
7653 3511 294
663 1811 65
3894 8583 233
5551 3994 944
785 238 724
7092 7828 55
327 3033 834
2461 360 857
4788 7860 982
5042 9792 282
1870 3255 732
5082 9210 262
4583 2526 963
516 1893 485
2108 2382 577
22 5057 65
3704 1252 392
9492 5259 106
214 7196 253
1305 1637 496
3238 1847 933
983 3759 274
5249 2615 879
2366 579 143
4142 3171 890
143 1504 554
4763 3694 532
2849 2182 452
9909 7894 35
4226 9960 944
1181 7710 63
524 7989 443
2598 7151 946
1001 2284 23
7775 1721 333
6351 1837 771
3661 8202 163
3515 8503 231
4507 5377 351
1774 8624 113
437 4923 533
2491 8963 576
6439 9323 232
112 5149 299
6350 6265 278
256 2633 177
3452 1875 882
7893 9504 976
2931 4654 23
5796 891 261
1867 938 27
1863 9085 479
1674 6060 609
7599 2303 805
786 6455 901
8581 3513 973
1100 6674 320
7893 6269 508
1963 4509 478
9549 9161 603
5335 1120 190
302 2732 495
6309 2682 900
4520 8526 927
6801 2680 562
5780 729 19
3062 6545 140
42 7567 634
8895 22 643
8227 4697 220
7665 9992 996
7914 873 947
2134 2417 526
6940 848 291
7603 644 535
894 7492 650
8129 882 207
8858 1282 584
4403 3203 104
2668 4808 224
2724 6612 55
7289 8154 689
2890 4139 474
1709 63 389
5696 6733 490
68 8504 714
1905 2273 135
9731 5852 482
8710 3549 812
4303 4672 397
1418 4813 350
2381 3467 352
2593 9285 915
820 2576 20
9793 8301 658
5464 1226 272
7294 9114 672
4226 8513 685
1667 1271 424
6056 5320 5
5182 2490 898
2754 8721 750
1278 404 832
1335 7548 152
6383 3710 203
4012 383 889
2779 1241 71
9406 9977 379
2072 5121 950
5691 4311 402
8073 9911 188
482 527 792
8099 6656 480
5036 2896 959
3547 6741 729
5474 8021 690
6558 7443 582
7405 8196 311
1316 8205 283
2206 1924 492
613 5754 686
5988 6976 471
3585 581 333
2138 7303 602
2777 2604 602
7949 4796 953
6823 6336 841
1811 1458 950
7077 6493 730
4776 7660 829
510 5876 224
8689 3392 804
3571 1502 745
5299 2695 645
4829 6589 739
9903 9632 815
2889 7658 962
8548 390 476
9927 738 778
6951 8802 229
8217 6206 555
8490 5857 423
8966 1990 501
3185 606 800
40 9800 449
2085 7782 351
7414 9827 432
3278 6101 760
7871 1940 206
387 8715 630
4196 3298 939
9808 3835 662
3648 7347 960
6012 5797 920
9464 622 346
5100 2564 706
4874 5933 955
9457 6201 140
3984 5002 378
2195 7902 191
655 3113 121
2321 2546 364
7055 7008 780
4958 7006 933
7461 362 544
8588 1939 449
9189 4972 254
8888 8655 393
5627 2445 132
1836 1583 330
3087 9896 791
5857 4328 160
7262 2161 845
9520 2631 695
1281 5882 995
6192 1229 666
3804 390 580
7931 6131 249
4147 1771 960
1801 4376 492
5592 8617 993
9229 6131 493
2649 1353 814
3744 2536 478
3391 5103 40
1121 1640 114
3367 6575 277
9644 841 767
217 7072 685
3175 5102 759
5860 1732 11
2655 2549 366
4035 1062 925
963 9900 912
7613 306 373
2901 5548 443
908 8087 198
949 3278 266
9389 1192 496
5436 2223 173
7310 8975 273
7147 8722 69
9611 1235 55
6708 6611 117
6718 2258 494
4948 1777 986
1684 2776 742
631 4659 939
6151 1025 415
4055 3615 678
1177 6549 959
8746 9845 697
3571 506 425
3140 8022 518
171 2617 205
2629 2290 261
6923 9589 800
5577 128 755
149 7377 55
1328 655 266
800 2925 586
2536 5779 544
2891 405 375
1103 705 441
9194 684 381
4022 1569 434
9041 8083 482
7120 3632 436
2016 7259 925
3544 5039 688
5694 107 705
4098 5722 44
2152 7481 32
8665 2757 556
1858 2874 177
1112 9866 492
9218 9337 948
2703 7479 160
2693 2010 399
3966 6474 470
7039 2561 659
5616 1027 836
2017 6506 280
7307 3670 396
8007 816 684
2463 700 39
2721 6555 831
2489 5138 162
5594 2399 38
4556 3701 725
7980 3100 575
2274 4686 507
2662 3340 296
8267 4017 185
748 9654 219
2859 5448 145
9610 8884 427
4035 57 603
5971 4410 91
4933 7267 161
7850 639 483
3130 4287 99
2528 3018 778
6834 614 421
7571 913 827
5328 1458 454
3805 6838 341
4469 5239 356
8048 6414 432
7385 7122 801
4828 3208 813
6605 2792 705
702 6877 944
9759 4278 797
7955 8514 40
4467 6705 600
2988 1857 876
375 4747 722
3189 6311 460
5683 6432 702
1191 3380 946
7987 8224 311
8338 6647 701
1160 2542 401
8035 4501 928
5001 4335 929
9265 1791 649
651 3171 645
7501 8052 157
9986 4685 657
9115 7264 689
2990 2157 81
9521 8396 481
9301 4052 907
2939 3215 194
244 8907 394
791 1552 696
2517 7712 373
4436 4142 163
7667 3568 302
6082 6681 18
2585 9593 822
2771 4138 113
6365 278 924
107 9647 366
7307 1632 807
6359 7812 561
8235 9504 763
4955 1655 807
2884 1181 254
1389 2548 53
283 4836 464
2535 1708 950
6710 1911 673
3248 987 338
2156 3527 612
5968 8305 977
4665 9989 47
5200 5575 656
9080 6346 101
3819 8838 132
74 5428 318
2497 9149 731
3425 5397 876
6029 8104 767
1713 1640 777
3510 434 321
5568 387 40
6699 4399 144
7603 7832 328
1583 6939 764
8154 2622 834
4080 2435 321
8568 5285 85
2593 87 385
164 4444 240
4191 7566 644
3837 2010 756
5140 5241 738
409 4009 557
5467 1800 669
6061 5289 275
8530 6842 849
6233 9557 865
4420 9279 865
9084 5333 683
8045 4687 357
7684 3872 557
3396 2982 181
2020 5739 69
9474 1751 584
5688 5221 811
3786 1216 536
1716 1846 409
7916 936 713
9400 9317 980
1495 9213 37
5622 3091 699
1147 858 343
4222 6453 113
9991 1012 835
8864 9409 975
5318 2981 767
1634 9865 670
2385 6146 503
7357 6092 319
5597 4487 1000
7867 3041 365
1697 5586 500
1373 1147 403
2756 8937 363
1046 4628 103
8436 2366 896
4347 6632 289
3820 2754 48
3653 3116 920
3141 9013 202
1613 6943 13
1379 6380 366
3962 9507 28
2376 5245 890
4658 7850 82
8238 278 898
9892 6123 901
8596 3420 17
1543 1388 161
486 9098 564
7866 7635 735
5158 5810 530
4651 3180 851
3520 2656 869
9494 3512 893
1331 1209 593
9332 6227 842
7328 7315 301
4835 1385 285
1997 4927 34
4881 7112 669
4480 8291 515
8442 2671 74
9033 9683 276
5618 2667 684
6509 8170 37
5690 9931 737
8431 9760 766
5013 5201 288
5090 7524 130
1767 8578 942
6499 7622 634
8323 7551 815
9672 3065 478
997 4982 104
7314 2607 697
1306 8553 894
6270 7565 413
2981 390 331
8177 9168 687
2636 6621 448
1397 7402 483
4031 6536 701
1378 7694 32
6952 5419 271
9694 444 858
2080 1285 259
119 8597 473
1256 1654 633
7079 3357 692
5510 5733 61
3500 3299 699
4363 481 909
4402 6131 772
1034 3244 279
9647 9626 245
7028 8083 710
5944 9511 559
1982 8180 778
6835 565 105
2628 796 752
9870 3143 768
7207 5085 147
5492 2843 65
4147 3084 113
5430 1807 540
7053 82 546
7740 3826 42
2453 1585 641
3576 9235 369
1953 972 894
6727 5974 281
1754 5233 781
2386 7985 174
9662 3596 655
1331 8235 405
9046 7592 721
125 821 623
84 2804 460
7260 5039 924
7796 4179 460
7345 4588 542
2433 3926 135
5367 420 826
4628 1533 1
1915 1854 338
2193 2449 654
2956 3437 910
9741 8490 163
2221 2358 770
3048 1801 459
5688 8775 279
2895 6417 489
5382 820 217
9549 2325 510
8162 6202 487
1544 4591 571
1699 8037 368
1418 8750 794
1070 1232 141
9722 9417 947
8789 4593 287
146 8598 213
1648 7909 464
8714 4496 616
2964 3046 77
6481 6086 125
5154 3744 58
285 3451 983
3268 1299 130
3482 4412 272
2394 657 90
6863 4641 539
1447 88 187
5406 5604 554
3956 92 54
4564 9878 463
6035 1293 293
7577 1286 4
2647 2933 401
2642 2872 434
1507 7248 708
7505 144 531
9382 253 737
4351 3801 27
243 9906 317
7474 7764 680
8517 1948 427
3880 1006 493
7608 1716 586
1636 4628 806
7070 7328 825
4802 6025 460
3005 463 878
1070 1772 746
7379 4533 132
3172 2339 513
1493 386 601
8303 976 14
7031 5173 174
8388 2717 403
1741 4144 397
2427 2999 606
1127 4898 507
5585 4537 799
8784 1768 465
5251 103 119
2446 3522 569
1426 1091 377
7169 1191 142
8552 4067 740
8376 5419 308
5534 8101 555
3284 9244 151
6066 5026 659
7430 8271 702
59 8955 990
5533 42 101
7068 7712 296
9300 890 270
3739 5315 127
7292 1172 251
1811 5514 225
7862 4793 400
516 1353 389
7016 4580 206
2879 613 314
1561 3662 573
607 6273 208
4107 7868 425
4432 2160 282
9032 882 787
2836 4918 44
6782 8065 632
1709 5995 438
8877 9930 711
4772 2177 734
9302 1605 954
6586 9223 77
1898 9325 97
5303 5021 774
8190 5813 508
5592 8415 796
1304 7525 385
199 5098 198
5878 1778 683
9394 2422 258
7231 6277 712
9756 3856 722
9260 1780 648
9061 3491 903
4759 2090 865
2922 9462 58
969 3100 690
1535 6137 137
3453 5413 784
8681 2386 660
238 6664 152
3899 251 807
6105 2440 2
1876 4467 309
7487 4493 198
5197 2159 267
8351 1103 703
7012 12 297
7632 8225 857
762 6913 345
8723 1713 862
7213 2067 89
719 2711 966
6745 3388 125
1266 759 983
3578 7483 14
8898 334 367
6576 9732 244
5790 8605 78
7637 974 675
9858 8348 782
7480 2470 657
3002 4055 613
7706 1982 824
823 4887 695
4355 8035 108
646 3941 450
7981 2206 580
4933 8725 200
9728 921 615
8972 1147 674
552 6539 994
86 5653 787
4332 9124 177
1659 7963 333
2586 4672 832
7161 3789 71
1948 1493 590
4531 6244 44
1597 2233 276
7691 4533 986
3656 9809 199
786 9999 47
2151 7223 409
6836 5493 779
2394 5485 710
1853 2951 43
2004 3029 713
485 4683 47
4024 2264 221
8770 1801 995
5297 9658 475
7408 3584 506
5806 2232 936
9614 9869 798
1004 8319 222
4855 3883 96
5728 9288 120
5914 2020 497
843 1891 327
489 7638 579
2494 8450 946
1898 1363 310
6378 5500 672
9834 4160 999
9017 8985 744
2071 2191 404
4794 2528 202
6433 419 700
9830 2074 22
5004 1353 240
5638 1780 420
4519 7816 283
7409 6515 775
6688 28 587
8040 2388 948
4765 5959 483
8452 2563 193
7316 3973 709
4700 3252 743
2143 9700 765
7863 8036 463
4845 6819 442
2611 5732 188
5720 3878 878
3643 6773 622
7059 5551 739
5115 3819 334
149 6970 525
3362 8508 443
6553 3998 872
3725 5821 105
2253 5032 134
802 9772 99
4831 7301 779
311 2462 460
752 9556 797
2970 4898 890
998 1500 216
2539 8795 249
9151 3576 709
2243 5509 313
9555 6118 35
1016 3126 657
2603 3648 666
5371 479 610
1256 3600 658
5320 3585 604
4930 182 829
8095 6902 686
9198 3769 420
7547 174 536
6151 8208 856
8199 9615 769
5654 3313 881
2690 3367 583
8065 2295 123
1287 1477 460
7681 8646 684
8334 936 598
9654 6025 845
2083 7494 948
7294 3034 365
2522 2580 668
6457 626 902
8338 4558 25
5491 4841 179
6566 9352 152
9968 2887 76
3079 2471 138
8063 9898 465
774 1050 910
5242 6355 995
3612 336 967
5855 7636 183
4139 9478 939
1665 8517 641
6608 156 143
815 8003 436
5344 265 376
2763 5370 378
1059 3870 212
4163 9691 466
328 94 244
2790 7783 9
1471 2883 308
6037 269 10
631 4616 837
8260 891 504
7290 5264 641
8945 8568 192
6254 864 248
3253 451 969
9658 6893 339
6062 6082 234
2347 1409 334
6036 813 661
9815 481 893
9487 2807 684
2192 1298 562
2612 4417 852
6408 623 998
1627 1345 775
1971 3060 66
5179 6381 653
9383 2017 865
1161 4873 819
854 12 10
7279 6432 64
6519 7315 343
3199 7086 489
1448 1457 975
2543 3258 889
2568 2371 547
1227 963 677
7356 809 115
6501 1379 799
7063 2566 543
643 4926 379
7977 3889 764
3434 5625 21
3996 2910 806
3434 6606 905
8370 3531 538
6057 558 1000
7422 5130 922
5059 5581 125
4759 9436 369
1079 976 690
6506 3837 550
2010 9127 783
4300 6005 300
7971 6395 493
1893 8819 423
6016 826 697
9513 5409 235
2746 9645 819
8798 7409 943
615 2510 550
3234 8176 639
254 2313 445
680 4268 546
4975 2951 312
1719 1315 219
9096 3951 394
8870 1628 917
1759 2521 894
6847 6089 349
5881 5001 386
1767 5634 307
1783 5548 773
2721 3481 822
1257 5289 410
2005 8886 114
8852 6993 701
8707 5903 982
1801 4178 322
2425 8405 294
756 3299 150
535 7835 676
1147 3172 469
7938 618 597
6141 1905 740
1139 8840 229
3956 4749 488
8646 7068 124
2600 2651 712
8768 9338 811
9503 2204 830
3815 1368 48
1715 8796 601
22 6155 80
5558 3063 650
7610 2175 687
6983 5959 330
2390 4647 99
7788 384 893
2773 1634 760
550 5638 341
1544 8437 474
4765 36 586
1480 7901 264
8809 4191 135
374 8040 105
2713 5973 376
8477 129 870
2488 8599 845
6889 5382 115
6686 4520 744
818 4534 426
58 6492 583
2435 3976 567
182 3985 287
9126 6512 314
4543 1118 899
1020 9443 469
9248 4622 676
4883 4224 181
5947 3854 997
4321 134 360
3090 1250 293
1260 141 709
5381 7689 204
7259 2100 382
5086 4803 662
6631 9972 766
496 263 431
1676 3075 479
7299 1094 891
2573 6541 964
1977 8992 481
9792 4629 507
2840 8154 568
2272 5727 141
9809 5631 107
1825 7334 655
2100 4898 894
6060 2199 362
7821 2170 609
8139 871 497
8304 7847 192
4465 6340 116
4140 3440 855
9666 2042 226
1600 5598 630
4416 8598 964
3304 9684 147
9552 8959 467
1151 3142 785
1764 6919 508
7663 2489 885
7204 2045 92
7226 2966 552
2372 6906 973
3811 5023 207
6584 5667 922
7664 100 50
8310 4370 849
1057 1037 895
9778 6113 631
9623 1913 627
358 9125 634
7230 1440 628
8302 178 254
7793 6403 83
7624 3250 266
1608 6740 719
8250 3484 847
4256 3819 445
5658 8656 629
2379 5856 344
7746 5547 480
9479 5801 949
1566 2729 764
8450 6215 861
2348 6874 781
3203 3028 493
3639 6421 492
8096 9628 918
6247 7267 161
3897 3887 432
5090 2331 615
9790 5942 643
432 6136 622
7873 2976 688
3254 8997 569
2631 1269 929
9702 785 490
4578 739 36
9552 3698 365
8482 4483 698
576 8392 3
63 9808 846
6472 162 857
6463 3711 100
8315 3795 548
5937 2120 76
2888 3453 336
9765 7110 468
1736 9266 232
7334 5622 475
271 6147 88
8811 7987 412
2133 1321 672
1659 4771 644
497 379 299
6100 2377 658
3659 2895 464
5029 2426 601
418 6453 593
6944 383 490
7912 215 742
4181 6879 48
5299 946 542
4176 1547 230
7934 3054 438
9837 1434 747
2732 8983 440
9817 7074 307
6685 4581 743
5741 4952 735
4667 1292 349
5788 7824 743
2701 6897 379
8930 6275 258
5052 4587 402
6644 6707 66
2206 6768 710
6048 3553 769
3593 9863 807
1345 7357 10
6355 7038 308
7262 6027 403
84 2090 210
3188 8762 19
9485 537 705
8755 3136 799
7043 2051 785
2779 8814 998
2148 2417 915
5968 8937 188
6635 2094 876
5759 8787 384
6956 5155 962
93 1358 722
4705 9333 2
3099 8738 765
8390 2407 435
1239 1321 588
6189 824 747
8463 2192 822
7668 8455 594
3529 2954 304
5376 3800 894
7494 9307 96
5697 9266 23
8153 6715 849
8488 1498 253
9859 438 470
2416 5282 387
1062 933 812
7137 6553 806
4914 7425 233
9861 4282 370
1584 8051 450
7375 5291 611
8398 3021 686
9121 883 235
1608 181 285
6090 1048 885
7374 5135 792
3890 104 182
5450 4377 453
7961 8136 700
8341 6322 735
3082 6480 61
2183 8549 124
8562 1836 234
3113 4130 65
9695 2315 687
5206 3992 728
4497 8175 866
6787 2086 496
5619 9776 674
7245 1409 329
3575 3950 395
6856 2670 283
1093 2725 767
4668 8288 339
5734 6917 377
550 622 336
6985 5328 482
6379 3709 205
8330 8139 222
5011 7211 113
7523 6365 962
84 3078 274
7146 8719 125
2449 5780 941
3194 7712 478
5218 9949 862
5471 6756 560
278 4738 418
5867 1277 721
683 5089 869
8324 1835 874
2539 4642 689
2667 6245 840
2396 6123 584
6768 3343 80
2273 1971 874
657 7091 137
9252 861 265
2320 6086 852
5356 5788 665
9107 183 710
355 6198 977
7496 2246 914
1402 976 993
9633 6850 155
1491 2057 414
8460 6565 423
6581 6549 231
4016 1634 389
6022 7776 66
9386 2548 78
4905 3169 625
2760 8240 964
1393 5323 802
3723 7806 334
4006 3926 160
6687 647 834
7049 7390 643
4890 6333 369
5081 4816 874
9815 2535 860
7725 8553 875
5444 2910 422
5160 1741 468
8310 3546 353
5140 5433 782
8321 7590 977
1836 925 864
373 630 137
7591 6176 190
2578 7603 513
2627 810 979
9532 4516 152
8785 9649 304
8316 2503 43
4629 5545 610
1276 4640 604
2181 9151 268
2132 5857 254
9862 5986 268
9981 2129 59
9248 5479 637
9931 6558 231
2142 5548 906
3738 5514 432
1921 1835 698
4156 2144 734
8548 4525 262
7417 5281 335
5957 4976 627
6996 7485 705
7953 818 626
1151 2206 336
406 9546 183
5297 6938 815
7060 4090 842
2052 6216 913
1750 2583 980
7935 6088 663
2865 1752 867
6083 7485 911
1592 2554 72
4751 1631 339
6639 3768 92
3894 4656 239
2624 6073 255
1849 1850 208
1536 5953 677
6895 3143 400
3612 762 365
1540 4371 719
2963 5805 103
5882 1780 235
6705 1145 277
8692 9183 833
3001 7317 20
7841 3379 294
1386 5261 362
2051 1020 574
2212 9281 712
3264 4244 966
3261 6092 630
8003 3994 559
2726 9214 831
43 2667 59
5872 8444 705
7652 1959 974
4215 4497 889
461 822 161
4956 2892 636
2193 3662 242
4088 3468 946
7010 6254 628
2095 7139 677
6575 5074 799
8856 8686 45
6487 8450 3
6120 3463 53
1321 7959 430
324 5568 900
7649 2831 544
5966 913 599
5894 5841 114
6339 7517 8
6620 1523 615
1505 8319 931
4573 5520 939
6962 771 191
3366 4915 654
5589 8314 467
2042 7884 550
3485 9000 519
6011 602 733
1675 8874 893
2609 189 756
270 4734 812
4802 8645 815
4577 1222 394
531 5709 570
6026 3178 1
2936 2669 919
9948 2593 485
6783 5680 418
4041 3345 22
1595 8964 558
4324 8210 279
4043 692 48
7558 1460 350
2746 2482 732
5985 4563 418
9058 4582 103
9000 6014 981
5611 3761 605
7204 7532 444
2033 3700 182
4495 2812 495
4398 3798 222
920 1457 198
6653 6745 365
3314 6461 643
8897 5555 25
873 9305 117
1480 3110 805
3207 2971 536
6435 7227 206
9141 2369 7
4612 6477 183
7427 1432 48
1261 1060 258
7522 1153 401
2983 83 724
5940 525 116
13 8563 876
1615 2669 456
5872 822 189
4461 5215 15
4725 7220 918
2975 6879 886
4169 6476 988
8914 3698 903
2629 2072 970
3090 3028 815
3102 478 147
6004 2707 713
2069 3876 629
1366 308 267
6749 3844 651
8126 8017 388
7013 7014 872
6381 5302 30
3118 9042 65
4543 429 919
1161 8618 253
8592 6611 454
9813 9539 932
2874 4050 398
1983 189 975
9460 3146 148
2454 8276 98
9773 6086 482
1699 4881 758
9018 9876 382
7848 6675 235
830 1570 945
6757 6818 209
701 553 292
2734 1080 926
8587 5630 469
3273 3288 29
4359 1556 241
530 4580 203
4211 577 840
10000 6813 53
8004 34 899
7828 6025 618
9584 9320 424
7526 3472 770
3035 4529 245
3394 793 698
1976 4100 358
5100 3850 101
1785 5510 500
2327 7443 52
1876 810 100
6102 9776 667
1712 9744 128
9209 1402 42
799 805 512
4632 1530 354
4431 8684 917
7518 7080 818
9922 9263 219
2077 2963 785
6691 1864 266
6223 8467 888
4383 449 815
3832 1714 581
1486 2893 857
2512 8990 827
3932 7702 392
7791 1783 153
5333 4551 360
4959 6850 494
4321 2983 376
3253 2264 109
2688 2134 678
3324 6605 866
8421 3315 761
8935 734 819
109 3850 289
3576 1531 715
6981 9438 86
2121 5723 237
5189 4187 798
4512 4755 713
806 2923 123
7186 7054 700
978 9975 986
8396 2629 392
1485 3677 901
4725 3098 981
7248 5680 729
7524 7698 497
8156 2555 60
5874 6050 221
5939 7189 180
226 3676 450
943 9778 831
3037 6265 751
1337 2784 439
6062 399 389
8438 5568 719
814 4137 659
529 2704 459
4774 9295 645
3541 6446 809
9145 8258 522
4331 1704 512
6013 915 614
2698 413 374
7999 660 744
1026 4760 279
9927 9969 773
894 4277 564
4373 16 401
7110 5418 471
81 7099 958
5567 4186 385
6019 9131 422
3214 5249 381
4358 4074 989
7948 7744 366
5439 9939 986
8029 5581 120
5904 8250 423
7330 8578 194
4715 4471 585
1011 5986 756
3003 9142 602
7206 5741 873
7933 7761 665
87 5306 607
3345 1700 11
9859 1618 548
4095 7975 324
659 5688 795
3857 7619 351
5750 5596 673
7270 7825 164
1520 959 882
5265 963 876
6871 127 69
7335 1677 152
7539 1042 599
6103 1412 233
6586 1810 632
3751 8385 199
3927 5278 948
4083 1139 603
9126 7502 449
8961 4271 315
252 5269 935
2335 3523 290
4933 2728 483
7246 5839 56
9359 3516 51
7961 1864 876
733 8204 48
7744 9209 805
1163 8456 899
1489 6936 776
4989 7466 900
3216 9457 898
4497 1988 888
1727 5365 621
6379 4806 669
3065 504 99
9747 4310 54
7111 8917 829
7180 8011 121
7284 5504 4
2534 5172 156
2319 2068 573
1365 7455 583
1542 4558 525
1944 2081 138
6784 9164 62
2050 7101 137
4983 1222 568
2783 749 15
6204 2387 993
420 9567 106
6053 8627 34
3 876 707
6895 5686 966
8463 1291 676
4521 1621 367
5214 1061 528
873 515 574
3156 1633 204
5016 8064 985
1731 8702 712
8107 3292 315
1227 8722 954
6413 6114 442
1020 8038 91
3217 1642 517
3220 4034 803
5140 4052 807
9592 6675 735
463 8287 974
4720 3137 848
7211 100 960
2580 3294 820
8591 7328 384
8107 6727 348
4437 2433 518
5384 8397 983
442 2385 285
3164 9855 241
8399 4888 933
9445 3567 575
3541 1363 840
2656 5333 235
9318 702 338
3693 2973 326
2558 4971 138
7986 5203 145
6169 5774 887
2034 9007 985
1992 9493 1000
3663 6249 640
8572 2260 565
1363 2589 803
1843 8600 852
5208 683 81
2348 3995 385
275 8951 446
9999 1322 825
1576 3072 829
6954 3300 682
8076 9255 531
5331 6679 363
4841 600 328
5138 3623 281
1027 7958 412
7369 8685 358
7761 7757 187
6283 6317 963
1245 5037 31
3805 5467 70
930 9950 414
8852 14 204
6610 9149 420
7830 4666 687
7778 3544 485
9998 4120 933
5856 8065 90
5941 9948 142
2535 3639 937
2229 9361 376
4883 2899 670
6076 9092 1000
7286 4300 330
2435 9838 697
9250 7116 53
2704 2949 162
4109 6399 178
9750 5332 302
2573 5600 539
6130 6815 737
4143 2870 93
1585 814 363
853 3049 644
2458 7510 859
1903 1895 343
4753 5120 704
9707 6548 195
9349 5860 910
6960 1387 158
6561 6811 260
1757 2649 376
4626 4193 336
396 9140 441
7873 5968 159
6670 2127 927
8216 6674 910
9234 1201 128
3010 394 858
1573 2719 566
3610 3343 297
6261 5950 341
4502 1110 546
4056 9192 718
9758 5689 254
7794 754 107
1542 9493 869
5129 2116 309
650 3355 774
225 6324 149
1875 1093 564
9617 3609 74
304 2767 46
9583 9246 97
1329 1517 594
2428 2962 241
8076 3892 471
2619 8693 526
9809 6839 523
4612 2895 713
9868 9117 985
9375 6712 939
3967 5170 289
9697 7482 852
1679 9581 683
8336 3815 650
8748 8087 756
1713 1884 359
5713 609 719
6441 6326 900
5260 7850 633
932 1872 826
1462 5886 836
1204 594 493
4227 2325 973
6778 6327 153
9846 1740 276
7690 4371 34
2812 9506 49
4816 4716 387
3273 9298 127
2668 1092 978
346 9287 792
5576 584 105
6931 9907 143
834 5199 275
4931 982 599
5080 1193 299
6673 3096 191
8820 1772 749
2426 2533 756
8662 7279 399
1668 7568 894
1878 2155 675
3644 5002 35
8385 5848 795
1998 1269 697
40 6081 681
3133 8746 517
7986 5949 332
7051 4704 151
318 736 696
5636 1011 114
1172 7756 447
882 4159 510
4525 6202 73
1637 1975 953
1666 1959 351
2252 7476 407
6518 4936 337
5150 8812 5
1903 3181 143
8117 6113 414
6743 437 729
4084 8353 171
1546 5048 578
1217 2275 254
9567 3057 752
3119 8835 170
1635 5543 457
2065 9324 458
226 4851 732
2019 4688 978
1704 1965 572
4902 5332 782
8382 1630 438
9953 2267 888
4453 2426 43
9173 8594 407
9756 1608 717
8285 753 521
8667 6601 351
2524 6038 849
3289 1735 574
1170 8442 565
9007 8202 436
9812 7211 984
2966 8814 73
8099 8835 574
9797 7425 273
1369 6443 594
4255 7719 166
1139 3163 753
6062 8607 402
6518 4370 43
4569 4273 473
3144 1004 837
8319 271 21
6852 1686 896
655 6172 51
3068 891 43
995 6644 395
3556 934 233
8909 3522 739
9141 67 789
3284 2897 905
1595 2610 393
3230 72 228
9237 814 649
613 1961 174
5054 588 832
242 6246 487
1524 6725 799
3858 8105 271
5374 6701 283
3747 8724 588
9180 9369 426
9995 9411 841
1686 1017 674
1162 6342 28
7814 9346 412
6414 8812 70
2387 9959 610
7916 89 370
2580 4503 110
4740 6617 955
836 1563 101
6154 7151 363
415 1455 790
2543 438 384
9395 1574 495
1545 6151 155
1170 7015 826
2609 5191 529
1474 1519 83
6526 785 345
8871 1395 812
7104 770 188
3945 147 534
7806 673 973
1521 6842 991
4584 9261 500
9743 442 897
5988 8786 335
5769 9708 713
592 2868 68
6248 395 525
1587 5517 883
5133 5367 9
7473 4878 215
959 1251 907
6094 6874 788
5046 2522 140
9220 3122 174
3444 961 66
485 6599 725
489 6057 370
4235 6740 403
1687 2117 660
3859 3799 95
3313 2658 983
4401 20 437
6277 7609 3
7349 2861 975
267 7725 303
9237 3016 244
9939 6063 633
924 7048 903
7426 138 929
6565 2729 567
8794 4765 77
9462 3185 760
3276 4439 760
167 269 299
9906 1045 53
5529 4356 77
6773 7025 110
8365 819 839
7666 3065 176
5441 3564 603
9243 3132 34
857 6468 309
1414 2207 763
5404 7602 743
9658 581 612
1774 7640 978
5618 4625 400
3683 6663 631
5097 4472 703
8617 5799 776
6247 1847 242
699 5280 445
389 3533 926
7166 6098 835
7876 1544 740
219 5491 353
2412 1431 898
1415 2017 963
8559 6478 418
4000 1823 845
1085 2031 811
1994 6830 610
7620 8296 568
7055 5616 374
1263 46 445
4474 8225 661
462 2214 426
2522 8260 145
351 4729 398
5297 2798 799
9556 9503 740
5446 1496 283
8174 7249 862
107 573 147
6789 646 771
3547 8662 598
7115 1707 549
1173 2264 385
791 7742 652
733 9651 256
3085 1516 379
2503 8987 613
7181 1803 580
3738 1140 965
5795 7273 389
6575 1575 355
6439 5675 320
5508 8722 519
1648 3357 139
8527 1383 543
3503 7139 959
5537 3103 915
8961 6011 386
7881 8648 163
6545 1422 772
5408 9767 63
4850 5222 175
2393 4738 105
1819 691 592
1278 442 747
7920 382 473
1971 9932 516
9253 5045 784
473 40 925
576 1885 27
5726 256 489
147 8560 675
5635 4831 369
2944 3890 856
4833 2714 259
2089 2114 927
3595 1490 391
348 5774 152
3820 8791 719
943 4423 629
3464 1722 750
981 269 930
825 1964 124
8854 1145 266
5607 2722 705
5693 6614 35
4964 1444 878
9193 1048 687
5975 2446 401
5766 8053 606
8408 207 500
1864 2597 132
6386 156 931
924 3879 253
428 1480 424
6481 4612 113
5693 8254 634
9264 279 23
8668 5958 678
3199 5571 941
898 9878 919
3238 6329 170
1532 341 832
7272 8261 666
1901 2755 615
8274 5556 300
8170 4549 281
8978 83 161
8502 9132 757
4767 2021 109
9346 6068 104
7782 4613 787
2718 1387 745
2992 1489 599
6743 296 390
2185 8572 392
8877 2523 769
4251 2202 696
6735 2592 834
1079 6435 323
9802 1589 366
6275 4565 983
4688 9980 12
4512 6358 382
5051 632 82
8357 7818 86
1786 186 377
6903 115 994
2015 6456 407
1462 9453 760
4292 4899 630
6313 272 210
5834 3785 354
6011 7755 876
187 6789 175
508 5596 385
9392 2027 209
7064 9401 832
759 9154 18
5561 8378 425
2117 7784 538
5133 6313 513
5327 1737 47
667 1435 438
2227 2525 438
1711 2029 2
848 1588 289
5368 5722 811
2412 342 262
707 3473 108
2088 819 779
5631 2925 731
4931 2445 492
3633 1763 749
4761 5655 444
7299 7785 858
741 3299 11
4166 3958 260
9596 6497 228
4872 4726 461
2685 1680 674
7194 8902 420
2979 7228 531
7084 1653 424
7592 7257 246
4116 8461 831
1060 5624 719
5991 2271 992
5813 8576 336
3339 4087 502
1873 6057 390
1654 431 320
912 3680 78
7759 899 270
2396 2319 564
1892 8113 647
6768 6009 325
5384 8330 773
2123 6232 542
7515 9836 306
2046 7721 663
3197 6132 197
8119 2180 47
347 2606 526
8857 6028 697
8279 9064 929
6363 4135 891
5976 9734 961
3224 1286 143
119 1571 766
3690 7812 513
7657 135 722
8654 7966 123
1973 9436 996
5793 7096 662
9710 2762 942
1060 2350 307
300 327 669
3438 2933 239
2577 9684 790
6754 4040 186
9491 5320 77
9409 4001 205
3409 4058 581
4559 6843 881
7101 7609 155
6193 9934 408
9243 337 462
7307 1815 750
6787 7264 31
8177 2139 292
9610 7002 421
7883 1693 381
3536 3770 765
9700 1099 16
6513 1725 5
6964 3532 518
1790 4619 105
8622 1541 337
2631 3909 227
7610 8743 598
9967 2281 468
8284 2668 969
3555 492 897
9834 6763 754
4143 2295 270
2422 640 725
4728 9959 565
6022 6608 640
985 5887 892
6083 5941 407
5682 1700 835
7393 9165 567
743 2003 653
2029 6482 856
9922 2082 473
1467 5553 914
5134 3398 656
5670 1229 833
1527 7953 146
7166 95 369
7065 9973 456
1850 9206 732
7278 6620 838
5993 5851 520
5525 2331 787
7782 2065 262
907 692 215
6989 3555 730
269 3620 582
3129 7672 886
7832 2557 719
1141 848 424
2839 1137 638
9834 2433 835
190 4110 857
186 4157 342
7647 222 819
553 3211 474
5618 148 85
7607 1367 583
1811 7263 646
3833 9167 471
1746 6343 864
8025 4870 833
2384 4545 813
1485 5141 390
9393 3409 628
7083 1882 75
7515 335 365
5859 9525 66
4111 507 876
6481 8410 613
5729 803 984
7374 5472 941
1853 5866 299
6722 2042 344
3875 2879 342
3863 2398 863
6864 5145 885
4555 3803 727
957 4460 225
8405 4313 995
5715 5704 102
6401 8263 829
3687 2 724
3643 5770 856
2370 8996 154
7093 3645 976
9262 3001 172
6499 6610 85
501 3544 661
5838 8987 94
4867 4462 250
7610 5500 112
5466 5796 365
1299 3946 574
5301 2089 631
7531 9138 208
198 4717 45
7288 3390 882
1883 5614 514
6799 2669 600
7853 8933 115
1578 654 995
4053 6673 575
1444 3730 655
5472 5227 380
846 369 812
3587 7135 456
9981 2249 637
440 2117 190
4870 7691 907
1158 7034 152
4362 5231 239
6128 2220 407
6404 3750 484
70 8629 278
5561 2479 510
7000 7320 93
7524 596 592
8596 8080 719
1804 1853 781
2135 3676 590
548 5620 598
6993 2613 896
3340 5124 281
2560 1941 505
3286 2131 536
3215 2515 42
1309 4080 61
8121 1535 252
5001 4198 624
9559 1546 511
147 8574 901
4632 2168 472
5603 6437 803
9978 9400 213
9382 5987 194
1520 8504 258
8947 7498 46
7804 867 24
4257 139 671
2554 2800 291
3798 4970 751
1007 2742 509
6144 7875 83
8023 1521 731
5672 2788 455
9836 9121 28
1978 9657 247
6470 944 890
3565 3320 366
8088 2716 806
6636 6403 746
689 4617 159
7536 138 447
8708 1963 184
5799 6590 666
2542 816 669
6874 8728 701
8213 743 935
893 9256 821
818 4399 914
9110 9448 444
1078 28 404
9799 1824 936
2888 2235 306
9588 7237 405
3210 7839 906
1738 700 231
9715 2809 172
7579 5580 628
4423 497 582
2587 1883 254
8544 6385 564
6788 8338 283
3472 6185 463
287 6141 342
529 8033 1
7460 1881 500
1747 1470 342
5367 2768 555
4197 8661 512
5194 9235 554
3010 4596 104
3626 2477 444
972 3748 561
4106 742 152
6981 9576 122
4773 8514 460
5946 6462 688
2840 4289 134
6912 9358 756
6817 8705 16
3354 9924 223
7 9773 952
1729 3610 881
1267 5994 178
3781 1928 426
4147 1944 712
4589 2350 686
5993 2773 93
7187 3030 732
9261 559 767
5020 7571 610
4178 1666 945
5841 5154 600
7176 9594 607
7122 9002 973
3022 8676 416
4644 5027 978
9297 4092 844
6544 5252 996
3207 107 888
158 655 608
9202 3164 259
4235 3984 4
5104 434 996
5199 9000 51
762 3886 922
3531 8709 126
1660 7881 54
8798 3239 147
1543 2934 674
4295 3519 674
3778 148 991
8199 8040 506
6821 9598 682
7711 7198 39
2303 5796 66
5031 2661 88
6090 6853 182
5019 9261 609
3787 9093 460
8470 2902 607
786 2170 134
5922 8752 692
1551 3736 40
133 2153 904
648 6250 835
6125 1569 489
278 7809 897
1545 1854 22
1910 5207 567
1421 3468 639
1828 7267 672
9816 7878 809
8574 106 58
5467 6040 460
2020 923 408
7457 1612 486
585 7051 662
991 9432 948
2870 1739 880
3680 9043 309
9535 1727 243
947 6051 953
631 521 977
2466 6449 156
7415 9905 99
4441 3584 612
2274 1543 776
2614 2779 531
3505 7364 349
1003 3637 524
919 228 364
5510 3939 71
4913 103 867
1602 3056 820
3307 708 803
5365 9055 267
8014 2154 926
1945 7463 18
6607 7851 658
7049 107 324
299 337 748
2786 3165 93
8100 976 603
6890 1601 196
341 6935 912
6009 8501 447
559 2735 507
4780 3367 786
1550 3206 434
9513 9707 588
8121 7199 339
4202 7625 887
1880 9604 71
7516 9584 346
5930 1511 94
676 1704 165
1157 1632 595
2087 5142 745
5557 843 524
6298 5858 675
7902 1820 294
6341 4813 997
8423 4267 958
2122 8195 692
1442 8909 957
9587 4620 626
3052 9726 539
2039 7228 858
7969 1330 617
4412 67 824
1793 4027 530
1610 226 909
968 2850 860
9031 4815 592
9440 8025 879
4430 3866 64
2191 7930 18
2462 9534 197
8297 2183 538
535 2130 702
8673 4645 695
160 9846 846
446 2510 334
9459 2435 345
5371 2909 935
4713 9953 859
5153 183 47
1987 2597 587
6152 5041 722
4496 2138 223
2609 9671 727
6876 1330 194
379 439 641
8738 861 693
8721 210 50
2298 3807 942
605 5861 627
14 2699 686
7706 9071 751
6148 2200 132
1561 2442 724
3425 5965 427
9780 1848 625
326 3195 400
854 1603 304
2227 8475 702
6576 806 902
8203 8103 926
4165 2011 195
7025 1580 966
5274 955 567
6570 6309 122
1243 1922 900
3212 816 234
3420 3216 737
2338 9383 826
8079 8162 155
7155 4491 61
6245 9424 659
7433 2303 849
9239 8654 496
1965 7188 236
7195 1300 536
626 9395 669
2687 3612 325
426 3054 997
1166 3505 494
1902 2223 51
9675 2021 262
3306 1670 681
3039 7087 447
4708 4730 458
2191 4331 71
7246 477 907
4207 4971 480
1236 541 718
9468 2010 174
894 2088 241
780 9008 111
3305 1905 742
1422 8274 498
3035 5814 570
5689 6562 545
8300 4856 464
8979 3844 667
934 401 137
6701 460 461
2289 5774 923
1501 8219 131
1217 2040 777
3006 1962 642
989 9008 669
8762 2013 92
6773 794 850
862 137 143
7621 572 207
6163 3603 828
2004 2471 315
4806 7118 340
4205 7131 158
1891 6710 174
800 1027 929
7057 7717 140
1296 6972 419
1146 7707 866
1435 428 600
2876 1804 981
8715 9874 918
3987 512 262
1073 5950 55
2172 687 379
7551 8096 687
9778 2151 830
5587 2148 777
671 1893 313
6855 34 741
5873 3010 234
2038 4273 345
487 986 617
8711 5839 747
3947 1649 270
7180 7406 86
7236 3583 829
1271 1438 904
4570 8456 615
417 5814 72
1233 7887 941
4494 1686 590
7261 84 476
6905 624 849
8385 2164 683
2657 9370 693
6462 3040 138
1352 2620 696
9386 7738 77
7742 5236 584
2067 7923 788
7154 4145 98
513 4434 371
85 9344 889
8626 1805 218
9716 5478 10
3111 9498 385
2551 891 154
6329 7554 408
914 1998 451
1044 9051 62
9698 1885 572
7421 278 842
4451 5993 292
2755 8835 821
332 9044 323
7155 8890 830
9851 9672 859
2126 981 635
1534 4402 937
9710 4038 865
8072 224 13
6475 1854 57
595 7113 282
328 135 838
5856 6066 590
2038 7273 44
9810 9254 689
2402 5148 556
1961 3417 348
7424 6757 242
1368 8299 969
9248 7740 366
3928 8693 553
1543 9702 775
7305 4880 46
6337 4378 224
222 1207 769
7575 9162 777
3704 1436 982
4364 1963 224
8080 5517 176
1792 7661 568
6 4831 171
5088 295 891
2550 1472 584
329 6415 425
6904 707 122
2445 5023 377
2407 1115 762
7798 2836 364
6908 3252 521
1502 4143 802
6899 4350 731
5301 4941 659
1838 4765 500
2057 2709 98
722 3316 17
2830 4757 293
8390 8709 241
6394 5424 290
1611 1040 431
6347 7215 124
6052 1865 37
1035 92 440
5815 9871 373
4550 2591 675
6975 1258 943
6040 4973 554
3512 8793 939
1778 6230 403
7435 569 996
9522 1339 582
3444 1592 96
4827 5490 263
57 1 50
1841 5965 941
9927 6206 935
7809 1733 286
3667 8613 369
3487 2537 488
856 3825 946
6834 1509 440
5464 6652 7
1538 2411 314
3274 1946 617
2503 2885 348
9621 1178 676
1498 6932 680
6198 2862 404
3057 3378 889
5766 1904 581
7691 7285 133
1271 7163 127
2949 4384 178
6700 5797 237
1964 9789 858
8007 2215 454
581 8374 438
7567 1029 729
928 4127 710
1417 9013 306
784 87 920
2886 3291 467
9795 7976 98
4503 616 380
1757 7827 700
2308 2907 322
2153 6752 247
9389 6348 231
339 7326 763
2421 3010 736
4611 8558 587
1269 7553 355
3211 4112 176
4378 3809 812
9075 738 752
20 811 775
3417 8717 763
1906 2583 153
8354 6573 391
7045 5000 278
3639 3877 941
6714 4622 471
3215 7940 805
5589 9650 30
1797 9135 364
6471 9656 232
617 3509 852
5760 1765 789
2078 3234 17
3265 59 86
2928 7865 357
7754 4993 989
5739 8485 951
1298 9834 116
8296 1579 931
1584 1715 914
1117 8103 782
3855 4069 467
3695 2072 994
2960 5937 770
4678 2401 417
455 2 342
2497 7624 873
855 1860 956
601 1436 931
6538 7245 415
408 7580 630
1946 6634 181
3922 9374 280
7676 2141 563
1913 41 512
855 459 727
5192 6217 915
7882 425 37
9692 5620 186
3965 411 603
5234 5173 915
2316 9931 599
1772 3646 126
7161 3298 320
1175 2572 19
7357 7522 598
9936 8770 854
2786 4984 52
7258 9239 321
6631 6285 878
488 4797 554
9544 2755 683
1140 7272 534
3667 86 260
1179 6205 527
1881 3061 951
9827 5159 78
8847 6461 291
3407 1678 860
1349 6737 975
6835 6257 26
8400 2790 201
6106 6881 850
2003 2990 683
444 3551 476
8635 9941 916
6584 3150 708
3587 1470 559
796 6803 394
8863 6183 239
4285 6812 619
3941 2016 717
4453 9033 262
2213 36 666
1485 8927 463
3130 3093 321
6937 3771 636
7771 5907 608
4121 449 955
5994 5119 431
340 229 428
9406 3966 442
5259 3844 751
7142 3104 160
5914 9963 330
886 871 309
5285 3383 651
8304 2000 886
8098 7704 316
9702 2346 601
7031 4536 906
5624 1984 195
4979 5033 60
2132 4053 82
9935 6377 317
6200 8575 73
1021 3849 734
5815 228 506
7430 9126 112
8497 7306 142
2154 8494 314
5583 9313 638
1191 9030 610
3352 2152 190
1190 2852 341
9625 7548 975
4770 1023 264
5724 3398 550
8124 664 948
2611 5478 133
3617 2000 642
3306 3888 239
7762 472 339
5629 5587 640
8314 3418 850
435 3632 72
3063 2794 204
2065 8576 360
8198 1631 337
4668 1083 790
651 9435 971
6149 2851 573
2640 189 844
1079 601 120
6719 6201 57
1775 3490 801
1634 2061 790
5920 1669 15
3166 163 870
1272 9717 773
3563 295 247
7211 4902 868
3435 6128 268
9684 543 321
580 809 589
940 860 405
4957 6061 360
4576 2506 521
7925 6248 633
8759 3502 561
2119 763 388
7390 2579 949
835 9078 524
5401 2130 690
2844 9048 387
5101 9093 823
476 7317 491
3847 8413 706
3298 6061 4
5629 2505 682
837 2763 248
1558 2061 521
886 889 313
5106 2862 658
7395 4503 122
1787 7093 583
3440 7420 625
6007 1332 239
744 9251 31
2836 5673 581
6007 7990 972
2549 2047 910
288 4699 872
1415 8234 153
2967 3761 663
1908 3913 50
1355 7244 917
1897 3299 458
1345 1997 728
5346 1880 742
669 2785 290
4418 356 929
7076 9099 275
6722 1329 967
1380 5595 441
6640 1341 713
2218 2332 182
1415 1052 256
457 6751 857
1865 5791 608
2565 2043 1000
177 1434 918
90 9620 671
7077 6271 878
6586 4361 656
6215 8659 54
5271 3517 964
8043 4699 670
8990 2792 29
917 1125 803
11 452 422
6764 4642 484
6448 5658 865
8217 2249 556
6956 9481 594
1165 2782 901
1542 9130 331
3177 1239 342
6693 3385 882
8936 2517 85
2027 2987 356
6775 1260 63
5075 6226 266
3254 3488 485
7001 4385 281
5400 7466 163
670 9255 625
5062 2602 340
5827 7837 762
6417 496 186
6554 7567 214
9042 2844 577
3734 9469 282
3412 5755 306
2654 531 663
7474 2936 766
7776 6051 280
8442 3452 641
3668 5143 673
9584 5396 958
3072 2869 116
2770 4187 806
3682 265 812
9503 2216 610
4704 7094 644
6169 588 569
6343 9192 798
3814 9995 345
4112 1955 153
9050 3184 623
2969 9143 235
5681 8378 126
3684 800 661
3655 4239 123
8333 2339 603
3114 5626 87
5599 1780 431
5625 6196 578
9016 482 772
8996 2112 244
4161 5907 210
213 616 846
486 3021 832
1065 8158 204
1070 6283 593
8752 867 614
2888 382 904
3749 864 263
560 2225 967
6245 144 516
2338 4701 98
674 5430 351
3392 2956 622
9700 3455 319
4741 8776 209
4837 9924 184
4304 3523 70
7022 5952 18
810 5794 948
2313 7288 203
7020 1171 200
6958 8189 77
6367 1614 354
4971 4171 366
6306 8964 26
2875 5801 707
2758 1532 187
7447 5467 150
9038 5661 404
4235 1576 156
2075 1796 969
4913 1191 271
1018 9717 571
6698 1534 380
789 3776 64
918 9052 643
4069 2412 262
5948 5483 515
2192 9551 234
6117 2287 322
1586 1977 7
639 4102 527
6154 7687 632
1176 4252 474
1812 2037 868
1717 4105 551
7677 2635 317
2999 8877 143
6552 4536 246
2416 9693 657
603 5886 820
7983 1885 220
4611 2163 592
7279 8007 24
735 4454 845
1631 2767 459
5965 9374 643
4041 7858 422
243 549 451
2532 8746 578
2110 2387 464
9944 3741 600
3166 1205 1
1270 1816 911
3511 9739 167
792 8600 683
3888 2370 109
9955 8815 229
851 8696 504
7696 7163 977
703 7740 725
1242 6254 839
3582 4467 887
5360 6551 665
9571 5934 976
3787 8347 277
4357 8311 829
9003 2928 774
2945 8440 1000
7901 8075 293
1600 5326 940
551 2858 758
5557 708 430
3904 1443 165
9853 3994 873
2260 4931 614
4194 7880 709
6933 4927 6
9279 6759 600
3322 4785 485
3342 151 371
7482 9936 299
4838 7535 764
1638 605 751
2649 2205 580
5739 10 290
6528 7582 749
8438 3023 99
1325 1514 641
9590 7774 162
4767 728 655
5796 8475 567
4524 7375 608
5005 6932 582
7051 7224 136
3471 1179 442
4934 6984 149
6802 7405 202
6747 6427 65
1920 1726 859
5273 7657 817
8206 4407 852
144 1148 424
7884 5121 737
8925 1676 177
2595 657 364
8178 6017 172
8789 4572 834
1903 4826 874
8596 3761 943
638 8678 562
5142 2352 632
6958 9128 234
7009 6708 265
1408 4825 39
8383 7854 744
6852 3156 114
5207 2453 714
1036 7686 646
6606 8475 421
4231 5792 946
1303 6689 362
562 7780 404
7760 8066 918
6799 4671 45
2502 9145 424
3043 3376 481
6294 4138 52
5241 254 942
1350 2617 479
1630 3016 793
9931 5609 510
5357 1701 257
9027 7112 907
7887 7323 11
6357 4152 760
8013 9310 239
2801 4655 99
9178 8495 504
3930 8617 498
6687 4789 500
6324 7503 151
6052 2756 856
4950 3253 46
3883 1985 106
8656 1006 988
162 1032 449
2810 26 620
3608 9602 939
242 3714 589
1317 1786 849
519 5555 425
7155 9964 89
479 3360 542
5444 3875 325
7436 2362 29
1105 9636 354
9740 4534 715
4220 578 690
636 2971 900
310 7032 994
5854 6679 830
8582 1159 811
2676 5770 33
8166 8548 736
1924 5014 489
9383 306 444
12 3480 214
780 9842 566
2705 8374 513
9372 5374 238
9387 6529 255
8409 2753 370
6270 6737 380
3767 520 386
9216 5417 591
6494 7867 665
32 9046 468
1909 8309 739
6031 2199 411
2252 3648 14
6166 5176 269
2193 2755 622
1961 4561 566
1467 663 214
4262 4324 668
5245 6718 581
8848 1097 733
825 534 552
3016 8162 145
5487 390 499
2633 9384 613
5077 4319 490
2643 1023 534
1338 5919 42
1666 1177 257
1867 7198 598
7672 7594 736
2494 3850 507
2839 1865 393
3074 5840 190
9484 9949 933
2210 883 93
8736 8317 584
5669 7495 197
3802 2701 24
880 5259 489
8206 2627 652
5054 556 368
7112 245 730
1616 6327 236
8262 2765 52
2552 8420 68
4744 8879 209
6265 3528 502
5436 7179 285
1958 4695 241
931 4852 269
1029 3228 985
3428 5624 157
7007 1116 118
2306 1909 344
7828 6134 613
1141 311 29
2364 5449 622
8573 8586 895
1635 3273 291
8591 4110 689
8901 2139 347
9031 9451 191
5629 75 185
8160 4994 881
7560 49 457
6985 9020 249
6370 168 677
5729 69 333
5803 8813 693
735 6221 186
2262 8629 772
4903 3901 525
2179 1246 679
8705 2754 52
1181 1206 692
7127 7894 311
6853 840 453
1427 1984 41
4981 7106 223
2009 7562 5
4700 741 402
8831 6184 361
788 9542 707
4480 3999 566
3275 10000 158
1265 5544 50
5538 7799 239
4345 4081 668
117 6704 430
1635 5504 472
1529 6717 720
7010 161 591
3211 4419 718
2442 4769 342
4972 8396 501
2014 9949 640
7557 5387 22
3585 6732 676
3621 4821 254
8759 8417 648
7652 301 890
870 3241 537
8867 7885 811
4386 2413 489
8374 5767 446
914 6229 811
9426 9980 211
7658 9832 254
7930 546 681
6413 8466 573
332 2089 795
6534 4022 295
4726 4890 240
1905 3833 753
3905 5476 498
5484 8661 520
3686 2986 470
8301 3954 942
3459 7140 626
8683 1486 803
8632 3467 34
4350 4951 851
6612 658 608
659 8233 363
1941 6110 73
6329 5620 13
5554 6598 911
9768 6272 147
8738 1111 548
3260 7428 846
3731 1185 369
3624 536 39
3255 1037 356
1686 7591 695
2189 7579 455
7225 8269 273
3726 4593 756
980 7367 568
4873 9967 250
6759 4141 78
2831 9276 264
3582 5725 181
2088 8212 426
9356 4567 243
1115 3404 380
6930 2046 507
2229 1133 534
4561 7060 714
6567 2432 551
5503 7147 804
9741 7043 453
3316 1941 386
3323 4065 25
3141 8841 639
8331 1489 356
7915 7775 702
6507 4772 466
5563 1965 204
185 5296 679
2280 436 333
1893 6654 548
2817 5260 255
627 9285 989
765 2452 314
4460 6663 515
5416 5457 683
4269 3401 751
9475 1267 821
1747 8371 547
6207 527 977
200 9399 616
1510 1387 514
7341 8716 337
1567 3513 721
8863 4203 363
1843 1364 384
6371 8884 686
3513 3807 481
4536 9225 808
1701 5490 373
6215 4491 57
9711 252 595
3081 460 672
2268 7328 352
7496 8700 148
6193 2285 236
600 2049 714
1792 8779 440
7062 4525 418
1465 3347 555
7751 5171 270
4197 305 339
168 4390 78
7433 4812 119
5167 8360 202
2495 5195 418
3547 8306 22
5203 8142 861
3227 1100 787
9288 8136 292
2766 9620 297
6730 4341 416
7783 8493 542
6399 6523 191
5979 7116 502
7144 6703 153
4282 5463 590
9156 3510 934
9815 9643 638
1327 3605 553
994 5521 735
7074 2488 88
8429 803 108
8676 7980 917
5487 3176 971
9516 1989 86
1271 4979 387
5593 204 530
1489 9931 325
9947 4549 704
5261 513 72
106 4431 882
2149 5271 651
1191 1743 992
131 265 738
9579 7709 214
5133 2403 449
6836 5878 590
9837 8118 926
8944 2071 69
4959 6495 619
7536 6995 294
2230 8270 263
5517 4482 51
6928 1145 74
5018 1204 272
2001 6515 981
7376 9750 77
3585 1920 523
4709 2565 863
8654 5864 724
1180 4663 93
4234 3933 547
8254 974 284
3281 4032 216
2135 8467 777
2278 9343 7
5594 6125 187
8190 2382 270
726 7948 738
1535 870 178
7444 4468 455
8729 3369 38
8471 5000 873
8891 4707 759
1654 6469 98
9628 5934 207
7328 8774 572
5238 782 521
8150 9389 440
5850 7578 203
983 6019 482
8672 1000 40
6115 1198 420
6243 1656 781
3905 4285 844
1097 3234 150
1136 4240 283
167 1673 999
239 4998 806
4252 1869 923
5712 4249 584
7984 9602 47
1175 6173 564
6586 3124 365
4691 6108 216
1275 6171 820
1807 3897 823
6552 7640 243
9296 7936 704
1383 3333 709
9343 2375 794
2666 8123 155
9524 2930 788
6592 7515 618
8296 5494 857
8496 8191 337
1610 8669 449
9933 4924 943
4351 7104 482
7122 5920 866
971 6695 869
1144 8120 525
2111 3882 455
9656 4399 345
6249 5487 710
7725 8986 266
3294 4126 10
3452 9857 826
8695 9445 816
6742 3910 403
2927 5448 218
2611 3671 445
7627 5674 964
2486 8627 185
2248 4368 613
1768 8207 660
6007 1897 509
2724 9162 825
325 2647 343
7483 7884 807
437 4246 669
9097 2128 319
3725 7381 427
9274 5858 487
529 3173 560
9484 1168 741
7764 401 568
7566 500 25
8731 2221 750
7437 8173 712
1617 7761 790
9352 5618 517
7245 9310 151
5713 7735 28
5105 212 745
973 1005 567
9114 7071 651
253 9644 376
5147 350 789
6847 2557 508
5209 8412 64
3958 8338 275
4614 915 138
5533 4054 785
9712 1952 81
1959 4274 96
6472 1447 986
429 742 560
932 7359 547
5603 4279 295
5072 7140 33
328 9954 868
2624 4342 561
7469 7703 102
7288 61 389
7142 5762 758
7749 8982 530
1237 801 567
8739 7634 919
475 2010 807
8321 2398 689
8117 8488 595
1230 83 833
2962 7963 625
787 4824 622
9356 5439 703
9188 6378 985
9000 6266 240
2446 1782 948
2522 7654 381
9297 6340 676
8299 2095 726
9436 4349 819
5549 2789 317
8156 6336 799
435 9809 143
9478 6818 999
6859 6359 981
447 5578 914
5681 1504 10
1137 3124 617
464 5512 222
9881 457 998
2583 9331 328
7723 1673 308
4985 9170 64
9047 3479 457
1751 435 441
4806 9149 523
8257 3908 416
7838 4688 695
448 8696 332
5637 4168 169
8604 1621 984
5357 9374 508
7606 9187 998
5589 8606 986
2306 1272 7
33 4403 215
3424 5693 639
5005 3452 288
45 1680 562
5640 5912 497
8983 1214 128
3706 5472 936
1221 1655 699
8394 4533 535
5277 7792 920
5461 6473 463
4458 3802 655
6373 1970 421
4796 485 376
166 2065 839
1060 8951 758
5032 796 980
592 1558 830
8621 2152 823
2487 4745 62
2547 507 197
8278 1694 127
8270 6850 426
1850 9011 536
893 6947 318
8485 3831 519
2493 2194 79
2346 2428 814
6230 2440 197
5405 276 260
7515 6568 9
1833 6299 860
5295 3128 883
4479 398 1
6576 4536 808
1756 5027 47
2439 4386 27
2541 803 248
3289 6077 104
485 352 515
3847 3452 860
6867 5996 556
2756 1277 665
2685 163 176
7584 6261 19
1973 6894 77
1739 8670 863
9878 7867 286
2788 1479 364
1242 548 979
9230 313 234
1471 8356 192
9699 4450 667
3288 571 528
2115 7500 729
360 5653 102
1879 2148 390
8898 4590 560
8962 8069 450
8983 5941 567
4450 4827 78
8175 1428 156
2605 3469 294
8411 9838 574
9079 7583 846
5707 8791 840
5197 7188 92
8946 3941 739
5254 4123 138
6771 2038 976
8099 3771 611
517 5320 789
556 3389 692
9789 9709 689
6413 5750 84
1819 6410 214
9179 6670 780
1109 9155 950
8680 9666 6
910 395 583
1862 2642 175
4734 277 425
7254 3156 580
248 3036 165
8016 5651 713
1352 81 940
2191 5364 517
3633 4402 219
7829 3146 614
3774 9910 312
6141 4778 835
2204 1832 33
3449 815 349
6355 3755 853
8771 9079 39
9552 2234 621
1936 6850 62
1198 7646 171
5470 6022 939
5252 3775 856
8014 7914 655
9170 4238 552
9919 1171 575
5534 8488 707
5473 9758 593
9170 9818 233
807 2412 808
4493 3687 450
4620 6306 800
7492 2139 189
6757 3399 583
4116 4625 353
4645 612 379
1813 7552 551
5884 7379 422
554 6455 470
5073 422 977
125 9689 548
8985 2482 944
7487 4081 455
3919 685 637
6819 7095 206
6148 7767 234
816 4413 85
9490 8954 236
2851 5890 568
1333 2012 509
5967 7623 936
1939 665 437
1118 2107 442
4713 1511 365
9436 58 924
4711 5592 728
1394 7011 334
709 2509 719
5719 8342 147
1997 3097 762
3451 44 67
1338 9638 215
3994 2242 644
5740 859 663
8874 7167 105
3610 5987 576
9265 5204 996
3818 8533 50
9300 2014 174
4875 1068 231
3709 6462 908
4047 1043 818
2494 5307 424
5929 4206 530
6473 2844 234
7308 7861 517
3975 9048 875
7665 9413 94
9820 5404 603
8902 998 986
3029 7377 940
5787 8661 335
9872 1166 153
2536 1114 745
6180 9079 678
6808 4894 371
8145 7420 248
4936 188 998
4795 8111 572
2604 7025 57
5528 1627 687
1049 1829 39
9920 9706 576
1662 5501 358
426 5267 100
1666 9216 514
9935 7542 595
4287 6863 265
3788 7804 72
204 4669 666
9030 1670 917
2232 4776 1000
3386 8314 589
8178 9603 924
1044 9294 990
2791 9200 90
2184 8794 748
1604 123 877
35 1506 685
9322 9019 79
5495 6702 83
6381 2970 334
8114 2511 425
6733 8730 445
4987 9045 526
4694 5407 940
2103 6601 334
6657 3269 869
7611 3439 212
1114 6238 665
7653 4503 633
1310 7271 742
2618 1648 293
7228 8427 439
8105 957 646
3692 3305 512
4549 5058 434
7126 6233 751
9515 5785 209
1244 3235 995
2158 6353 604
6612 7940 117
1682 4593 372
6988 447 865
3912 3602 633
9073 5854 238
9751 1530 256
5051 6672 809
6643 9363 44
9632 8039 589
3103 268 278
9081 7283 71
4777 6537 492
6686 2399 114
4562 9269 135
6179 2467 137
3769 2934 544
5830 5872 76
1761 5546 602
7422 6194 754
4723 329 280
8501 5318 418
2407 678 470
8242 4646 221
1684 1659 630
8815 4322 620
3614 3245 135
8666 2210 163
2244 4088 805
6914 6575 799
8917 8096 853
6041 1158 478
7582 8571 10
2298 4083 930
2943 1686 635
6431 2489 481
1967 2397 546
5637 9354 730
9519 7272 653
4525 9141 935
6146 7471 636
6200 63 861
3522 3967 261
5925 2899 395
9722 6086 184
177 7244 109
2989 7610 535
6310 6200 305
7409 1063 854
2575 2723 155
1960 2386 714
6054 159 907
5952 2180 155
5184 6669 735
3962 9266 921
6689 2791 311
622 7014 825
8842 4994 109
5366 9921 171
545 3840 479
6206 9467 454
4187 8105 875
8070 5426 319
3183 1698 25
9236 434 400
1269 9490 40
2886 3918 3
4409 9470 417
3816 3877 838
7909 2865 623
6484 4832 198
8741 2440 315
5725 9830 730
9795 2541 309
6021 2370 979
1558 3188 365
4739 1166 517
7279 2505 663
3707 1175 208
1180 4032 605
8603 2690 266
2474 226 48
9429 8120 871
529 1346 120
2890 6023 159
4851 9338 122
1382 4883 949
113 4194 123
1601 8552 400
6788 6579 378
5595 8865 849
4313 2282 149
5323 5717 397
4940 7423 681
2134 9639 982
1812 301 476
7800 8942 815
5678 135 25
1055 6160 579
3027 9653 224
1913 1857 799
458 3418 165
2637 7897 25
4331 177 861
1917 4177 927
8122 3096 957
337 2542 47
2547 5166 741
2123 2231 932
9552 7455 144
1187 8355 90
2254 6148 134
8783 5326 50
3359 1604 35
368 4885 241
1543 1796 704
7785 7994 618
1255 2805 337
7891 1362 863
6619 1887 906
2756 8136 33
1349 7566 772
4307 9094 1
4283 4714 773
5300 9228 194
7995 2634 715
429 7353 106
8482 9120 577
8227 2119 991
5196 5420 100
3074 7813 667
2643 5463 439
9997 328 331
1755 4014 932
7971 7676 392
5335 7576 855
9993 9270 522
868 8312 5
9516 4378 49
9878 5545 731
3754 4379 412
3083 9028 176
9598 1223 774
8405 3276 979
8118 275 871
3973 4130 804
2593 7648 30
4655 7084 883
2470 4404 941
9284 9127 934
9177 1751 633
3415 9446 203
3727 1424 869
7670 8794 505
7591 4152 731
253 1846 166
9728 9338 21
9472 6113 32
9202 1629 307
8847 1923 597
1436 4550 55
5944 6024 657
647 3877 308
179 6253 741
5225 5156 115
2033 6387 685
1102 6289 675
3202 9332 406
1193 2126 741
1402 4358 221
9919 3375 73
9398 2428 526
2169 5648 487
2329 1202 176
7268 3834 667
375 9456 902
5512 1560 625
2276 2963 147
3391 4210 648
8147 8644 866
8360 6207 847
5585 5255 487
5087 8313 42
653 3758 391
5659 6791 748
111 1760 506
2078 8718 112
7513 247 361
1783 4486 293
9396 668 871
1631 1982 89
1509 3022 947
1548 6305 369
7721 1588 728
6021 4951 813
8041 3836 867
7111 2380 142
2659 9315 46
342 3374 369
1250 8991 925
3798 3554 270
5076 6985 622
1217 7861 176
9675 9152 766
2255 3184 995
1809 6689 582
2221 3926 833
1854 6503 652
4139 8071 832
8213 1151 568
7204 2435 774
8555 370 309
3064 1762 834
711 7949 598
5166 6993 762
5894 7793 982
5663 7477 902
5015 4774 807
4946 4769 951
677 8948 141
8066 519 740
5087 3380 106
586 9905 541
9706 40 329
8025 5714 147
5080 5799 449
1990 1700 462
2431 4191 160
286 9912 182
602 2006 592
6467 9486 322
8512 6175 953
2055 5384 654
6457 5370 22
8092 1763 453
3070 7678 540
4020 1538 90
4412 9704 323
2177 1216 689
97 2315 655
3145 8647 476
5408 1326 675
7942 1322 56
8973 7551 851
3773 8533 244
2509 9937 354
351 2950 354
5800 9525 15
5123 3906 258
2407 9574 81
2217 5417 96
5387 1143 435
1992 3463 704
6696 5600 792
3100 3345 175
1320 8379 47
2461 7663 374
6252 233 436
1888 387 40
571 4685 253
4503 3072 81
7358 707 459
1644 4391 502
4821 5517 333
3413 474 669
1025 8271 486
9606 6306 201
2965 2427 688
7056 9902 234
322 431 655
711 4642 538
3607 866 863
3177 8688 468
9468 4009 484
1134 1631 415
754 7939 813
7263 9696 431
4428 2684 171
9575 8865 961
7213 3011 898
8623 5830 674
1527 7480 174
2156 1069 827
2 9718 922
7633 1213 2
2744 9112 545
3133 9460 549
6102 2285 6
9024 5298 890
1454 4354 105
5131 7341 66
711 685 458
1864 7356 1000
5558 4866 808
2203 2610 534
1255 7729 271
7894 7166 19
1782 9570 647
7064 3849 987
3769 4754 729
1612 7644 667
858 558 555
4936 6820 500
4458 5605 596
852 9082 881
2450 2071 187
84 8027 738
9042 6214 498
966 7532 57
2747 1925 953
7633 25 615
4379 5619 641
7788 1257 932
829 2162 344
1875 7733 465
4977 1722 731
8645 6305 65
9046 5508 773
4340 9090 417
9516 1015 174
7848 2785 998
4582 9979 121
1681 26 564
9354 6184 302
2364 7365 643
5131 971 53
2470 6806 89
5232 4067 39
3188 366 336
8173 8267 311
5082 6817 579
914 170 632
3055 8772 711
4636 510 557
7820 5117 120
7665 7132 4
9824 4509 251
5625 6272 313
1407 5238 882
4469 1215 659
203 4495 635
9347 9365 628
1780 7543 469
3420 2492 777
209 6451 745
756 7950 181
1798 1482 762
722 3899 206
3805 4219 103
7019 6813 372
4539 596 810
3362 9904 118
2271 8086 700
1515 1275 482
2041 3200 527
6796 7638 762
5576 5105 258
7140 8711 404
5398 9932 263
1575 9098 510
6790 8768 411
3329 8480 464
7124 7697 785
857 6650 348
9106 6398 228
5874 4982 223
2027 582 524
2884 1055 306
4183 6210 738
9482 2493 868
2265 8055 509
4228 4247 32
1573 7682 916
3404 5443 684
3431 7907 258
7863 392 749
2215 7004 753
2658 8756 527
125 6756 44
4204 2689 906
2544 6771 634
3679 9322 30
4008 3250 953
2384 7602 471
8204 4648 618
118 3066 597
2794 4458 449
4357 2895 565
4502 2761 172
9946 2045 555
3634 315 504
5283 703 388
6629 1022 733
2359 9451 193
1661 114 614
8308 3563 814
9836 2114 628
1617 9102 599
9917 3479 963
4411 757 84
5057 8143 734
8189 3429 429
360 2407 485
6533 8007 32
3405 6061 38
5229 2103 561
9235 9588 374
1412 2781 523
8868 1229 291
9872 6378 253
1135 826 305
3415 5924 72
1111 8721 724
1641 836 459
7188 1075 653
430 3299 232
9224 2479 609
9166 6993 51
8301 6990 101
1613 5034 352
6189 4390 259
7508 901 300
6756 6572 613
3230 4539 208
7672 639 718
9594 2772 761
3246 2219 113
1773 2741 110
3205 1080 165
8980 5039 295
8009 3287 338
1182 1240 987
9541 5293 22
3433 5201 285
5013 8750 178
2322 2117 291
5305 1545 607
5199 2793 563
4464 3042 561
6874 3044 203
9506 8460 857
485 7738 478
4118 8261 576
7371 1131 695
6409 9469 514
5281 2353 627
9911 6240 838
7060 6733 234
3178 9842 457
2188 2583 762
1770 9589 216
1932 5761 978
1109 4222 165
6619 3943 614
8498 998 277
9695 2339 107
855 1083 710
3040 5153 74
6976 533 530
778 7408 835
2293 4168 104
8976 6463 174
9753 1470 835
2309 2510 726
6235 1973 620
7814 6279 827
5016 5907 922
4625 1433 427
307 7916 80
6521 9698 946
4086 2406 684
4467 1269 958
2201 4595 873
7962 2107 428
2744 7532 858
6112 5535 216
7694 3055 159
8416 1916 62
6009 1200 556
5402 3718 372
2186 6027 570
3623 20 132
8649 8342 732
6938 2010 52
9319 5595 387
6903 9644 800
7829 2338 769
830 9154 516
5851 2378 981
8225 3964 675
1257 7176 618
5877 484 37
2533 1354 20
1616 7481 892
1059 405 365
6009 7888 917
2475 5213 166
3150 7489 622
8008 8302 327
9196 6669 501
8259 832 225
8004 8201 759
2764 3800 727
7350 1927 20
991 3784 996
8822 3878 734
7389 1640 421
7934 7753 754
9342 928 194
6622 6298 781
7937 9324 976
7064 7846 375
8800 8577 355
2664 6305 896
3233 474 392
4815 9342 862
8762 2019 197
815 1372 188
2341 8552 784
8499 7807 236
6602 36 730
1590 620 516
2273 1563 864
5876 7352 445
7244 23 571
6346 2002 360
6464 9988 352
6208 9541 938
7102 5839 765
6006 7542 880
7711 7656 969
5578 6535 28
2431 4427 586
5751 3495 840
6556 2560 24
5019 1732 988
1422 8437 970
4962 2562 900
5583 9185 739
4926 8862 950
8082 6406 858
1074 2709 822
617 5964 385
9990 8791 107
2613 1596 614
487 6325 965
3132 7736 908
6467 8549 143
6966 4416 946
1948 2301 593
2090 6815 834
8134 7201 667
3023 1665 855
8791 2730 725
7826 4247 796
609 2022 307
2098 7733 955
1606 4372 748
2968 5490 181
5939 1879 67
2155 5697 912
1097 7503 448
83 4057 462
4338 8369 501
2913 3639 554
7003 3970 287
3980 4932 33
9914 3474 295
7774 4752 539
3029 2791 606
9861 7134 556
7430 6873 356
8529 2987 777
1317 932 787
3127 151 655
2301 6768 191
9184 4676 841
3643 7320 661
3728 5785 497
9358 4582 383
4884 8344 764
5653 4345 159
1292 6287 319
3647 4017 272
3759 9289 642
4699 1949 766
7954 307 606
6467 8196 14
5120 1150 381
4206 8742 783
34 5240 283
2874 8156 112
2250 7661 337
653 3555 349
2701 7656 88
9838 1969 99
7680 1883 762
1832 9524 986
485 7455 97
3579 8794 436
1365 2723 838
1656 4317 940
3302 6983 351
9583 3953 507
7651 1573 117
6959 3951 994
1476 8437 83
6755 2536 156
5578 3970 925
1741 4419 407
6486 4805 574
9209 6555 751
283 4005 857
5651 2615 750
6626 9810 760
2518 3783 347
1732 2564 612
3403 589 47
1547 5960 295
5330 2043 711
4989 9880 441
2087 9697 449
215 8478 747
7630 2173 250
4131 5626 158
7818 9770 713
8149 4206 702
9157 4063 980
2597 8911 459
4837 1557 315
8447 2039 680
503 1572 276
1181 5061 237
387 9245 94
2299 1365 340
6546 9197 387
305 2174 54
7671 3487 861
4136 8288 548
3522 2936 593
7594 3884 985
9764 7868 339
3414 3347 828
5530 3274 631
8819 9006 210
4029 2032 790
630 9438 28
708 7035 21
5829 1099 908
8206 6082 616
2499 7486 62
102 3890 990
9969 5405 503
4955 6092 755
6832 891 243
9925 8274 488
2655 1743 193
3257 7037 611
5091 5058 593
1471 2773 288
3111 4650 667
4522 4667 208
1633 885 63
9812 9000 974
3245 3805 958
749 4798 972
2092 2976 243
1733 4166 197
3698 508 846
1493 2763 986
8202 3613 282
7408 2584 391
2536 4315 535
2985 270 929
4295 27 217
6091 3244 854
8500 2827 887
172 7946 191
9374 6443 116
7743 3157 558
3674 8292 908
1629 8213 161
9090 3996 380
7479 5459 658
3445 3843 943
882 5519 499
4595 2919 101
6889 6883 668
7574 4726 184
8545 6898 987
5502 8861 552
5908 4218 80
2558 9206 722
9456 3264 91
1813 7104 181
2507 9885 827
2318 6485 226
6255 6089 583
161 111 749
9586 1812 353
7390 8633 596
2066 971 67
3236 5847 406
631 2176 341
3676 7256 549
7587 6574 825
531 9062 135
2450 9129 5
5223 7892 264
6295 2751 426
9250 1314 902
8864 6540 981
4396 8568 378
7104 4653 779
9074 202 688
2413 3700 739
9456 1492 984
3540 7074 202
5144 5915 232
3057 3432 227
5678 8774 35
4476 8788 425
1904 2630 643
924 373 396
6627 1786 738
1039 4955 715
6609 3024 859
9765 2508 659
4663 1652 120
8560 580 573
65 1131 817
1103 4783 718
1598 8780 879
7558 7111 287
5724 4563 927
45 183 532
8559 4649 629
8971 2390 851
8528 268 245
4425 521 348
3 8497 492
215 9271 221
4652 986 620
1184 425 451
1394 144 783
5582 2658 972
9049 881 930
6416 9726 474
6090 9287 931
9432 5822 712
7049 8751 205
372 4968 135
5265 1879 116
6591 8952 685
4591 6214 130
3231 5679 723
6124 1774 441
734 6085 551
8878 2959 503
1864 6765 429
9744 7186 490
9609 858 535
1446 9996 143
7238 5422 141
3353 7820 656
7272 616 854
9083 9628 669
7148 1158 884
696 7768 373
4520 5677 167
8007 756 484
87 3939 594
6209 6346 36
8116 137 329
6899 1612 622
6453 5828 191
8500 2258 515
4463 4605 350
6161 9177 786
952 1577 15
7628 36 328
2358 1098 134
5805 1210 403
5420 780 32
5062 3057 185
8581 1528 399
5476 2293 550
7798 1504 302
9748 7658 568
8374 4501 97
2868 434 643
7566 328 162
4066 8151 38
2257 4624 166
8950 3497 391
3806 4698 150
3111 2803 895
577 2422 767
3657 6280 881
843 2966 684
5103 3371 5
5299 6747 413
2000 8775 219
9603 8368 207
9560 5015 673
709 1181 527
8702 1328 610
3833 9845 794
6587 4104 894
4829 6293 231
864 8297 209
9581 1453 801
5165 6722 567
23 8206 362
9371 2293 866
6656 4541 854
6374 2348 468
1651 1307 376
8711 3610 174
3383 8912 285
5776 6407 168
3855 2323 176
8059 7124 695
9197 1413 713
99 1707 165
1345 1936 568
6074 4026 498
3806 1580 24
912 2648 876
2440 2199 52
9485 7279 626
210 1244 748
5533 2012 447
7124 1033 30
6851 7101 90
7559 1416 333
6432 8256 488
9843 2507 845
2470 9181 178
9890 4580 148
2494 2504 168
2509 7570 41
4159 1514 350
1352 6786 417
7685 6971 352
1891 1187 13
7100 2983 987
5480 9392 831
8167 5280 347
692 4361 62
63 1278 10
7003 358 806
3146 8555 598
8208 9335 332
2554 7755 889
2031 9852 539
1821 502 735
929 7969 23
4090 4040 136
2336 6426 955
1917 3683 190
662 3893 220
5233 9067 856
665 7715 798
7241 5265 313
3954 1854 704
9447 9645 10
6170 5923 329
2785 4461 348
1893 7420 645
3075 8972 38
3066 6520 740
1797 4236 280
7018 8941 842
357 3235 866
6335 3631 198
9292 5814 162
1329 1120 264
5272 713 277
2396 7328 870
3683 9478 135
9806 5723 10
310 2008 571
2235 763 220
377 4815 765
1457 666 901
6923 5199 651
443 4948 159
9176 977 4
5976 8555 681
349 8827 175
9979 6524 888
3637 6876 974
338 7415 111
7563 2833 411
3336 1874 79
1451 2964 381
38 4883 692
7222 383 322
4836 3353 773
2468 2199 964
7140 6263 5
1245 948 252
4744 1627 659
7113 7099 567
7082 493 412
4316 7933 915
8396 3277 161
3675 2924 22
1770 9517 82
2630 4898 368
852 884 633
434 9748 839
5081 4472 253
3538 4273 336
8141 9208 557
1109 8843 883
3067 6339 243
5892 1545 452
7288 7622 462
6379 5058 924
8974 3574 336
9981 2042 65
8343 8860 447
4241 7835 677
3237 1414 518
4532 683 716
8455 9296 746
3659 5964 121
3303 910 195
918 8892 642
2285 3170 689
1680 3604 823
3159 5348 31
8475 1806 238
2644 1939 56
1489 8221 829
3413 5738 326
4202 2912 395
6885 5636 73
5177 2611 804
1173 2163 922
9312 3099 244
3400 8675 385
1899 5763 629
3518 344 157
9916 3216 58
4810 4467 370
6871 7864 714
4262 6187 743
3886 6401 189
8992 3802 399
3614 6770 142
6092 9099 955
4192 174 917
60 4576 239
4247 2345 825
2887 8808 95
1124 3937 314
3662 3334 941
5330 1681 934
5358 3081 51
128 4812 858
8269 3461 853
4509 2062 726
359 9723 154
2119 2994 67
197 1113 452
2245 4682 26
404 2237 407
4264 5539 938
484 3084 384
495 6596 924
6939 3577 34
7916 5932 546
2768 4326 525
7526 7148 367
9637 8196 268
7388 1278 455
8891 6708 586
1542 2044 864
4633 8777 807
9489 4750 341
2154 8264 987
2569 7322 932
2714 5250 146
1967 4238 116
8786 1746 89
6530 828 186
8415 8487 683
2019 1435 406
6773 8956 480
2199 3019 611
2562 5196 510
3915 3382 291
8028 2011 184
7396 59 17
1980 5941 757
1991 6871 164
2709 9508 662
5437 122 582
4430 973 585
3758 4319 446
7823 4925 987
4211 4007 574
8227 9783 689
2435 9388 497
9092 309 981
1035 85 846
6101 2467 1000
7209 3731 521
9751 1333 189
6890 8961 950
6605 3109 100
980 9097 740
8014 6328 146
6437 16 796
6208 5569 157
8370 1923 548
1969 3672 732
9079 5581 914
7318 843 450
6056 7391 775
7476 602 476
435 3906 178
4956 637 922
5729 2675 68
594 764 122
9132 9189 352
2397 9290 786
4836 7781 304
7355 9102 103
8626 4741 544
8317 2514 891
8020 7819 257
9632 4622 532
495 5845 257
2566 5542 415
6557 4212 674
1612 9640 51
2115 9016 786
5863 8253 715
6717 1446 679
6085 7900 309
1500 829 899
5434 759 847
6336 5625 642
756 1089 555
4377 878 167
4852 3186 644
9009 2677 839
5314 9515 425
5008 1844 399
7155 2234 821
4541 6312 557
99 7096 641
1549 2062 49
7332 7910 817
1256 826 982
6023 9664 788
9165 9522 699
3282 3792 208
1557 9285 151
1487 2413 790
5339 5923 194
4102 5316 605
5698 1903 514
9358 872 115
8635 3284 327
7548 1580 532
3666 363 307
2513 3110 93
261 2171 67
18 235 108
1022 5360 930
9311 131 288
7379 8970 185
1975 6504 758
2158 2503 352
900 1724 31
9821 2490 868
1681 9116 903
2803 7083 581
2779 898 872
5316 3962 115
8319 3294 242
168 844 544
9147 9501 982
9181 695 105
8161 638 666
7802 9876 399
5396 1743 286
3760 236 569
6373 7745 783
8292 8623 721
9865 8042 572
3377 5916 202
275 188 807
3215 6341 562
4240 5459 511
5805 2141 142
6364 8436 616
4074 1482 982
5849 7593 835
9865 8808 264
4415 8212 587
8549 4776 937
7404 8672 222
6119 3183 894
4380 1087 338
276 7115 597
9142 7954 453
6634 8462 957
8941 3960 870
1985 5789 637
4885 9143 456
587 9221 844
4033 3391 955
5330 8388 881
994 4963 411
6779 5109 386
2363 334 509
4909 3625 353
815 8032 399
5372 5146 555
4539 2644 991
7032 554 151
9122 6829 129
6507 9688 705
76 3057 289
5844 8195 16
5312 3703 481
1535 2873 607
5038 1539 803
2252 5960 403
5853 3271 302
2359 3670 651
1349 2640 663
8266 1831 172
9364 9403 888
4433 6836 587
1938 5060 116
6683 524 458
3587 5576 302
1255 7889 112
9792 8972 889
3795 5044 839
409 6960 546
2062 1247 682
3122 627 686
9347 5559 63
4962 6704 370
6528 560 92
9612 861 98
3737 7008 452
8177 8188 896
7737 8244 489
7951 7026 872
7768 7983 696
3296 8462 204
1 3231 230
4889 4972 483
3865 7361 692
1861 4012 1000
3241 574 242
5196 8899 717
6833 8638 856
5862 8105 885
3448 8060 658
6797 792 258
5221 5956 540
2447 6830 509
9688 9008 440
6769 6640 107
4298 3010 598
6977 5401 122
556 3659 478
4916 4994 480
9857 3928 59
1917 9526 725
564 9375 735
10 1844 725
8466 2653 474
3937 2957 664
2115 3329 655
3257 5667 289
456 2258 198
6099 7099 760
8015 5393 587
5143 2625 490
6349 1333 501
6604 8709 910
635 6330 3
3617 2100 926
3638 9336 446
1431 25 261
689 518 574
8523 1723 6
4449 5268 823
9387 8903 274
2036 1540 878
7023 7826 467
5005 7720 751
4933 5152 63
3300 653 405
5520 3850 422
5739 6839 105
6697 9852 824
5681 5219 127
5902 3522 267
1267 1584 602
1931 8945 25
9269 2044 722
3648 5386 615
5865 1952 851
2057 801 168
7661 1790 130
8637 1625 882
7312 9974 673
2523 1045 656
8487 2635 841
1947 9915 934
9391 1941 524
2367 5577 190
8386 2559 710
1612 2961 864
4835 2448 335
5358 2312 904
3233 2616 445
2310 5491 342
356 1889 64
115 7480 58
8529 229 903
3666 9561 258
3756 4986 184
8894 5496 203
2877 4594 978
8744 7914 127
7780 720 115
7540 3592 616
975 4739 59
6329 2867 50
7969 2757 275
601 8713 696
4778 7872 602
9660 8331 155
4414 2182 49
4256 2326 120
7092 1504 270
4766 7957 13
9867 3588 157
3651 3234 231
8249 649 250
8100 9176 314
6597 3127 151
1311 5923 53
269 8215 896
675 3963 650
7671 624 686
8770 5599 16
6417 1420 237
9443 6116 957
6738 8221 529
8072 1734 359
9305 199 412
3119 3090 8
920 1219 20
4658 1455 35
76 6599 502
4288 4328 613
6894 2584 957
1704 134 75
589 8178 201
8986 4765 270
3218 7791 926
8033 4789 200
3273 114 720
5432 6497 939
1146 4055 812
1184 8466 56
306 128 291
2644 705 530
8687 6598 432
3938 2106 350
9819 1987 200
2330 8351 231
5673 7426 350
7109 9915 874
6500 6155 105
9054 6635 45
2908 624 796
2284 4311 670
2599 6121 415
7338 2085 572
5474 4898 220
6225 2871 897
547 6850 319
3757 4471 963
6490 8251 645
3577 5245 183
7208 4309 330
5601 4557 992
945 6804 6
494 3534 841
1876 2520 643
5884 536 5
815 9861 835
5354 63 449
3293 6666 892
6713 9971 350
2789 1964 469
8128 702 881
8703 5269 801
9720 2101 385
5957 8098 20
1631 4724 325
5303 9378 81
36 2424 846
5713 6590 207
9770 2729 94
4336 258 273
6980 2088 215
4616 3738 1000
306 4264 153
6493 6089 987
7316 9551 929
909 5605 560
2181 9876 224
6104 3838 230
4869 6575 548
6538 5209 482
795 1546 415
1706 2770 662
1730 1569 936
3029 9743 830
927 8392 921
923 5773 167
2709 3853 745
5104 2207 555
7483 1581 572
4027 2832 550
2090 2042 260
230 9517 2
5016 8290 563
6881 9398 104
2658 1192 706
8868 2784 177
6004 5081 915
4692 188 830
1147 2347 341
8278 3285 932
9477 1157 217
4232 5427 32
3902 2090 970
180 692 66
1037 9273 434
6234 2563 272
7993 4472 798
475 9409 326
5422 7813 258
6862 8611 146
7726 7394 595
7679 4054 155
6945 9197 250
6120 1671 938
9020 7066 909
401 1439 278
6354 5387 620
8090 9738 22
4365 9043 616
3741 3670 142
3134 6088 913
4253 1324 901
2977 269 333
1287 2305 214
6416 9334 669
9250 2173 663
105 7682 262
694 5417 429
4584 2401 401
7562 9194 463
3958 577 926
3552 460 853
3821 6998 650
8148 2056 173
5715 7994 524
295 1206 34
5398 9012 464
6775 4191 368
6352 3242 737
5140 124 645
1139 2289 218
2447 4106 763
2817 41 41
7075 2345 25
9217 9503 888
9820 876 750
2183 7026 327
4478 3916 388
5838 209 609
6937 1701 312
3277 18 924
7694 8690 618
6506 24 31
7866 3958 467
9158 8180 257
6238 2368 558
4304 9714 600
7881 9809 639
1622 8091 459
8017 3589 506
1459 4532 438
6914 5812 307
9598 3841 295
6951 1982 416
5036 5366 561
2316 9864 185
7532 9039 735
6203 8905 449
3635 8383 412
954 4261 449
3906 9293 564
1728 8014 533
8092 2226 918
1219 2585 936
9845 2747 300
5196 6011 723
293 2393 50
8366 6586 393
8762 7856 702
9141 5647 787
7549 160 625
8065 5511 140
7245 1347 76
8474 1770 513
5591 1220 702
6651 8262 310
4946 3575 744
9524 964 612
8064 8621 587
7423 5081 889
4288 2364 115
2430 6027 407
3437 1785 203
9795 4099 467
2026 6531 474
5282 8160 423
9993 7451 256
3401 4058 484
912 9585 98
9686 1940 54
1485 6451 893
6734 9006 4
8838 2023 117
9526 5328 590
753 7086 7
273 3497 987
2196 8864 822
5827 5507 617
2179 5793 832
4133 3479 781
9134 3004 34
9659 7088 448
7062 7553 4
8041 504 4
1588 1644 423
906 247 322
6637 4438 616
4742 868 575
5789 223 530
9745 3026 535
8952 8560 695
2955 719 426
6096 7260 684
7141 3219 869
6654 1402 87
6677 5517 360
2499 5615 206
587 1293 329
2972 2222 100
7875 872 182
6632 6344 284
3073 9600 633
8477 9208 972
7192 8224 65
8325 2338 798
1984 7994 305
5466 2414 732
977 3923 394
5235 9633 69
528 9658 812
2373 6255 849
4617 2572 600
6506 7423 347
1003 2374 5
7361 8012 913
2169 9809 326
5307 8488 191
358 2592 582
2452 2436 978
1397 5816 413
4430 6163 608
5197 8245 144
5632 9811 355
1061 1546 429
4253 195 32
366 6791 362
9966 2013 395
7617 8940 480
8945 8494 794
760 8427 639
5661 4726 296
5408 7561 15
7452 3917 839
308 8469 171
5162 6805 697
7762 7428 440
3446 9877 958
2244 1155 821
448 5994 173
5131 893 566
3548 341 75
2475 120 915
3857 29 934
7970 5058 387
9687 6496 458
604 4858 673
3302 3240 352
4490 7576 227
9385 3500 243
8278 9038 27
8564 8295 679
992 4554 362
1982 2636 760
3871 2755 837
9712 1502 528
2598 2338 537
720 938 661
6401 1196 865
1557 7483 415
7790 7878 867
1051 9608 800
1698 1986 48
1620 7789 410
7178 5173 718
9811 6488 714
7575 3498 459
347 4628 331
8995 6770 552
5346 3017 277
7611 1939 563
2393 2762 476
4344 2465 607
8167 5236 46
1547 4148 734
8945 3057 830
1929 6768 917
7548 2648 437
1749 2643 557
2685 2719 923
6083 8983 987
1255 6194 619
1122 953 667
9830 8631 589
3022 3171 428
2388 2384 27
7921 9140 904
6369 3305 78
1620 7199 549
5601 1608 485
85 957 87
5100 3068 418
3028 7717 571
9641 3827 575
689 9148 836
1817 7545 74
328 5780 420
2133 6127 501
9906 2472 185
6634 9451 587
6563 8275 834
8001 1637 691
5084 3924 913
6030 7126 151
6191 3253 781
2107 2615 600
7545 6294 886
972 2677 802
6580 941 584
1794 7037 381
8495 1978 880
2414 9239 519
1228 229 350
4797 1201 999
9729 2536 478
6592 5915 260
9335 5161 701
2425 5193 10
6425 1969 985
3721 9899 628
6457 8489 962
9287 2213 55
2339 8960 478
5289 3719 124
3212 6784 22
69 5833 959
1948 1838 867
7396 8979 985
1811 6942 410
9292 28 200
7340 470 613
7646 4979 624
4027 1373 262
8218 1585 928
1361 9899 305
104 9573 774
1448 3363 279
9297 1429 992
2509 2248 418
8762 1455 25
5438 2691 786
5265 6793 179
7986 6631 450
9569 1673 175
2942 5769 219
5874 5506 935
1645 8051 939
2987 5085 997
6899 5894 115
8932 8511 27
8160 9490 606
65 7581 475
1405 9593 432
3082 649 331
6323 5389 221
613 4086 703
4413 5278 894
1588 3505 120
9389 7362 198
8605 6547 207
9009 2780 205
2605 3270 219
8766 3709 208
2495 4612 819
4530 5674 428
1174 5749 204
1760 3571 59
6925 6672 754
3467 2226 991
8417 214 350
6255 2223 650
2163 583 892
6060 7305 4
8096 6084 205
5366 1281 731
3102 3901 984
5744 3853 659
9566 6748 155
8796 131 266
1408 8003 248
571 912 847
4350 9592 728
6062 1934 417
34 424 674
5031 2149 79
4739 1629 913
6813 1565 4
585 7439 768
9519 809 937
753 6228 178
1082 3312 932
5868 1857 635
8044 8436 720
8147 4981 838
848 8469 938
2389 8678 299
9104 2656 164
6572 218 527
9603 1698 381
8983 2767 634
3265 6457 731
7362 2626 746
2983 342 406
350 3719 315
9432 7479 262
487 2276 165
9939 8128 772
4910 8651 877
8426 3752 199
1866 9383 27
8119 1472 179
8037 694 748
7558 3169 920
9487 8894 248
9994 8750 882
1202 5809 650
4639 1590 646
9530 7752 40
9129 3336 788
203 5051 458
6539 5624 216
6946 4888 349
7564 8192 62
4249 3221 229
4844 1775 562
5668 482 282
9098 6629 505
5720 1664 337
1134 8441 150
5253 2583 465
6832 6416 833
3404 8282 719
1666 7538 476
7708 5746 124
1901 5251 479
5222 1446 813
6121 5012 896
3775 1475 714
2400 285 276
5991 6426 380
213 5762 757
9054 8523 328
2629 7601 135
7316 8878 146
188 4720 904
9678 8376 514
2286 3065 655
251 8899 426
733 7140 343
871 6739 130
9134 7685 964
1029 6818 51
1367 6611 106
7919 6343 338
7995 2489 234
6221 3334 319
2999 2758 498
1368 4676 341
1268 7365 119
2976 7756 493
1891 6556 73
8120 1941 770
7855 1846 327
7494 8648 681
7156 6900 666
248 701 604
2760 3966 396
9696 1275 730
4584 4650 786
6592 4056 604
1447 80 763
4754 1044 317
135 1202 717
5553 1633 472
8656 6879 325
4707 5203 73
5909 564 909
1395 4271 712
6656 2760 442
2340 6469 323
3626 3512 72
9696 4197 703
3237 1661 196
2877 5099 811
2254 3602 993
5953 8953 103
9535 5907 914
1662 2669 295
5911 6831 993
3432 7588 56
3957 990 723
133 8064 702
4999 704 6
1678 586 59
1242 6860 661
427 8147 559
801 8071 132
526 6508 642
4161 6336 726
485 4879 20
2860 3008 891
8705 1900 306
7166 1824 946
7016 2399 417
427 6882 393
540 1296 516
302 8802 677
2236 9245 610
1754 7575 360
1175 6010 49
9289 2162 603
3428 7534 565
4061 9208 898
5088 8086 989
3926 2375 653
9357 9184 755
8101 2765 107
10000 2581 165
7967 1831 686
6790 5010 381
7412 7700 439
2028 1592 36
7078 5112 997
6959 3397 421
9203 927 725
2495 624 434
2487 1241 757
6021 1601 690
1328 1763 404
7765 70 406
6944 2273 468
8093 6394 688
2413 4111 948
1643 7318 86
1038 3510 816
5999 5396 936
2054 6170 255
6870 2448 693
7753 4625 391
4645 7507 284
947 32 761
5618 4529 757
4993 6512 616
5189 7191 367
9822 990 813
6413 5950 789
1465 8076 470
2332 9751 275
1862 444 225
8003 3059 533
8772 5629 556
9067 1917 402
1140 5627 156
5467 9722 831
8320 8474 358
8710 5954 553
5597 5744 390
5506 7359 256
4016 6758 118
8267 4379 241
42 3552 704
4870 643 936
6333 56 894
8512 1348 121
1523 9389 5
838 2430 231
2542 5114 789
6801 3786 497
7490 6224 704
6616 682 337
8966 6740 636
3240 6190 376
7990 4087 856
5228 5037 396
6575 1338 547
3934 6616 617
1894 9409 968
3952 5990 383
4966 7075 55
1921 9945 818
7144 3159 435
1811 491 773
4358 4652 814
6759 1030 13
1169 9134 160
2350 1826 635
1448 1581 493
9971 7633 451
8704 11 937
2943 4830 678
3483 8858 673
3029 5161 517
8677 1734 417
9496 2603 681
7023 8029 12
8758 7732 453
3591 9379 190
1785 2557 821
2552 8595 634
1925 9099 789
3478 6925 836
6602 8405 962
7984 372 316
348 2886 846
3581 1604 4
2267 3172 942
5469 3079 883
7847 4761 733
8300 3272 981
7200 1525 156
1316 4981 784
7574 9838 976
5443 9303 601
3335 950 711
6829 4397 707
3841 532 472
5843 7764 858
9420 8406 510
5241 1608 59
5276 2792 682
4321 8760 845
5407 1348 874
1633 510 165
6347 8707 350
7707 5629 623
8516 2679 959
8096 7370 103
2408 4931 804
2672 329 639
2812 4521 424
8866 4057 238
4050 6173 332
2730 7481 675
4563 8681 255
9390 809 605
1017 419 101
2463 783 111
7370 4385 3
2801 7391 161
5288 1121 496
264 717 394
4869 5459 130
5181 1306 770
1458 6430 327
5072 9138 434
7320 9243 193
5217 647 764
8928 4689 328
2240 9316 123
8174 5088 698
90 7492 214
4026 4417 567
4442 8895 675
3562 3964 278
9977 2826 458
8901 4784 939
4644 1118 794
5250 5486 35
870 7620 878
5756 7562 207
2407 4824 567
5080 6652 400
6213 9125 609
4962 3161 780
3927 9820 173
7452 6927 239
1079 1706 881
2391 236 302
5573 10000 855
3999 4553 139
2164 1916 340
9257 4042 525
514 7063 912
4889 1353 506
71 2857 628
2301 3649 893
7766 3105 656
1341 4450 325
9946 99 936
2510 8307 271
1714 920 987
6555 7080 78
4162 9305 88
2806 7954 801
642 7496 764
6439 2923 649
8653 4437 841
3243 9242 316
199 4031 865
6697 7992 278
5514 5622 89
4428 1630 446
4322 1158 271
2581 6014 901
1785 5103 340
6620 1528 320
20 2431 441
6972 3678 884
4261 4016 559
9870 6251 56
7893 2271 765
3986 9366 470
5774 739 732
7394 6874 498
6051 6958 935
1634 5118 125
2811 2043 479
4319 2350 450
4846 1821 65
8575 4387 1
3903 8664 295
5250 1203 517
3280 9655 410
1724 244 937
6170 7182 81
294 3011 601
9617 6284 525
367 8283 698
7491 7655 880
2101 8471 579
9356 5066 701
7378 5054 998
9972 3814 225
2302 74 216
9531 9500 55
4906 5638 800
1398 2510 446
5624 7743 734
2698 2056 57
5739 4590 797
7918 7058 24
1574 9302 652
7833 788 609
3693 4943 604
1079 4399 233
4747 9050 463
4307 8842 23
1464 5018 697
5233 1335 178
8288 7550 919
9982 7772 542
5030 71 911
9673 1471 730
2452 7576 185
8531 9161 816
7289 30 205
906 4092 327
5124 1662 167
416 1617 921
7274 532 699
484 1241 337
5611 4944 189
299 7637 94
5492 1111 845
8268 3004 741
5980 2757 734
7034 9123 303
4480 2828 295
6100 6619 527
3214 2665 407
5151 9233 755
8355 7671 994
4346 2985 626
4951 4390 361
617 5080 770
613 1676 710
1382 2646 396
3772 546 533
9752 3875 199
7188 4438 648
8016 8806 317
473 6729 739
7504 2552 975
9545 2326 230
8464 5632 552
1292 1100 924
2258 6870 20
8841 7005 449
938 1370 700
791 7369 74
2742 32 455
4687 7196 947
9624 8707 556
3013 8908 445
1021 6185 996
2919 1259 410
2201 1297 365
6925 2006 127
3717 5010 943
9327 3624 843
8330 8077 303
3574 6620 322
3773 2752 199
8634 1586 595
4691 4013 759
8473 8979 440
9355 385 178
2309 5926 210
3525 7216 892
6030 7418 420
5596 9777 113
8061 4649 201
9618 5359 224
6464 1527 31
1323 8999 563
1024 2406 158
6716 1938 889
1890 2597 750
757 8470 535
5652 2394 413
7681 416 39
5206 526 955
8652 7170 710
2966 9005 994
7223 4476 1000
9260 3925 704
2713 6175 823
1829 2947 692
9652 9629 562
9321 1542 276
6054 4016 215
4766 2803 157
225 589 847
4456 1554 759
4764 5199 983
6840 1814 896
2336 725 783
8869 1925 289
7818 1048 535
6402 1092 322
4666 3526 977
8791 729 899
1014 5292 643
2556 2043 596
4573 267 964
1806 512 899
3240 755 588
9509 8609 455
5029 398 293
6238 6828 742
1828 5137 34
8980 1467 177
4793 2696 993
3915 6755 585
9784 1613 47
5304 3726 184
9128 7725 485
2870 6865 161
2535 6862 383
9764 3206 565
9045 4535 994
8375 7550 972
5636 407 438
4485 3876 739
3617 3235 118
2092 9953 600
4754 4644 394
2454 1724 137
2280 3769 793
1121 4547 363
3819 4358 394
8887 6542 748
2734 8976 28
8432 392 346
2222 4652 830
1129 2597 872
5194 97 640
8603 4715 126
174 4403 872
2333 2430 137
930 235 901
968 8473 348
3704 7375 882
9294 8459 69
4776 8040 873
9645 305 725
1204 3818 138
4957 2328 885
7045 1309 483
845 7913 142
4688 8525 179
1788 2492 540
2116 920 136
321 7603 528
4712 318 941
7773 4627 119
4498 2614 965
1818 9314 323
4649 5721 879
4172 5339 126
1764 6626 621
4006 9558 494
5832 6706 547
1354 4845 986
4281 7413 844
1506 4095 739
3101 1417 410
7915 7406 15
2641 4250 788
2752 3793 481
1397 3935 552
5203 2406 476
6108 2658 200
5656 1684 314
7192 3945 146
749 8879 217
6215 6344 799
4452 5119 350
2024 8882 503
6316 49 721
5140 2837 51
6519 5029 503
2106 6934 412
9414 8077 305
8377 983 425
5182 8976 168
2345 61 364
8446 8809 848
3020 9006 50
842 5980 240
4088 4085 583
9905 731 615
9644 8376 371
93 2135 267
215 4659 401
2691 8376 322
5554 1902 273
3667 8374 115
2874 1868 510
9035 990 416
313 3262 217
5635 9866 947
8534 7983 540
8349 271 768
7483 9786 334
3447 9461 517
3533 1861 49
2247 8897 694
9934 5873 324
5880 4839 653
7546 2076 901
8302 5332 108
4510 829 132
6174 2253 469
928 7184 442
602 658 188
6188 6989 503
1238 5867 99
8255 588 195
1455 8909 733
1798 4676 695
4853 9609 496
1448 880 578
8478 6628 764
9784 930 884
204 1611 714
147 9427 910
4619 2711 534
2499 1954 52
3517 2005 349
5662 6075 723
7056 1917 571
460 2196 238
2430 1982 189
6632 9818 60
5907 9268 869
599 5724 264
8731 5347 367
1005 1932 742
3604 2568 746
2837 2187 806
801 7263 738
9892 543 174
8202 3654 718
411 5788 22
7960 4169 328
4327 4323 325
2527 4978 157
1684 5106 817
561 2174 977
1747 7490 929
7353 6151 608
7609 8336 572
5873 7631 299
9376 1042 96
9002 6879 838
4895 9033 967
3421 7021 851
9457 6857 800
2762 7699 957
5218 6298 572
4295 2612 679
5391 671 802
3763 9412 920
1408 1717 363
2103 6117 855
7555 7354 183
2078 4138 356
3464 6559 141
6702 3431 640
8322 5991 306
2157 7996 958
675 9213 39
3271 7120 996
9069 1605 472
8905 9233 16
7794 203 369
7439 8672 735
4217 8263 509
8813 9206 588
7082 8797 248
3479 5951 444
11 6538 376
8451 8799 864
9693 7913 471
3336 791 992
952 3299 832
1502 7683 43
2699 261 164
5383 8788 372
1563 204 112
1735 6387 415
744 8413 273
3880 8362 641
9191 5009 425
156 2282 544
958 856 145
6344 2406 808
8287 8679 990
8358 5595 131
1013 2060 397
1030 1113 944
4004 1356 517
6154 2246 859
1441 943 855
4978 8834 731
7438 4453 260
595 9484 720
1309 7473 246
4810 6971 411
5709 6100 673
7838 1093 497
9606 1590 482
1345 4951 818
2594 2601 422
3734 8318 381
3146 5016 538
1312 5913 215
1832 1867 108
5217 3128 228
6994 557 828
7217 2567 192
536 134 734
2827 8863 523
3037 9924 20
4794 736 140
8462 4999 737
914 2760 393
4062 1478 103
6168 683 360
3701 983 874
7378 1390 587
2344 3979 657
1725 1873 254
7001 7445 311
3058 3661 847
1975 4203 285
2027 989 465
2478 8455 546
1823 8863 576
6994 5751 541
4913 5283 907
956 4258 890
8887 6279 541
2560 918 409
9301 1085 403
2461 3496 500
6713 4908 63
3832 8772 573
6819 7597 442
2569 290 242
1372 6887 114
7661 393 973
3845 8175 437
2801 9182 794
1853 1183 691
8520 9975 28
6964 1758 144
570 2043 41
1005 2660 828
7911 9974 493
8079 3242 272
3788 9939 536
1835 9707 909
6247 7747 360
1737 1431 306
3307 3625 552
5086 6777 500
9661 6951 633
5384 4633 699
2325 2083 113
3973 7795 886
586 6868 260
5531 4205 376
844 7417 160
6003 2756 318
8096 3205 885
7980 3195 720
1094 8911 818
9269 5807 606
6238 6454 958
5975 987 278
3522 2064 179
2102 3287 827
6820 4146 890
1210 9588 219
9901 60 267
230 5372 814
5011 5853 865
7726 3996 988
9925 6868 35
8007 616 385
5779 3873 76
2372 8236 824
893 2019 763
24 3003 535
5675 781 834
5892 9890 741
2113 3055 335
8133 179 32
9659 1675 939
8738 2205 852
1931 9521 363
1263 8207 676
7517 4641 301
786 3812 34
9464 1281 715
6904 6405 997
605 1546 805
4575 2583 968
1700 3174 431
3346 8689 962
4550 5622 199
2310 74 94
6556 13 327
9833 9008 673
8206 720 368
6280 7710 331
196 7352 675
4974 3261 580
7252 5135 219
9056 1633 537
8598 153 645
7013 6988 473
8712 6303 114
7601 9049 671
2478 6639 346
306 8005 931
8811 2480 528
6421 2364 495
2420 5457 845
1776 8642 533
5976 3696 980
9570 5842 90
1369 1289 934
7970 7995 760
4611 2101 679
509 5791 464
7941 5347 643
8526 5457 227
7792 6334 801
1764 4714 332
8767 3558 173
9255 5497 875
9878 9211 919
3991 6627 160
1197 5217 253
2362 315 59
3333 4618 705
4279 8677 549
1006 5818 80
3164 7115 934
2452 6308 435
4802 5559 558
5702 1908 192
5106 647 906
6607 4919 74
8877 5992 758
8361 3392 388
6640 9105 352
9697 389 9
2963 1739 871
8123 6038 34
3110 8222 266
3166 2237 267
3614 7376 797
4134 8083 83
6745 2096 748
3923 5961 995
868 9605 314
6141 7365 495
2558 496 526
8977 793 473
1557 6444 444
7440 3669 954
1837 9679 113
7495 446 631
2130 5726 812
2319 9781 455
2243 9663 337
4255 8713 628
6991 7248 560
6468 2090 627
248 701 378
1979 9845 904
4524 1044 116
4620 396 228
7507 6657 142
4368 1282 225
4032 3538 173
9014 3740 842
5819 3272 309
4835 2340 965
7032 8056 238
5694 1030 246
5680 1168 134
3555 1051 816
400 7263 38
5003 775 306
297 3109 503
8903 7685 503
976 8031 834
9895 576 289
6064 9995 520
2952 3746 693
8680 2629 919
750 61 695
7067 3420 932
5137 694 430
4175 227 683
9690 4063 891
4012 788 730
1877 3172 674
8920 7880 341
301 209 4
8971 2059 905
1361 7129 211
4118 3905 338
6400 7673 161
6963 9666 275
8515 1479 505
227 3088 522
4491 1021 436
235 672 108
3194 1540 901
315 5290 563
4806 7689 217
3942 9311 683
5552 6722 148
3246 3959 629
7711 6574 715
9709 8978 680
2693 9648 814
1815 4389 333
6539 3085 663
9163 4777 543
125 9617 534
1655 6749 822
1313 1156 164
3754 4871 148
7467 1612 300
7749 4602 309
2885 2217 146
5884 851 872
2111 6532 577
3898 1957 12
2418 4389 674
445 5197 299
1357 9833 987
9656 7734 257
4667 1283 398
7128 3906 347
7808 2735 657
108 8504 96
2738 1513 674
2343 7444 308
2366 4253 279
9140 4571 879
9401 9831 682
9871 6835 400
877 4201 750
8194 7311 529
7274 5630 197
3355 2543 425
9830 6211 117
1778 5311 726
4914 178 954
120 6322 805
5911 7359 340
24 4747 664
6866 5556 441
3537 3689 834
543 7463 346
654 5562 521
216 2185 268
2524 9362 266
6949 4625 348
4013 559 212
6777 719 183
8613 2860 369
8585 540 288
4619 9434 433
707 9794 740
9178 2570 733
9854 6801 393
7348 2274 629
4051 602 676
199 9529 493
2407 4888 846
1707 2033 818
6626 1224 770
1892 1348 573
9025 8505 846
7843 4096 987
2132 2736 186
5211 9221 673
81 6485 798
6665 3508 522
9827 3705 193
1950 5695 385
7343 9828 957
4357 6728 942
264 3731 613
5353 3800 84
2883 8336 254
9794 8668 984
427 169 1
3348 956 360
8926 4418 960
6842 1694 957
764 7160 385
7484 9295 177
4891 1051 754
1589 9223 25
5619 1102 916
2434 7362 520
38 6566 394
9411 2120 610
1076 9383 801
1925 6073 39
7533 9837 999
9160 7126 611
7894 7732 537
9340 4507 506
8342 3017 701
3049 787 162
5846 93 192
4855 2091 920
7376 4959 288
6917 6702 532
358 6537 574
1350 6310 75
3694 7175 203
6245 9724 599
2251 3563 618
2042 5102 556
9936 6926 139
9479 24 961
4838 7856 480
1451 2614 706
3891 175 663
9287 7529 320
1347 4614 681
9434 7486 581
9052 9614 146
1631 627 794
3696 3055 347
3736 3408 366
7056 4982 379
2018 2689 206
9887 2519 26
6774 2187 810
8887 1939 28
1748 9840 786
6127 707 967
1840 1391 71
9410 5650 777
1228 8013 199
1559 1771 272
1924 1274 614
2569 9176 907
7612 1459 930
8788 5337 983
4231 9474 234
3081 5153 397
1072 7695 260
388 339 398
971 3459 856
1310 8986 694
4198 6278 317
5202 3493 538
1913 1978 800
8236 1761 136
973 7162 285
612 5859 783
1365 1922 691
6772 1996 343
6610 487 331
740 5598 620
3603 3726 174
8452 600 269
4679 4484 34
3371 388 567
8533 2792 230
78 6019 36
2661 3479 8
7444 2525 508
9927 3897 316
7198 8220 277
5284 6105 921
7535 2020 257
4428 2857 531
3445 2057 864
4008 9356 492
7203 2259 237
8490 4376 704
1403 2345 828
6942 7065 837
1194 3987 282
644 9005 922
6308 5644 969
311 158 211
311 1890 936
727 3503 243
1665 1872 635
853 9383 283
3001 3845 946
6856 3058 413
5146 9342 113
4100 651 293
6822 8625 14
1772 8147 648
1242 9268 486
5163 1546 229
9537 8005 24
9352 6006 979
6106 3348 783
6964 7429 5
2237 6587 232
3354 4575 698
6146 7070 670
1913 2318 905
9927 4191 829
7671 9968 703
1948 1274 718
463 817 291
5358 478 312
5703 9794 428
635 168 823
1287 5649 385
6933 9075 302
4094 3382 713
1164 2779 899
8819 9399 172
9387 5038 359
4173 2301 809
9962 8803 81
3365 9913 499
6378 3398 972
4009 8390 906
6504 315 577
6319 1815 703
2446 8593 736
1658 4392 972
6825 739 728
2263 3771 72
4280 9490 469
1447 8688 529
1667 1647 382
1593 8848 568
9635 83 442
1088 1100 543
5077 6912 398
531 835 175
6 7347 210
2557 6167 955
5254 3714 381
1515 6809 999
2810 2498 880
2197 9623 222
528 8405 142
7027 961 713
1597 347 641
5489 4197 908
6268 8256 540
3664 587 792
8696 7025 194
6674 5837 147
1151 3683 433
3975 1399 28
5421 6749 507
3761 5847 889
4564 2796 438
122 7986 882
2389 2983 923
6966 5300 434
1610 9293 659
8562 750 594
8616 1907 589
8171 9195 73
1153 7852 832
1965 5442 858
269 5694 603
1314 7957 588
5057 5291 404
8186 1 434
8628 9658 169
8357 2055 829
1931 2713 654
1875 8846 887
2321 775 309
5213 5648 614
6915 8601 353
3642 7439 540
3227 1651 957
9060 7795 53
1709 850 533
7895 8080 30
469 7427 984
4639 6694 850
7639 7704 387
1938 6187 487
9932 770 208
2647 7627 804
5511 5576 592
9772 950 54
5698 3065 639
9544 1599 962
5318 4809 141
4899 4541 508
3145 6960 82
7404 7393 897
7579 882 717
1526 3761 98
739 2661 571
8664 5828 978
5996 9815 904
3574 7856 138
7305 6699 786
8871 8663 198
4706 3592 456
2590 8982 60
8154 1557 358
3974 2003 237
8940 8972 225
6100 3684 339
518 7011 752
1872 4791 875
39 4090 709
1969 5087 911
1211 9612 968
6460 9808 612
4075 7657 376
7533 5243 635
7598 2509 811
5572 205 882
6921 2200 215
1407 3033 202
4621 2833 876
3223 8065 661
978 2768 616
5908 3054 278
9124 993 258
5393 1881 10
9195 6105 742
7742 5365 113
1918 5711 202
9753 2208 263
8351 9227 779
3023 4904 424
9902 1454 685
9036 6831 423
1541 2583 291
7654 8122 685
8846 420 252
9689 715 129
755 5029 261
394 759 29
1751 7859 611
6589 1769 662
9666 5183 180
3748 9824 522
3392 7972 547
1440 8004 306
1187 5934 566
3762 7536 521
1228 8117 596
1967 7714 915
6065 2660 676
4106 8180 678
2911 2837 322
1051 8435 41
7705 1482 723
1708 4970 47
7392 4990 902
8451 7227 981
1175 5339 34
1644 664 559
645 8899 743
7646 6945 101
354 4032 484
2813 7504 180
2634 1547 802
3852 600 190
4554 669 87
2930 9410 299
3363 2892 375
4477 621 507
8128 2349 238
1842 1122 515
5860 267 590
8706 4050 494
6997 554 483
8506 3818 88
8223 5155 49
6403 9225 445
3015 4992 864
8488 658 569
445 3924 922
2401 6868 183
9913 6163 159
3285 9807 436
8591 4655 56
9757 492 719
6850 9326 71
6211 4825 176
9446 7344 182
1257 2272 864
88 2381 1
7207 5073 923
2496 6235 604
9086 6080 858
6317 1405 908
5785 18 438
6838 9242 152
1150 1049 141
7258 5283 589
4458 373 502
7716 3829 39
5211 1219 924
1834 7643 666
2949 2459 612
1367 4947 128
6551 1224 939
7066 8611 505
618 7446 128
8413 4833 34
6318 3767 180
4143 5655 443
9527 4665 490
1065 897 391
1969 7578 222
9591 8366 734
72 2945 489
117 886 624
821 9908 488
8612 3044 539
7121 2387 240
3596 3853 41
5788 4591 277
4965 1946 476
7513 87 294
4552 1054 655
8338 6932 240
3863 3051 977
265 8196 516
4505 4211 993
4363 6922 474
8396 3073 660
2918 8013 493
6646 808 484
2443 9892 642
8730 4920 259
1084 1083 121
1912 20 443
1285 1622 125
7367 1441 486
172 557 531
5412 4471 150
6441 7047 302
2466 3274 449
8487 6541 141
5720 181 985
9672 8493 896
3156 1372 363
4699 3172 456
218 2386 728
2170 244 546
9272 2213 743
398 8816 32
1581 4958 432
2387 496 555
1768 1800 410
8585 3283 55
8164 2179 929
3345 245 894
3930 3506 821
3911 4719 649
7211 3534 195
9754 6772 415
874 9902 821
862 944 536
867 7963 645
1476 840 798
3448 3787 537
3565 5770 594
6254 5476 61
6900 9537 668
9557 3117 786
6359 149 480
2171 2555 812
7403 9600 549
3657 7106 761
8000 4661 897
4931 4790 697
1806 9763 789
5592 4806 821
7574 3838 14
8660 3803 537
8181 4643 734
7350 3705 571
5794 7735 23
1950 5740 692
4231 5036 129
3383 9551 339
8319 13 495
5116 4996 154
8500 9115 108
2460 8441 72
7097 1963 283
8884 1699 175
3652 5118 211
1754 5314 175
3786 8327 497
5362 455 156
1294 8920 169
6700 9453 218
4274 9456 726
3809 4253 287
5755 771 977
7755 6926 422
3013 5462 528
3146 5830 61
125 7082 992
5004 934 300
7258 5403 815
4337 2381 599
266 3046 278
4347 9203 308
977 7144 214
2878 8040 842
5214 1369 765
214 5527 576
5781 1393 206
3913 1453 163
4560 4761 153
4092 8632 687
2019 3405 429
4232 3144 218
7411 1759 41
4246 825 864
3993 9231 83
4109 9530 124
752 5216 134
565 839 714
6290 4330 69
1083 4469 271
98 1339 938
2510 7190 760
5345 4773 966
809 1157 505
7507 2627 482
7475 9837 226
6909 9050 59
3226 2065 401
6438 7502 647
8803 6911 648
5405 997 398
9163 8018 770
4245 5966 297
8260 1548 841
132 298 934
4573 9027 669
540 2111 294
5775 2984 885
2159 2806 717
9029 6459 733
2213 7730 802
3405 7851 999
9629 5434 274
3073 8519 472
8437 8744 263
1856 6457 839
2558 9989 696
7053 3564 316
5815 4595 943
995 2754 782
3151 7505 319
487 1675 711
2536 425 696
5445 5101 658
5476 1280 209
1374 5638 179
7412 8377 640
1155 801 684
3927 6776 520
9874 50 728
159 6755 938
7894 2789 432
913 6139 903
5287 4174 908
9606 418 503
3101 6344 91
6600 9355 350
9723 7252 432
1719 7068 80
8027 2515 595
7752 8078 211
1210 8061 140
1630 5196 580
4994 767 170
8501 1389 277
5166 9577 893
851 5759 517
6705 9505 604
9007 163 682
2540 4975 797
1969 6750 496
3660 9949 76
1015 8644 836
7533 3075 124
2471 858 677
619 9659 841
6082 2698 568
1977 7318 244
6325 2798 932
3701 5219 870
2891 583 728
8218 2371 402
1551 5857 625
3964 847 545
3279 2455 265
943 7959 483
1206 1498 577
4332 6240 315
4883 5381 8
7503 5921 12
4456 8168 61
3200 5089 1000
872 8545 256
2256 2666 894
7317 5457 175
6693 156 217
627 4335 55
5544 7495 689
3140 6379 187
5219 1435 504
582 7074 355
9443 9581 232
6869 3913 600
8871 7136 947
2243 1850 351
2149 2388 853
1288 7975 752
3686 7399 276
7907 5211 370
6978 4927 790
7934 4937 324
4175 474 511
8962 7424 794
3195 2635 711
95 5408 180
6479 37 549
7485 1264 869
9483 3895 744
5036 1342 293
7114 1404 191
4126 1054 49
1361 7571 681
6439 1388 580
1911 2810 671
856 2470 405
6320 9628 53
9375 2776 371
8796 2476 43
8175 7878 288
742 2775 228
5777 9300 761
9900 2077 386
2778 506 241
5593 2300 525
2075 9820 391
1102 4403 99
9996 76 654
5768 2661 635
2979 3928 201
9151 4922 899
1647 6395 624
5855 2904 911
3224 7042 882
8569 399 151
3010 331 967
172 7169 102
4487 6665 947
5445 8304 579
2308 5277 851
9377 1140 555
9921 5287 845
767 2915 681
5346 4063 684
714 4690 175
7339 7822 621
4248 2309 445
6366 2278 194
5442 170 751
743 154 208
5761 6164 904
9649 4474 719
6032 4178 806
5681 34 440
3797 4095 370
419 1635 12
102 9302 428
3677 6944 957
1751 6589 589
5912 1282 601
8556 9664 671
1823 1523 944
9293 9963 383
2862 3522 90
442 2025 480
7083 2866 388
9805 5274 991
5012 8415 791
1557 7167 952
9870 3235 910
9719 4728 435
317 9671 794
1451 728 19
7517 2939 288
6002 3838 937
2501 2640 950
3713 4630 390
7741 9225 272
7450 4122 364
6020 89 303
6780 2924 437
4419 2093 750
8970 1647 176
9265 4357 461
5422 8720 879
1757 7518 526
3270 218 241
8281 4100 397
8275 4785 700
6128 9260 19
4683 7750 592
3505 9508 185
2188 2956 319
5780 5922 309
9706 7555 671
7064 3559 207
7690 6010 984
8926 7664 652
497 4594 350
5120 3030 409
8494 1004 101
3373 1079 461
396 6756 726
6798 3782 195
1649 9401 858
2311 2645 397
4301 6452 693
1425 6633 722
8319 1928 149
212 6930 565
5463 6083 971
7760 2183 698
4312 8394 566
4539 4604 317
6735 7491 588
3112 1069 689
1657 4442 366
1052 271 732
5222 1542 125
468 8471 267
9463 4199 951
3951 6713 943
5154 5623 940
925 6569 694
7069 8657 99
2027 7404 264
6524 8329 675
3557 7636 400
9672 451 921
3770 5428 273
4655 9840 133
8127 7142 797
5328 6384 13
5803 1275 401
2958 3597 259
9137 3874 605
6569 241 798
4391 8714 510
230 2254 575
2589 8129 238
7386 3214 205
2073 163 708
6613 8853 314
5020 7304 30
5437 28 444
2536 9660 254
7066 9784 755
1916 8700 180
1752 8710 116
903 7470 946
9871 9226 817
9340 6706 248
6442 2095 331
2800 6285 730
8115 9928 514
966 5899 783
5113 2839 533
9724 1370 953
9196 8518 275
8205 3807 308
811 8348 633
7766 6119 107
8749 6171 898
695 1496 532
6210 9267 383
9953 5561 936
7891 5595 346
7437 5906 953
9629 9271 648
1143 2500 450
6358 6419 791
3872 5298 802
3580 7842 774
8788 7731 477
1469 8699 177
7790 2819 625
9908 3146 917
2674 7975 695
4898 8295 645
6583 7416 309
3155 6078 137
2326 5105 161
743 7262 610
8281 5998 105
1573 4897 537
91 5394 100
5448 9600 617
9363 400 405
1431 6438 995
8942 8338 624
7714 1650 928
6824 9825 484
3419 7341 706
6059 6735 569
8948 732 559
5202 148 22
2957 9405 837
5062 2489 612
3461 5925 804
5593 2768 151
9364 1619 760
3852 5786 601
6645 6108 435
564 2386 783
8301 1722 696
572 9098 128
4983 4715 313
1552 4098 563
9827 7708 378
4816 4532 801
9326 4776 347
9887 2394 749
5891 3192 365
5552 7058 543
1911 5244 842
8932 2163 664
2335 4741 577
7145 8496 30
5959 7256 905
956 7361 111
944 7574 327
4506 1182 933
918 2388 985
7326 7601 231
7696 2478 338
464 7479 797
43 7114 611
7590 466 970
9960 9270 621
9587 1265 451
9546 595 183
8527 1506 94
7735 8125 798
8337 165 67
1978 4929 493
2592 8650 685
8915 9024 43
4089 6081 254
1579 1597 746
2809 7899 374
5188 1082 531
4427 3051 757
9143 7426 604
2014 425 540
415 2190 431
4494 5097 670
759 5594 48
9491 9016 893
4096 98 771
2578 6013 822
2617 263 154
5225 6310 590
6234 927 295
4920 662 481
9888 5461 838
344 8745 838
7891 6215 506
94 52 486
9292 5358 743
9517 7594 985
2043 3430 216
3968 3451 815
3802 5678 6
2182 8865 126
749 3197 202
3244 7660 48
2943 1241 764
7292 9425 75
4296 2171 46
5220 5615 389
1760 1338 234
1857 2375 799
5567 8044 392
9802 5989 233
7301 894 208
7787 3311 785
8687 1767 897
7815 572 220
2447 3568 732
3647 6230 975
1808 5154 214
605 7107 270
3622 9670 493
7361 2855 522
2464 7737 828
3438 7121 970
7319 2892 384
3068 1791 736
1675 112 497
9661 432 356
877 256 922
4510 2755 202
8302 9174 30
9556 2959 6
4431 5614 62
758 8516 40
2302 6955 27
1125 4567 464
7050 1549 705
1104 593 818
4819 2914 330
6293 6989 174
7647 7065 43
2784 6445 33
1195 8011 520
6534 1769 463
9216 4579 608
2205 6162 956
4172 570 249
7860 2725 819
3750 23 207
8881 8710 79
3848 7661 83
5507 5210 421
8566 5740 169
8894 1451 258
5223 1965 317
6999 1559 513
8148 3378 486
947 9436 879
1840 4210 145
1172 7794 616
8679 279 540
736 7718 126
1034 348 862
2455 1587 202
5711 4906 881
2247 1061 612
9714 1391 570
6293 8686 259
8740 9876 123
6180 4112 681
6829 8495 519
8851 7377 194
8065 9204 636
2398 4887 481
4656 5037 789
1350 5855 702
1695 8794 371
2142 171 591
9068 9345 136
1725 5915 730
6453 3110 752
927 2750 589
2639 3849 634
2699 9720 650
1200 722 319
8760 3260 678
1609 1361 316
1753 4560 863
1695 4606 512
7686 4072 896
763 9347 360
540 2818 568
7970 3115 342
6541 7563 93
5110 3521 746
2451 6257 986
2468 3659 494
5665 4026 65
8818 3137 207
1428 3786 169
9381 1159 482
6544 2488 729
8173 1641 861
6423 3541 903
6220 6544 518
6835 2171 2
886 3355 613
1043 9680 461
6780 5834 417
9109 7074 287
1546 4323 902
185 6855 857
2885 4886 847
2083 7111 568
8494 9055 595
4894 8775 823
509 544 662
6069 9360 800
2989 4702 535
3069 7365 178
6752 937 31
6315 7787 637
5939 4845 831
8204 7689 701
6486 5670 959
4908 682 270
298 7358 336
4077 3472 813
7300 7576 134
1052 1869 304
4405 1769 394
2041 5138 722
4501 7853 526
860 5999 857
8203 7176 300
8985 5665 399
328 5175 159
4951 5235 970
5478 9070 721
8005 642 278
2365 7212 554
7562 6383 783
6811 5528 819
464 7376 743
4220 9167 13
131 1944 296
2379 3255 846
403 2014 59
9638 3117 574
1806 304 165
3931 4557 919
2762 797 28
959 8491 186
2588 4061 166
5521 9126 326
2973 3326 831
3355 1293 839
693 3243 889
6175 473 753
5552 393 85
4424 6890 303
6704 8740 520
851 432 362
2013 3983 935
4859 559 960
2432 1005 562
5008 2644 243
191 747 953
4687 2321 770
4930 9637 137
839 2924 153
1923 416 480
1579 888 943
8293 3689 109
6041 8472 622
1771 7198 574
9410 904 505
6649 2635 807
4848 6602 274
7603 582 38
353 34 15
7131 2723 224
3276 6212 268
1865 800 388
8035 7291 553
6048 1605 530
4475 8024 389
3718 2154 31
168 2555 854
6160 261 319
5516 812 813
1538 9299 73
295 5737 780
4709 184 282
2117 3516 889
9751 1367 846
7073 7397 303
4741 7180 172
2642 2149 956
5684 6445 476
4135 5270 828
444 6169 8
33 5839 724
853 2175 883
4478 6805 863
5038 666 897
9147 7995 904
2530 5626 477
721 7882 547
1468 5958 274
1573 3886 545
3238 4358 695
7958 7638 834
5076 3795 182
5831 7053 150
6161 1206 569
6710 1889 213
7263 4988 922
1195 4777 643
7680 9795 163
2678 4006 693
6517 1761 456
8137 4573 956
1451 9286 689
219 2780 2
8180 4208 446
8354 8982 829
2032 3236 289
5757 7398 195
5905 1971 614
9436 2515 701
5854 7230 522
9593 8605 15
3422 9785 839
8477 3374 868
8453 2297 631
5277 5820 947
8941 1224 380
4778 1657 257
7612 9850 452
959 7948 636
8212 5618 164
3344 4540 169
4115 1958 760
847 8722 230
6082 2310 154
676 7183 220
6811 8200 365
9022 2438 981
7824 4010 54
8120 4499 489
9394 8915 349
9101 1110 699
3308 6615 564
7055 8982 853
1156 2874 21
42 587 987
8483 8518 11
995 4967 583
8463 8110 118
6920 1578 165
8685 1673 881
2451 2662 135
6470 8231 514
4221 814 282
7886 9595 261
6705 5729 487
5672 1429 588
7890 9076 482
7482 8124 86
3084 3578 897
8338 2185 371
6246 4551 234
1528 2247 82
3307 8173 203
2643 7966 449
9874 9757 291
5227 3765 778
2860 7729 904
8030 318 903
3092 226 409
349 8167 853
1115 5245 176
1766 914 731
6277 9620 337
1022 8703 273
9557 6750 337
7429 2168 797
3389 3487 182
8011 6672 961
4894 7013 95
1485 475 215
6265 2938 92
482 7591 564
7489 1462 610
3587 9695 356
5563 7682 85
7813 4409 427
376 511 102
1833 1724 178
387 3094 340
3853 7437 678
8491 6135 272
779 7292 51
8780 3971 312
1554 8941 623
5262 727 15
1293 4007 768
5592 9200 458
5001 8040 598
8933 9149 480
9411 9518 255
4815 1069 89
5709 5579 159
5627 6943 726
4993 390 247
3510 7896 653
3249 753 978
6131 9916 168
7333 7159 850
5500 6944 307
2949 2999 34
29 5306 157
1905 8021 946
890 5390 976
1639 7109 320
9085 9884 637
6942 4222 752
3403 7825 81
972 2729 936
263 2738 777
1854 1300 81
537 1913 513
3119 3013 116
5855 2726 454
4688 7725 178
5769 8087 339
521 187 361
9823 6628 748
906 7672 750
2713 7491 754
5298 23 919
1418 1850 693
8066 9042 597
6169 6381 814
4104 6829 797
7760 1393 475
3181 1753 551
9799 7353 818
6526 3269 205
1538 8778 34
6076 7424 490
6623 9253 819
503 451 107
5959 4669 800
2293 8244 9
3121 7597 938
8835 923 172
3279 8846 194
2718 9533 118
6372 8226 965
8921 7220 837
6728 6529 352
2415 7016 233
268 3254 114
7750 7546 962
7071 544 514
6265 5619 849
503 8843 757
7845 170 552
1032 3867 395
2385 5290 219
109 8749 163
656 3450 181
2640 2800 983
4786 8321 49
9672 413 111
5686 2199 575
435 3339 537
4962 9842 165
2769 320 653
9262 2834 82
4809 1887 551
6388 3193 366
317 8775 677
8907 1676 583
133 7333 673
4654 9070 819
9448 1904 449
8928 272 209
7616 5830 415
6316 5698 510
3648 3166 865
1478 7473 162
3554 8948 514
6869 9997 131
6739 9589 142
2091 5974 374
7235 2270 613
6461 3766 800
2349 3784 509
2271 3 669
9745 8916 957
9467 4692 255
1884 6310 182
7482 9832 655
2593 9991 181
2347 6371 603
8389 5779 781
7167 591 748
7226 9397 638
1799 3770 792
8045 8340 568
4503 3809 266
5408 1587 31
4674 7052 535
688 6702 41
9112 3481 771
5118 2940 432
9990 8237 120
517 5407 637
6180 4173 119
5607 2106 829
7887 6215 624
4949 5292 718
2250 2778 390
1342 1699 960
5864 4573 293
5736 1533 181
663 2079 344
1251 4374 447
7140 7311 408
2914 3286 275
3565 7723 168
4704 1814 512
4255 2446 427
765 2728 498
5127 1226 678
5540 2439 817
9975 7329 891
8696 2392 591
6284 3374 253
4063 3591 748
9061 4152 464
9872 2174 90
8243 6634 549
7071 8478 945
1025 3937 459
7918 5361 112
6933 7908 970
5834 3001 813
7669 1144 143
9441 6113 447
2265 3259 421
2268 1668 964
5728 5860 28
540 7317 659
332 3813 217
1347 1126 235
5647 2111 960
2737 9990 472
5393 2958 161
1688 7122 32
7687 3749 991
5423 556 472
2520 8301 184
2543 1083 220
3383 6624 397
1946 9768 383
4817 3001 185
7250 184 345
3340 3218 722
281 8531 45
1795 4379 777
1994 7353 681
1108 4804 701
2197 1797 635
5576 9525 554
5039 6952 462
5815 9438 12
5504 1608 56
5372 2851 690
5090 9204 864
5427 3000 146
723 4014 478
7958 399 699
8584 7834 739
2887 8368 234
9532 320 328
1382 9259 20
7177 8214 656
9763 9947 469
151 4009 70
7312 3482 248
8153 9033 919
8398 5696 207
876 1635 555
5416 6400 838
9477 6042 483
7384 1267 551
313 5649 462
5183 9370 945
2225 1522 686
98 2879 774
3376 9772 687
3485 6064 689
7186 1219 797
6203 3815 583
5891 6402 204
9008 6777 202
519 9658 910
7564 5965 704
1950 668 548
2292 6975 659
5276 7877 641
1062 4980 176
1333 1087 682
6979 84 139
2578 9414 4
1627 8755 395
6047 9910 101
2079 884 927
2024 1353 858
5659 4154 106
82 4622 687
398 4605 94
8990 9650 750
8784 6425 886
816 8162 413
2326 843 697
6843 7259 548
4092 1918 63
9378 7801 781
6729 9560 326
3708 8541 616
7122 1342 904
1524 61 262
9395 579 109
8159 4205 2
2674 775 446
1521 6093 683
8449 6000 316
6224 5802 81
4009 6582 689
4607 597 225
2741 2032 519
6675 9988 815
9673 6996 770
2397 220 363
2152 4577 58
5474 9007 533
661 5461 533
283 2831 627
1823 1224 281
5273 9112 552
2544 2307 257
6026 7612 156
498 7821 19
1279 6775 395
342 6023 38
5637 7378 204
9880 4615 546
6631 1638 974
1403 5625 135
5119 2872 207
2903 3338 759
6440 1585 910
2195 7689 73
1582 8939 249
1355 7005 68
1321 6128 510
1682 1247 650
6584 1261 851
5685 2576 713
3600 7313 391
406 6703 525
8605 9514 1
1095 5005 195
7452 1145 67
258 464 22
4740 9052 250
2013 3917 3
2769 7469 567
5148 2047 82
5753 1426 753
2110 1438 339
355 6395 689
6297 718 24
9478 4140 892
867 5171 942
837 4767 655
1016 2466 774
737 1051 58
7432 8700 385
4884 6260 866
1116 8172 221
3207 3959 721
9025 9319 44
3903 4791 738
622 8888 951
950 3249 632
9455 4118 582
8201 5282 851
2755 9524 43
2736 3210 297
8211 5202 649
5601 2679 255
154 6866 414
7918 3908 523
9986 2576 530
5361 7132 925
6345 2769 53
578 8904 350
1434 6993 723
5925 9447 202
2233 8888 648
977 9800 832
9924 9616 108
8590 3819 838
1791 4436 537
5024 8422 967
9403 2007 616
4983 6242 490
733 1619 382
365 4852 143
892 9938 893
3831 2843 104
9560 4080 571
705 6142 197
5055 1128 511
5544 3317 962
8619 2561 548
7572 5429 668
7573 7622 652
9910 1837 327
7180 4176 337
1329 2462 503
7091 8654 139
1147 8645 946
8638 2726 963
8763 3098 176
5838 47 577
6041 8374 157
2600 5566 471
4591 3079 632
5463 469 733
7913 7847 302
5507 9784 945
8859 5960 487
505 9076 45
9187 1102 111
570 11 483
5246 49 37
4177 6993 624
2542 2072 788
7565 8929 789
1009 1750 57
1662 7633 270
5290 4980 183
8663 6605 224
7142 948 626
1129 4005 621
7851 581 607
9921 382 814
5472 3519 580
7847 7381 422
5448 5063 859
2918 2506 661
5106 5982 604
6333 2715 568
6196 2977 736
457 2292 420
8972 3701 78
563 5187 611
7484 7165 914
980 9247 212
1154 4098 343
6557 9857 143
434 9364 354
547 8120 859
1774 747 542
2885 1763 822
3705 8142 164
5937 5502 806
6889 8901 647
2365 2104 151
8305 9689 132
9873 4964 333
773 7544 210
7700 8016 861
660 1975 73
5952 3273 940
3438 3585 352
6488 8198 673
513 1021 393
6409 215 575
6449 8392 792
8971 2954 323
1704 2714 838
2457 5018 5
4813 8261 321
7353 8787 151
9910 5 521
9428 1459 441
1385 3469 856
2633 5460 350
35 8746 590
9048 2941 165
3269 929 155
9042 2909 665
6698 1718 544
1073 5167 688
3716 2296 93
2656 9317 558
6056 6706 429
5100 4930 938
3625 3003 692
1319 4326 909
5800 9245 803
6929 948 453
8305 6402 674
5224 4249 298
4765 9469 892
9019 4814 39
2977 9551 72
6082 4498 24
4721 2871 736
7482 6738 62
8385 984 305
2363 830 468
5149 6108 274
6651 2025 315
2584 1929 957
671 508 936
185 6775 893
5815 1243 322
4921 217 99
1544 9722 498
229 7462 423
9961 1743 544
9166 8987 860
4655 6224 77
8648 8117 214
3860 1781 599
3683 7112 205
2595 3073 590
8041 1505 721
9797 1057 407
3285 2363 957
5799 5025 281
59 2988 705
2756 4922 69
28 2558 95
1473 3650 820
4782 508 233
1057 6227 633
3302 9716 137
1200 2547 405
5939 5385 444
3453 9753 146
2470 7830 782
5998 1657 417
143 2279 949
9191 4270 93
1948 1602 240
2519 367 805
1955 6897 907
9097 2244 767
1813 4593 441
9513 6524 976
3114 7831 430
6946 557 591
8470 2904 835
5309 9716 520
6965 1098 173
3829 9474 168
9524 1762 213
340 1297 237
3811 821 561
2897 914 461
3399 1740 577
2437 7810 947
387 3118 742
2291 2813 669
1215 3074 555
7479 8772 492
7470 3854 768
858 1249 786
1655 2472 252
3307 2527 70
64 3309 20
9386 4179 109
2137 1067 695
8876 5779 177
631 130 496
3827 2305 637
1665 3881 250
2697 1396 236
590 2234 13
7970 5719 352
4837 78 713
8082 1347 616
9931 9015 939
8825 1952 32
3268 2065 575
2018 1071 205
3831 5915 156
7883 9343 379
6863 1183 189
9021 3643 499
5406 4181 621
4571 270 372
3957 4039 576
8042 9601 884
2055 1163 674
2453 8438 918
9378 614 637
6994 790 754
7477 9065 17
7277 2351 426
2202 9892 703
1273 9631 947
5567 714 665
1255 5593 638
7969 5662 716
5485 3236 276
3979 3205 19
9912 1579 729
190 6278 420
9486 9939 773
5729 2906 817
347 5275 597
7313 8520 251
7053 2135 769
1503 4812 590
7254 8303 389
9810 3998 232
5976 1290 169
7400 4385 293
2143 371 855
1867 375 406
7252 5000 594
9986 7449 45
3353 860 204
808 6915 794
8524 3397 740
3536 4140 493
2147 5195 422
6413 7907 430
3098 578 797
108 4183 740
2003 741 201
504 6031 972
8612 7899 957
5816 4392 971
2559 9154 61
2792 6648 254
9641 8227 155
4374 2456 774
2397 5651 947
1837 3824 301
7500 115 329
1285 8360 928
5052 4105 894
3105 9062 128
7248 2688 468
9310 9200 566
6722 2418 973
8502 982 775
5781 7452 55
2864 6581 406
3640 9431 863
2322 7169 175
5747 1648 720
1528 1129 593
7843 8692 277
7800 4473 728
5508 2744 154
3108 87 350
3957 4375 126
6456 6049 524
9895 5934 493
1946 6351 776
5091 1899 783
7353 8626 818
706 7450 692
3987 4927 762
472 9606 578
2740 1889 756
7880 1882 238
6653 3475 489
3531 209 354
6148 2463 565
4300 4893 112
4369 766 810
1196 1592 508
7693 6449 687
517 2038 960
1649 8026 132
4549 6914 583
2218 7282 827
9139 1647 565
5845 6365 17
2463 210 840
5482 2230 544
7936 6795 757
7431 1437 800
9474 2974 471
173 33 761
9723 1728 439
2253 6374 94
2450 2383 382
2490 6199 482
4209 7123 235
1303 120 46
1126 42 868
7700 7397 426
8653 646 503
1993 9463 485
5851 7885 333
4494 384 103
3298 2255 860
5242 2030 739
6697 3518 341
9596 125 773
9319 2250 465
829 8851 390
1572 1168 645
8796 1025 704
6962 6145 942
1935 1778 329
3654 4838 813
756 5306 364
6697 4809 771
9009 3091 572
1307 4284 99
220 4589 530
8277 8880 570
7448 5389 748
5278 2723 155
94 6130 93
6535 518 435
9491 7551 733
3106 5213 719
5277 5117 597
4960 5801 559
2236 7452 478
8596 9817 945
659 8511 331
9884 5925 879
7713 7864 822
9839 1744 575
6350 8429 213
7247 7099 414
9684 5761 413
5344 7040 558
2813 3952 300
6627 9008 260
3553 6831 62
9883 4153 155
7447 5964 532
6017 7896 93
9776 3887 738
9790 3510 46
845 4981 482
974 5651 578
988 5437 679
5925 1117 360
3184 575 652
7785 2201 703
914 1249 595
5118 4618 487
9428 1749 581
4258 7058 581
3772 268 971
8926 9512 303
8887 6861 671
1020 552 984
527 4946 848
516 8448 524
7804 121 189
2007 576 139
532 3786 75
1725 1286 726
8844 5153 977
2104 1093 899
180 9716 175
2983 3746 140
6127 4768 714
474 6999 507
5862 5483 72
122 9756 756
3526 4509 186
7065 1572 542
3293 4123 562
8772 1754 154
7836 2683 630
4668 8965 186
1916 2037 644
7445 9758 983
4334 7651 702
195 9052 219
3357 6385 46
4459 5147 117
4199 2321 432
306 2603 917
8322 6659 671
6590 4280 944
705 9389 775
590 2424 783
8779 6610 708
1038 6360 375
2104 6826 777
7270 4127 900
8569 1909 781
12 2808 619
5824 8052 784
1267 311 604
3744 815 233
4263 5337 551
6793 8150 632
6979 6905 507
883 3837 133
4425 6768 346
4689 5498 722
6050 9453 633
6796 7965 472
7553 1595 33
7851 5701 912
2346 87 162
7899 3617 697
1746 9910 737
4173 5042 905
1341 354 327
1585 37 117
6060 6767 19
5663 798 206
2273 1723 316
7869 2654 627
4761 3638 857
1426 5189 181
7356 1088 603
1941 8324 921
4380 2712 288
1759 9675 454
5329 2185 682
4216 3473 636
725 6652 958
9985 9149 764
4697 8823 729
8050 1690 179
8360 2255 975
8997 3353 557
2437 9948 935
2177 1950 421
5215 4637 459
9136 604 932
2708 2443 925
4184 9997 755
7613 4864 907
5632 1611 246
5984 2129 675
2081 3627 232
6693 8093 796
2055 5876 292
7006 6722 754
5831 7158 599
3818 669 659
932 8278 120
2390 2296 714
339 2436 861
5784 6824 129
9524 2350 666
8800 1449 149
2855 8912 664
2051 936 81
825 1700 4
480 6440 532
297 9670 496
5264 8284 856
6264 4373 780
2307 6558 457
354 8542 308
2817 1979 924
1081 1619 649
7786 7897 293
7575 8134 735
293 2395 505
8378 9866 809
9495 8373 659
4470 2212 244
1567 1058 952
5620 8900 210
2198 7050 188
8036 9306 103
1061 4252 209
9570 3344 327
2302 8470 373
5910 9034 133
1692 9549 755
9582 607 972
4761 2747 646
3470 1213 254
3987 2665 26
9549 7327 509
3424 2571 501
2248 3534 657
2238 7665 361
1357 6844 795
4427 3586 98
2213 1021 680
5316 6592 831
3982 9716 200
3335 8676 420
1334 3281 766
8011 9654 631
3854 7865 117
5833 3064 381
3645 4494 341
4978 4195 835
8 7853 152
8195 309 826
7328 6776 315
9327 6712 673
9183 5273 731
2244 7355 534
6382 1686 327
5611 7914 201
7159 3471 514
2293 68 575
2294 7130 136
3707 2072 125
884 7313 453
9202 2044 249
8197 752 150
145 6174 451
6598 1105 958
758 3214 26
7664 3063 932
2114 3802 991
9572 9339 548
3514 6400 862
259 6300 901
713 4510 45
1928 8465 361
5279 1729 4
2952 2461 543
9917 230 886
2283 1765 592
9562 6609 904
1227 9692 661
8271 2077 673
6626 7500 194
6080 7169 867
6477 2194 120
6406 9866 292
4617 7649 857
3090 3324 376
6470 55 79
318 3727 634
5805 7880 558
9675 5686 201
7808 319 334
2255 8405 536
8271 9909 600
1864 5235 722
1425 5543 588
1482 3649 716
9079 8572 766
8584 762 236
7304 241 833
5530 1755 861
3079 4330 870
8725 3738 437
75 2541 104
1577 5632 297
513 2276 638
6657 4733 734
3360 8968 104
4576 4629 506
5498 6671 58
6597 4700 94
8826 9577 816
1155 431 650
2448 112 206
6982 5874 669
6293 2682 195
1148 1760 130
7145 4933 989
2505 4085 443
3621 1957 769
1607 1460 246
9806 5492 202
1560 6418 538
2091 2112 767
9791 2988 780
2103 9123 575
1845 5143 866
7097 6633 770
2743 4809 772
5944 6375 956
8480 3366 396
4487 9685 248
860 7132 882
4715 3409 258
1220 6696 434
2198 6102 86
3401 8670 794
7920 1174 375
7015 863 893
292 6940 760
859 9739 796
625 5150 83
1970 6816 782
289 4862 854
1063 8771 272
1162 8752 428
7453 1968 105
9041 7097 547
264 7907 460
8920 9709 182
9503 6542 63
4657 8728 427
654 3232 948
1232 3594 391
4389 7520 324
3743 660 253
4371 6229 745
9668 9362 657
7344 674 81
5125 3326 822
6816 1727 445
2225 7835 752
277 2267 450
2118 8956 608
9312 2582 526
8715 2919 790
1264 754 898
4203 3297 650
9204 4686 386
5644 9711 116
6920 224 974
6606 1312 905
6007 9486 618
7882 8987 428
5353 1287 169
4360 8978 982
1874 1728 754
839 390 604
605 6227 958
6568 629 33
531 9786 112
1791 1008 77
3901 910 163
5141 5496 318
4010 1819 60
1005 7843 571
5624 3946 44
5413 1525 454
6885 4505 503
7950 9786 479
6738 8506 294
9693 8719 569
8572 8826 270
5193 5263 651
366 6705 93
3755 7484 426
3231 3953 449
9006 2885 900
4831 863 872
5170 2532 755
8447 9866 864
8494 806 214
7964 9848 924
3046 8267 937
7323 3768 93
2715 9182 132
1058 8679 982
2360 9148 874
9453 6287 880
7329 9287 679
575 8050 534
5842 9719 53
6021 5917 175
1764 5382 432
3996 7951 736
4902 2877 330
1283 2350 773
5051 5655 464
986 7574 868
4868 7674 44
1050 1231 222
860 469 95
3041 4168 105
5418 1394 227
4868 1186 120
9273 7644 347
629 7312 470
2544 2111 758
5025 1363 939
6443 5315 212
4234 3592 298
2916 9401 752
7045 2745 588
9054 212 988
2763 9231 133
9938 4791 337
2177 8449 366
268 3182 892
3573 1177 86
3271 854 592
8880 86 379
7022 8077 404
9753 2070 814
1720 1608 551
1940 5253 298
4543 7529 897
7186 4503 373
9742 5279 815
7459 6768 457
8146 5581 222
9988 7214 412
3300 1178 541
8957 3024 22
6471 9000 844
9446 964 107
3955 6496 244
3471 703 41
8361 1258 579
1201 4416 637
2285 4315 436
4397 3670 468
8811 8663 628
1962 6053 416
8456 4359 458
124 5284 630
8756 3744 727
2189 6493 977
5500 3579 361
6302 6431 372
4311 419 58
6490 5972 176
5888 3367 665
8914 7584 385
9623 6688 731
4325 1544 768
8641 2015 319
6331 1017 616
9994 6894 704
1049 7950 731
1428 8135 53
7807 3209 583
5612 9005 803
7628 1368 811
5950 7055 242
4452 771 119
2551 3886 251
5481 2741 564
5696 193 459
9670 9930 490
5201 2448 48
1546 2504 936
3592 218 907
2188 5697 836
822 7836 710
677 3134 835
2614 3350 385
2028 3490 934
4039 8355 990
3674 4985 49
3067 9199 881
1036 6588 534
1075 1239 32
3578 3570 245
4968 9751 13
300 3890 907
5379 6183 885
1497 7726 276
8933 2995 156
64 7937 288
4907 2144 739
2263 3454 601
1536 7899 251
8514 9393 567
544 144 369
8236 9933 346
8712 7728 522
8055 4096 217
3796 5613 430
9155 2197 267
2538 1374 410
6897 6538 795
313 5926 196
9384 8530 626
7739 8882 861
2070 9308 99
9652 9720 906
6613 5802 459
6646 7806 437
3551 4027 84
192 5524 305
2906 9453 853
8328 6395 9
2243 6528 838
9255 6271 638
6011 3321 421
1241 5790 788
229 3702 361
620 2155 521
3967 7728 737
2813 9550 175
4076 9478 36
1308 2852 708
3222 7790 304
9307 2052 546
7746 5393 697
2117 6046 584
1626 5268 49
9837 1957 535
2047 8591 276
1830 1117 844
2042 1498 377
6808 1021 559
8871 5016 461
3064 9237 734
7923 836 177
8349 8477 600
7777 6800 338
8333 7652 246
7249 8339 327
8849 1255 214
234 5911 608
3048 5100 240
3829 4335 412
2090 1783 936
9690 2593 523
636 1526 514
9607 9586 127
2474 3828 998
7878 5139 804
9448 1332 871
989 3896 464
80 8551 801
4902 2303 531
7075 8885 739
2653 7205 760
3788 6331 234
7351 1936 438
52 6590 846
5872 3895 631
5458 4214 743
5380 4121 817
5204 6551 613
1432 2733 349
642 5608 531
7456 6042 94
7831 2757 343
6932 231 278
4167 1810 669
5880 7508 655
5128 4183 884
3632 31 8
718 4409 243
5767 6047 138
3445 2531 796
4179 1000 199
3049 6619 935
442 5401 853
7770 529 958
4820 7269 388
9636 1 418
6102 369 466
2049 7736 832
2845 2732 521
5654 1510 768
4679 2884 541
5320 5481 310
2227 2332 24
7227 263 75
1162 9335 124
149 7257 61
8373 2028 556
1297 843 691
5997 9285 614
6632 7283 442
6483 4694 544
4913 9861 414
9270 4346 783
2303 2461 205
4433 8915 832
9056 1865 228
8545 6736 411
5230 1082 859
2524 4551 973
8022 2844 749
1358 922 714
6607 560 12
2716 4975 365
9485 2335 518
1627 4303 116
4601 491 618
9516 2890 827
5198 397 681
9742 2217 685
9149 3762 339
8070 7669 651
2343 2883 124
5606 893 322
549 5400 719
8258 1579 912
6145 1631 757
4995 3020 732
3215 3591 868
9249 44 969
3729 5597 699
5747 1419 469
4056 7896 922
997 5020 82
3692 5070 687
4606 8080 417
3013 1622 706
2243 1551 960
2000 1802 444
3541 1293 527
760 6564 564
7020 5043 455
8032 4856 348
1895 7681 16
10000 7532 361
6457 7022 279
7567 5003 813
4276 1852 624
2000 3370 28
3429 7976 133
3136 5968 651
86 5858 507
4788 4632 832
6224 1835 582
2540 6230 695
8252 7507 922
2497 5083 453
6161 1130 378
3029 4781 359
5577 6313 182
1676 6735 412
2411 8015 998
8714 4098 631
6541 6596 436
4045 9423 765
3412 4665 218
5323 8010 64
5747 2210 363
1508 1879 806
435 9733 461
4335 8349 567
1467 9490 409
7995 8062 510
3160 6267 822
8452 2533 888
4249 282 901
7166 158 889
6208 9291 829
1350 5336 492
1181 406 945
7768 2038 542
9241 4601 593
6162 7618 816
7637 4356 550
784 8403 183
659 9750 723
2060 2519 615
7712 5405 877
6755 5722 817
7064 3249 435
1871 9544 426
1621 4886 731
194 3433 36
8333 173 682
101 2147 198
356 2391 901
8398 2111 267
5114 5123 273
9655 2016 879
4186 2362 92
5411 7705 127
2871 6443 888
5286 3946 387
7452 5607 27
2914 2223 329
1624 7990 273
9562 3451 73
8972 6111 95
4963 9679 78
3802 8095 278
8938 1452 2
1807 2760 975
9401 1352 935
1503 3683 96
5725 43 128
2115 5896 141
5031 426 305
215 1166 234
768 7358 101
219 468 51
6916 9420 2
1199 6279 470
2632 6775 662
3822 6762 345
2282 494 124
7438 5981 582
4089 185 658
303 2348 430
4773 2657 381
6590 8435 166
9735 8682 165
5102 6511 718
121 9172 335
8904 7130 240
6428 2905 9
3295 2661 68
1188 2144 773
4964 8830 840
9307 7283 374
8601 2136 504
8021 1238 912
2096 2210 410
7396 3344 640
1842 5975 562
8555 2616 336
2175 3919 57
4776 7268 2
9689 5477 247
1507 9958 845
292 4458 954
9183 9299 145
7605 8382 260
7964 266 320
1742 3573 392
5078 3892 467
3789 621 98
9228 326 797
9478 761 170
4766 6058 273
4023 9820 225
1592 2508 411
8504 9953 650
5651 623 418
8421 7754 296
9887 3647 294
1679 4170 198
4458 2482 81
8093 7939 547
7112 2905 179
8676 2409 621
2670 883 889
2120 3211 134
9820 4508 109
9432 7340 459
5067 6717 942
9181 5853 114
9350 9117 456
2321 7317 565
2235 499 711
5743 1523 710
3658 3550 188
7314 3235 940
2945 5998 51
3461 2502 184
1811 1563 203
8205 1795 252
6644 1030 401
7881 7495 468
1168 5400 141
2461 5063 437
5805 9488 156
292 5822 901
5904 4025 11
6160 8341 308
692 5943 757
4983 1538 754
1197 6866 906
899 6866 194
1191 734 331
1005 4697 970
215 3265 74
128 3968 845
603 3205 872
7728 1010 707
1618 4761 663
3484 3349 334
3719 841 60
713 2465 832
4530 592 663
1484 6428 700
1295 274 759
7644 4810 777
2085 587 453
3193 5265 463
2814 2520 435
8052 8753 688
2832 296 900
3045 6457 928
1799 4885 488
8907 8000 113
3246 6557 750
2652 3600 287
1533 7601 731
7949 5642 938
1685 1552 495
6734 5574 789
5184 4842 536
381 1199 891
7691 7399 277
6219 8684 107
3563 9731 262
2328 7696 400
4185 6737 499
8561 986 507
8331 1455 580
2842 3396 278
5214 5636 534
7411 9796 470
241 702 922
1694 6315 402
2070 3224 678
8315 9886 213
3883 5383 810
3673 5699 104
2395 8820 264
3633 9708 780
9135 8567 224
3401 3497 962
6796 969 618
3356 8079 364
3753 3177 911
8891 6177 24
9453 1932 720
5641 8012 73
5862 471 197
8666 6072 536
2607 8648 990
346 1406 644
2657 240 497
9423 5194 453
9712 6643 783
9393 2782 34
862 5114 459
6886 431 621
2406 512 220
6157 7025 268
4277 8331 892
1325 5050 78
8487 838 416
5397 3170 441
5568 3155 536
5746 4948 305
1339 7950 339
563 4097 153
663 8412 456
9630 7973 987
7974 3299 981
8130 3724 291
139 4020 123
8205 4597 456
6400 6229 845
875 3260 106
1681 1882 247
3536 114 672
6022 798 114
9741 6866 435
593 1736 68
6949 2641 919
2038 5322 281
8988 1667 418
5375 1617 81
7828 4329 823
6454 8833 534
2124 2017 982
3033 2700 515
638 670 745
2421 8231 287
9741 1723 555
3905 3087 386
1794 8539 749
2630 1366 511
8185 4119 343
9596 9695 685
1024 1875 46
4169 6618 841
7229 1550 863
8268 199 984
2226 5001 130
3820 7437 701
1669 328 683
1946 3400 684
151 4189 408
6802 6245 726
4747 6377 759
9032 8001 72
3298 6857 99
801 9723 268
7056 8428 620
2645 750 166
2899 2380 871
7505 797 502
9292 2734 559
2641 8405 656
6069 1767 490
3187 1031 612
980 7869 248
4067 2943 868
6840 6613 372
1472 8285 172
778 2497 926
5880 6005 332
1008 8783 802
1075 2124 522
6473 8523 953
9038 9228 698
6814 4880 151
3784 291 29
881 2509 360
369 5378 844
7389 2502 109
9942 4716 23
8560 538 557
7493 329 467
832 4842 780
7322 2096 292
8754 654 302
5220 2324 586
2315 1968 824
2182 874 486
715 7888 933
1290 8736 628
9455 2754 664
697 746 679
8066 4295 346
9727 4901 518
1066 4089 652
2960 3133 368
6945 2586 807
4148 3709 270
9886 3501 126
8189 2747 930
2602 7307 5
369 2852 395
480 5823 925
4406 8082 890
5820 8118 494
2957 8065 751
9701 4948 638
8640 7553 569
1495 6086 188
6606 4068 946
5801 4084 212
2428 4216 283
301 6760 496
5907 6913 112
1904 1699 626
1442 9614 391
1322 4323 772
1167 1132 452
9472 9966 935
9101 6483 809
2100 4599 821
8153 4326 134
2383 3802 362
5766 5592 420
3991 3813 356
7873 887 890
8953 1929 382
9365 6172 659
5867 1503 316
3045 7501 251
1461 5309 191
6437 5673 504
1495 2961 17
1812 8724 935
938 4818 214
5446 1502 254
8970 9871 944
1073 4390 796
1868 7334 850
5816 2365 780
1992 3632 489
2588 2949 59
9051 1243 528
7910 7848 322
6018 5563 532
7596 8823 802
5086 4800 492
7872 5545 296
3817 1696 580
2065 2801 496
4572 9420 464
1037 2688 316
9157 4841 717
5513 792 908
3051 8764 285
3792 6672 452
5921 370 300
2592 1636 926
5085 9342 624
2074 2940 772
6314 5189 415
109 4230 649
6088 1982 704
4240 4798 425
5608 1275 18
7849 1437 776
9557 1584 101
333 8552 62
763 4912 956
5458 9331 864
3868 6030 619
2090 8975 102
4394 8117 242
961 4189 719
717 5060 391
3563 357 715
2025 8746 915
9161 7442 35
3234 6761 409
1182 4151 94
1177 3165 660
768 2892 468
2165 9553 851
783 4614 519
5317 126 36
770 6046 485
2892 6848 545
7247 74 159
4585 5284 419
8131 8981 240
8492 9968 499
1302 132 35
646 1141 727
884 8450 849
6653 7734 663
1013 9842 874
500 2912 127
7625 2599 366
9962 3217 962
8513 9929 962
1527 1295 636
537 352 229
780 997 336
6700 9774 792
902 283 253
344 9284 853
6359 1734 474
5413 2087 6
3960 6735 339
6785 492 385
3734 3399 505
6706 608 761
9585 4129 84
2710 6291 585
7715 1941 640
4443 1296 203
7803 5053 107
5372 8176 482
6170 7071 279
1066 2797 741
888 5956 856
7474 5776 305
2959 2568 533
7810 8972 280
2247 1013 325
4962 2120 83
3340 2751 789
4174 9743 389
9141 3545 833
1787 378 616
528 5774 349
2747 1929 107
2615 9541 608
1389 629 545
8821 2002 347
7511 4675 297
5589 6955 931
8086 2450 782
2449 2585 858
1722 676 244
2953 5184 252
9004 1404 669
7871 9266 628
5636 2077 394
6024 3301 757
3755 6144 919
4207 3280 320
1433 1828 886
4865 7760 778
9728 9910 524
8284 8880 877
9883 9361 823
2068 3098 516
5110 5903 361
5949 1021 895
8438 9054 540
5525 3389 192
2592 1840 591
7470 8721 59
2529 7114 626
3602 7695 687
2488 2894 367
7776 9358 150
6338 6447 384
3633 1561 640
9911 2442 245
4270 6477 859
7618 4502 345
2701 7196 283
277 8927 827
7442 6822 797
9603 4903 516
3923 1143 783
2242 2714 318
8696 3184 417
8862 4933 976
3192 5473 879
4037 6618 77
5537 8155 249
8945 8138 595
5774 9469 40
1061 5848 848
6395 5995 757
6952 5199 75
6615 734 207
4262 1497 735
6910 7095 858
7802 5567 350
5913 2087 369
9141 8850 925
4891 8834 775
6279 9326 359
1667 7655 842
5079 363 388
8513 4729 198
3136 980 953
6286 3429 250
1422 8247 537
6240 6126 800
1511 2062 625
8360 4456 846
44 3283 930
9010 3236 653
9480 3606 574
2814 1354 740
8044 7134 310
391 2715 538
9735 2002 307
5656 5981 17
5198 5672 989
352 733 964
251 7755 87
8058 3869 406
8947 766 169
1566 8105 893
762 495 364
6584 663 800
6890 8485 525
1740 2143 173
3830 1002 286
9865 6777 503
6794 1798 484
2586 2252 963
3624 7424 950
224 9036 514
1952 5721 604
460 5000 963
5835 319 407
9463 9215 409
5290 2373 477
9443 6926 354
604 2147 872
8861 9957 291
8179 2806 499
4042 1275 728
9552 8458 978
9362 6721 450
305 2016 627
7204 8618 679
2998 2553 843
8160 704 108
4846 6756 349
8212 3070 338
1934 8270 860
268 7111 835
851 4081 350
2158 1937 983
1193 3577 599
1438 766 231
3691 1053 449
2781 5404 927
3298 3445 589
2094 9597 531
1158 9508 142
7604 2407 205
4156 4443 182
801 757 518
8699 8464 410
552 1170 791
2141 4857 913
8610 8848 299
7075 9322 896
8654 820 33
1546 7694 478
2372 9933 123
8051 8577 104
5874 9972 200
1333 6730 489
3254 614 689
3578 3816 870
1752 1461 550
5860 612 161
7320 1604 79
9323 9877 710
6199 9575 721
1123 2877 145
286 6741 200
4892 2615 958
2130 4651 281
7820 5827 118
6355 6699 38
6864 7176 156
7129 1238 618
2453 9352 538
1105 2377 68
2961 7140 921
9824 5929 343
4394 7093 424
638 5049 38
2417 3577 589
7710 1056 200
5836 585 535
5737 7488 785
6386 5471 171
4250 2953 69
2377 1927 187
4468 4998 678
3459 2698 239
4289 3478 652
9645 5759 370
1813 559 147
6462 238 415
1179 2245 352
4153 3883 420
4392 5647 299
9247 531 624
9535 9775 571
9954 7597 447
3176 4461 892
3239 5066 714
8275 448 69
9916 4008 72
7310 2966 354
113 318 758
5561 6358 685
1928 2476 149
6424 8341 179
9747 5566 318
1959 3724 8
555 4070 394
3311 1921 788
4473 2602 388
4534 8664 352
1249 6328 914
2802 4455 250
9022 7373 294
2206 1043 23
2529 1749 96
8135 776 355
9707 1066 866
3824 3833 308
9857 8480 390
6772 1014 29
981 7019 182
6532 9009 381
1709 9286 669
3576 8650 895
1201 3542 267
964 1086 214
4947 4056 469
8864 7208 752
8714 304 810
217 9495 114
914 2398 38
1527 1847 382
5878 3271 526
5301 2595 136
131 2169 943
5837 411 680
6949 4762 676
5088 5431 319
5783 520 702
9804 4693 613
2203 2572 448
5607 2052 813
6019 974 889
1095 3229 990
2063 3450 497
8563 6012 173
9433 7745 188
996 3437 922
6372 2298 567
9926 5429 800
3417 3430 52
1964 3361 994
1511 1141 403
3388 2994 885
8215 2956 842
5409 6973 132
506 3686 510
9679 509 692
397 6710 955
4463 3310 300
9263 1843 286
5947 696 744
8404 8957 407
7030 3398 920
2568 4315 662
5556 9669 459
478 614 639
919 3969 298
654 4881 653
356 2195 726
7382 6336 844
1277 5533 892
8912 7080 641
1962 9931 25
5564 1778 36
2927 2521 287
8782 9536 324
4960 1980 360
9147 5250 568
8083 5227 444
6229 1568 391
2796 7779 400
2317 6440 828
6709 8680 376
7549 5925 389
8458 2478 441
1360 7477 694
3369 287 338
6753 2299 691
8551 8467 915
5610 7311 81
9181 791 807
2414 601 494
7985 7227 311
5210 8094 459
3091 2058 600
94 2754 292
4750 4116 478
768 5596 997
7037 5793 514
3766 7945 911
6203 1127 628
9584 9561 131
7995 8848 902
4943 5205 463
6614 598 603
6914 8828 436
3329 9668 867
2034 8870 166
3102 5641 681
2957 6049 691
9068 1708 121
9094 7846 313
9081 2746 20
6324 1712 998
4119 2213 263
8174 4868 997
2983 8943 111
225 4650 398
8345 3274 904
5502 7277 768
2438 6664 901
1504 8746 832
482 4603 993
9117 6604 561
9989 5465 654
5550 8969 594
2550 4508 887
2641 8916 473
7757 8665 961
3811 7730 746
9513 6817 487
9846 6156 731
7740 843 753
1853 5752 299
5932 5128 454
6608 2586 873
3492 8540 802
9342 9509 440
6663 4470 674
9795 9331 193
3060 4125 254
3544 1142 901
5496 8982 448
5216 8355 7
1878 5619 748
1287 9043 739
5563 8895 656
5890 6104 91
2106 5373 753
3584 8259 716
7562 2228 591
6585 3700 166
2641 2997 145
9544 6735 391
1319 6625 28
4374 2819 696
5676 1593 175
3334 4421 333
1191 740 77
7591 4153 725
8662 2859 548
5725 7697 349
8530 3210 362
2037 6352 401
1840 1464 853
9508 1384 900
7401 3707 722
8956 353 761
1276 6757 288
968 2341 832
5544 887 637
2394 3441 347
4972 8832 225
516 5208 126
1853 930 290
1882 5806 535
3499 2965 312
6366 2763 802
8967 5053 75
2786 5179 151
2732 6254 477
1605 5767 759
3954 3990 758
267 1512 468
5218 4944 479
8970 4295 446
1202 2899 525
9376 9622 883
1601 6692 530
3868 9275 315
6671 6826 833
3835 6377 192
8004 1363 287
5943 1777 542
1456 2531 730
8603 7247 521
6510 1844 400
334 7679 143
7659 3394 482
1306 3425 941
7861 4442 828
456 5908 437
3612 2575 828
813 3895 189
4571 7128 297
3177 447 951
7268 279 807
2348 2241 658
8239 7544 312
8497 1104 907
4980 5016 719
6069 9507 433
8436 4812 421
6922 6623 63
2331 408 294
6619 6146 724
4369 7876 143
5101 2810 422
7901 1927 623
6596 3724 186
9914 7185 397
454 2035 765
4052 6613 115
4530 6221 249
5533 3959 98
1673 4617 261
523 2038 400
8465 495 538
7055 4041 963
4579 9541 819
1065 7381 39
3410 7746 622
4823 3137 902
4245 8856 813
2763 117 374
8391 5261 287
4891 7887 125
7758 7204 543
2741 303 294
4143 7955 64
1307 1700 524
3464 9593 743
811 1736 469
5299 3914 504
1788 239 280
1861 3954 213
4907 2178 222
1681 8520 372
4582 6742 553
3803 9263 478
2974 9141 600
7465 319 213
5599 7160 481
2253 420 561
8575 31 485
6038 8107 666
5753 8321 613
1738 2625 483
7915 5913 396
7358 2394 374
4378 2687 596
1115 3859 376
7690 3867 601
4828 283 11
5723 9509 326
7625 972 491
1453 5490 779
5277 9515 288
2868 8717 695
7420 3343 727
9449 2048 575
762 8732 137
5430 130 132
2059 3823 733
4691 5093 492
693 6167 246
2025 1533 237
7376 5641 216
5772 539 399
7462 8883 318
5719 4384 765
1482 5167 814
6239 1367 720
7463 934 651
6473 7745 510
3656 9670 937
4585 7550 333
6222 7485 137
1313 1705 801
7204 8882 615
2376 2501 421
1674 5575 331
7752 77 844
1278 3969 79
1176 4366 671
1089 9030 174
569 7035 396
3658 9334 732
3626 8671 301
585 3273 618
9965 1496 14
2251 7639 373
438 2643 843
1669 2452 421
7017 8185 425
3921 3290 109
339 7430 333
2050 369 545
2917 5360 502
2417 3243 664
1957 45 745
241 2972 88
7935 1529 939
627 8705 63
1302 7892 1000
2726 7273 430
416 6037 5
3217 402 245
6600 2955 651
7218 3593 591
6845 2022 36
7981 996 642
906 5378 699
158 1150 490
3744 8315 347
563 5190 614
874 3700 586
6456 7466 173
1352 8157 208
8721 6622 610
7018 8257 409
4706 3327 779
6015 1306 810
9267 3621 547
1702 2528 658
6136 4179 155
6155 801 865
3699 4784 536
805 2485 55
4290 802 674
3832 2655 74
1792 305 37
6829 5790 11
5034 3081 210
2292 5721 947
7038 7054 360
7261 2163 600
8975 5681 860
9211 635 740
3646 7984 187
3782 7806 264
7131 1161 812
1732 6768 640
1758 2174 442
4298 6744 600
6673 2103 707
4523 7169 466
1395 3755 256
8007 6 49
1162 1168 698
977 6594 339
5270 1118 628
390 2547 26
4224 5573 588
914 266 139
2412 1265 664
2799 2687 339
3868 1073 972
3221 3571 326
4889 5164 949
1856 9224 403
2989 6385 912
2505 1395 441
2775 1283 400
2238 6183 85
8362 6996 606
1838 5161 534
8755 1293 113
9771 7325 431
9817 7140 494
6403 8875 748
2888 9767 125
9929 2511 827
32 1475 815
6271 1327 267
9535 1225 705
8830 8495 9
7435 522 685
2321 6216 351
8662 647 394
1209 9196 61
5246 5662 899
9867 6722 699
768 5627 26
756 9532 518
9772 6083 405
157 8161 81
2557 4226 957
1771 1880 879
6072 8550 504
3967 8902 318
1531 9652 484
5820 5240 105
7772 6214 317
3969 4451 419
5101 920 472
3599 7408 617
9944 3524 355
8839 3168 82
8201 2567 467
2744 3450 853
6749 2811 732
3903 6830 854
7511 1248 235
9019 2485 61
7033 4081 778
2741 3435 519
8392 9788 855
111 9454 729
9316 6975 674
505 3767 180
5876 3299 774
3751 3261 990
1948 3037 321
9359 806 913
8761 9632 317
8925 8595 237
2637 8338 365
4840 118 436
272 912 313
8529 3250 261
997 282 239
4432 9858 763
2673 6305 317
6048 589 336
4454 8489 559
6088 7271 312
9897 4872 326
2040 4496 156
3772 5264 1000
6468 2647 616
2809 4852 764
1116 4770 444
849 5726 517
6456 2075 673
6547 8210 347
4131 1993 822
2446 6778 571
7103 5949 634
416 9568 282
6470 910 310
3237 5598 696
2508 1334 383
1781 8359 563
3545 4739 267
476 9173 739
5541 693 942
3335 7138 516
3962 1585 752
1996 7688 686
3356 6161 100
283 6180 276
7624 6646 142
4553 966 129
1568 1856 684
1746 6010 593
1382 9486 489
2900 4354 319
7861 1271 448
2452 5245 153
5025 257 553
5343 5842 782
5424 7156 105
6092 4955 391
847 7980 993
5551 6326 570
7173 922 308
5955 7350 647
1289 3075 493
7624 3926 459
68 9613 726
9313 7869 116
2793 2775 984
9077 6239 624
6289 4702 954
9280 1690 978
1447 2244 692
4311 9903 323
8180 3351 688
7427 7756 839
1489 4510 311
1071 9662 662
2465 6122 921
9783 1334 671
5482 6300 474
2462 9088 821
8777 5431 816
4423 2488 959
4453 5845 171
6396 4058 125
2816 3836 180
518 8892 729
5730 3577 253
8888 7137 797
2848 2609 851
9335 8052 465
1689 1170 975
479 9689 460
927 1188 425
3089 4579 438
5620 3851 595
4351 5372 938
1565 4753 82
1025 4826 525
2226 193 200
7997 7850 106
9249 1158 372
5439 2836 889
4649 2169 363
1204 5921 167
6260 869 929
6213 1156 775
2620 3074 913
2048 1661 598
1758 8570 843
1820 9661 513
4238 4220 40
3644 1394 356
6976 6239 233
5224 5058 800
1686 7736 903
7817 8023 513
2851 3853 650
6007 6352 22
6436 1121 307
4607 4821 909
2335 4502 872
9909 3849 308
8882 2122 380
3767 1073 297
2030 9424 407
531 5026 145
7966 217 943
1449 7526 895
2434 9587 630
345 8943 875
6167 6932 390
4579 6791 102
548 6726 909
2552 6094 291
520 1450 973
2107 7876 832
751 3222 615
3716 914 547
2257 9909 703
5623 1259 646
892 2504 994
209 8130 634
5132 190 225
1289 5650 470
768 2289 718
3677 337 3
527 5696 492
5152 1314 99
5459 4482 491
3294 143 281
9597 5633 289
4204 5590 837
1155 1753 519
2957 3184 47
1458 8317 112
5281 7604 201
1017 8150 966
5026 5803 543
5502 1381 722
6480 2283 148
5498 4682 706
9841 6022 808
5346 1991 433
5761 2367 883
4945 630 92
8772 9440 757
6602 3103 821
3941 209 502
6298 2738 804
1738 2367 115
794 9038 112
1450 7906 966
7891 2268 367
7392 8460 522
6812 5609 476
4559 3418 595
8431 9475 927
926 8844 656
1145 8885 427
4283 9171 810
2667 4852 896
916 6465 945
2310 7632 447
888 1628 534
9636 100 855
2470 6961 242
2241 8627 524
3397 1052 910
5096 4158 69
7478 7701 296
2812 2630 948
2971 2563 207
2797 1263 518
8160 7460 396
5978 8531 890
831 7448 499
2800 9135 11
7483 2833 521
6776 688 32
6201 6687 361
9536 1330 495
925 6451 944
7950 2486 253
6003 8457 797
841 4335 440
2735 3284 250
5334 4118 609
6886 7280 323
2997 6048 620
3122 5629 655
5804 4462 108
3441 3171 351
400 58 311
8802 3503 503
775 3720 559
9370 1679 112
7947 8702 282
217 1685 726
2311 7155 256
5449 6128 934
8773 2977 710
8486 729 188
7425 4261 700
8722 615 281
8357 4601 450
7264 4724 285
2535 3872 840
4195 619 844
74 7240 473
8996 2682 166
635 3844 569
6047 8261 216
3543 7101 792
4166 5237 233
8933 8133 685
874 7175 461
3433 520 183
839 2753 545
8626 973 506
7668 5310 941
3947 8141 269
9731 1337 561
2257 5445 990
3210 600 506
1885 2237 978
2109 1425 633
2441 1039 998
7563 5511 843
2080 3536 911
8510 3923 834
1005 6631 555
2823 3879 867
9381 8870 368
8348 6878 820
5971 8186 658
4734 1405 970
9879 8928 526
4119 412 325
3281 566 276
919 2337 823
7255 8682 614
7785 1842 628
9641 9988 686
4912 5213 805
615 2203 511
5965 8094 150
9975 1859 417
8309 198 284
2185 303 890
4928 5164 720
2025 3670 877
5043 2139 131
9977 4244 218
759 2218 509
3742 2848 905
4831 620 371
3176 6723 623
7392 8542 65
5554 7278 974
4881 1149 231
634 8465 422
8509 8612 103
1449 5013 726
7558 1067 539
2627 7606 852
8750 1821 751
2491 8557 335
1814 8158 570
1518 6988 642
4542 7188 563
272 7021 173
115 7697 955
1502 3164 59
8016 7922 500
9899 7080 311
5731 6078 862
9497 6677 803
1370 7221 903
8332 5400 977
4606 6605 675
3682 205 347
7921 6333 205
3809 1321 802
1418 654 803
8998 5196 219
7831 7352 835
5596 6312 438
9127 7030 818
8697 3126 1000
6434 687 183
1308 6205 527
7782 7639 636
5266 9705 743
3614 7984 107
7797 8886 216
4047 787 167
4277 920 224
3845 445 54
5665 8374 75
8435 6194 72
9408 486 406
2125 5013 392
1052 6877 956
7085 4738 2
8968 7430 454
8018 9442 421
2154 9160 133
176 5952 444
917 8449 998
436 7651 669
7820 5723 804
2252 4580 585
107 5481 129
2436 2987 323
8595 813 658
2402 2001 30
2602 9725 897
2042 5882 844
5876 7941 621
2042 1037 30
169 9789 955
9642 7371 489
5533 2132 297
3154 7822 417
3007 4129 602
8840 2638 392
5223 66 458
1801 1847 974
2931 4820 805
1945 6855 759
7118 1180 589
107 786 862
8901 7941 762
9307 4983 331
9725 701 33
3951 606 802
9708 1424 240
5815 6905 991
93 3579 208
3119 9882 143
2050 7802 64
2069 5552 591
4975 6725 322
3320 2483 280
2013 7355 67
5247 6607 743
1176 9580 421
642 9419 275
4367 1680 50
6106 2553 111
9197 3999 701
4641 8491 273
448 1025 754
7121 91 841
4239 2682 523
2155 27 559
1178 8191 207
6981 3239 237
9929 1761 868
2684 9391 266
2790 1282 707
1057 9906 948
2040 3832 118
3848 6532 786
4566 2993 63
3538 8257 244
5883 3222 491
721 7084 277
3843 9363 881
6358 32 859
6507 2699 191
9241 5014 174
2056 133 375
5715 8851 854
2893 3695 637
9465 546 334
7247 1324 555
59 5120 491
982 1132 666
1986 564 236
7083 7260 887
7741 477 716
5662 445 911
5874 5415 817
6917 8185 524
1440 6790 214
9769 489 973
1915 1908 278
8011 701 102
4139 6050 427
6370 6874 541
9216 1507 121
8118 3787 530
6119 3831 357
6873 962 38
2642 3522 853
1883 7171 603
8344 1595 427
2910 6096 402
6985 8899 353
7093 1430 98
1529 526 792
1598 494 267
9189 1211 915
8241 3196 716
6903 9380 841
158 7150 834
5767 1945 637
9258 8851 704
3040 2903 246
7623 6758 801
6555 7956 767
2758 554 721
3517 60 708
9169 7401 395
7048 9705 551
8097 5821 345
1020 4629 937
179 2567 320
6602 3843 950
8185 3891 775
6962 2936 249
5561 5238 21
3502 8155 932
1546 7318 971
3457 3150 72
8855 3282 788
5439 2866 767
6619 4354 784
5030 1823 913
7982 3443 288
8529 2653 574
2473 9313 633
7366 5467 982
2973 8717 291
6812 7665 972
8194 2630 975
3401 6268 208
4682 6237 220
9658 6192 315
1557 2904 954
1750 3547 40
9809 3826 300
3203 9603 654
4313 5232 38
7776 1777 638
1869 4681 48
4584 3897 602
2571 9990 393
5056 7216 993
5396 8173 764
3582 9998 575
3900 4040 818
5412 3056 191
1240 6382 373
5533 9471 171
3003 59 676
1864 6062 303
940 4816 408
1001 2238 159
2687 775 644
3748 4130 773
995 774 882
2416 6817 958
1367 6205 23
5142 7761 669
5648 6896 112
8533 3521 114
422 3659 752
4592 4243 347
9866 5331 313
5387 5743 649
8793 7955 465
676 9861 490
6430 247 232
6756 1769 607
4955 2856 504
8174 2770 794
5241 9030 446
4492 703 716
8988 5482 564
8594 7374 950
7222 2642 640
1729 8335 688
8269 3620 536
2760 6707 782
9238 1223 805
4886 7464 318
784 3 855
2596 7216 146
718 7363 3
5752 2029 823
5982 6088 937
2426 1007 279
1174 531 139
9135 5575 135
7993 8497 61
4753 2918 982
6511 6175 250
5672 7249 269
8179 7700 984
406 864 619
4596 199 313
6161 7695 390
2910 1677 725
4003 3869 866
1012 7247 272
9078 7279 266
8805 2873 118
2913 9176 200
719 4120 150
8971 7475 643
7132 1364 778
1916 9911 265
3168 1856 349
8651 5069 915
3620 9151 567
53 8713 749
5339 3148 276
1792 1548 236
8786 2805 970
9997 475 279
7655 8804 277
8690 9190 245
1617 3999 213
2303 3308 208
5997 384 225
1524 2215 51
9396 2389 562
8558 6738 704
9858 9937 752
2125 5578 60
8401 4680 549
8545 9292 655
2625 3538 405
6468 6550 908
8683 1549 942
5612 4042 563
7261 3824 154
2464 4443 969
6431 4316 823
9039 8266 385
9062 7782 168
1502 3437 449
4082 9897 515
3924 549 976
7082 7773 122
3458 7440 342
7032 5042 961
9956 2265 860
1887 9700 195
8835 8548 495
2664 6697 279
9178 4456 504
1390 4796 533
6481 1699 842
6687 8867 42
7933 1953 839
1202 3862 988
4778 7434 656
8227 4514 133
311 5934 204
4625 416 34
4989 9028 809
4473 3487 969
26 9983 55
4890 3276 989
1453 5917 577
9257 2716 884
773 8069 554
5216 595 214
9018 8134 210
3152 4104 205
8610 145 380
3750 314 491
8987 3525 276
2518 387 743
1523 2525 782
2988 131 256
4000 944 754
3730 6356 476
4605 6156 83
9482 8118 185
951 7161 45
7515 7576 525
3877 8687 276
3435 9840 372
5596 3019 958
6433 173 23
1642 6231 188
9083 9725 29
4742 3798 983
4427 5775 640
8994 1970 201
2692 386 578
2863 3608 226
1763 2594 866
4713 4528 692
1654 5965 912
4147 2349 854
5071 2896 576
9990 2853 705
3397 416 621
1276 1481 183
737 8741 487
6992 516 186
7591 6170 792
3452 6243 44
5185 2569 223
3008 2762 496
2319 1976 950
9628 404 326
3690 7741 674
520 2009 891
2516 9803 87
3733 9025 615
195 8377 548
292 4679 100
8246 3451 761
2940 5942 864
3615 6980 4
1839 2726 240
1890 892 860
4082 9588 375
1847 5812 202
4984 7221 71
2275 5936 461
315 9116 488
7622 7288 346
4709 1815 173
1436 5085 471
4398 9804 507
7702 7475 832
9625 4515 999
3892 2222 607
6047 3098 238
4633 5388 301
2866 9612 306
1650 6735 727
3737 5807 755
8731 3219 737
837 1858 752
8377 2436 165
5663 598 468
8871 3430 825
6460 5977 27
9173 3083 189
9588 2118 709
3159 8004 603
6016 7624 439
6615 3988 733
2456 8748 762
208 1776 401
3011 3621 18
9502 9981 512
8885 2188 722
6093 3002 267
8353 8816 6
4534 3697 830
6186 6378 931
315 1817 847
968 1869 306
3782 9347 713
2711 8580 80
3253 8877 725
1268 2854 541
4501 5495 539
1642 3699 192
5041 3556 919
991 8800 980
2477 321 630
4873 5538 951
8795 7850 326
7160 701 837
1875 2881 997
1696 5630 210
2145 3846 611
35 883 668
7589 1518 226
8812 7358 446
4463 2401 580
3873 235 269
5046 7586 455
1288 7973 778
6333 1098 574
1888 6701 746
6214 3766 929
9287 855 454
3909 9991 771
6101 330 391
2502 847 194
8051 8 819
2857 4478 219
7752 6474 939
9259 8856 599
4709 1916 428
8965 8261 352
3441 2423 18
2128 8561 82
9573 3946 484
8609 7877 21
1137 2281 184
8721 7704 592
3172 1698 722
4922 7941 823
3826 5556 159
6469 1830 837
519 7858 49
5601 6229 47
6627 6848 796
7997 4524 687
2357 3075 956
7765 5177 318
8078 3368 294
6379 3694 624
3620 9481 737
2397 2136 523
4044 2581 921
5652 5952 809
8849 555 84
2104 9862 906
9388 1788 657
9385 7872 132
2222 112 880
1945 4222 717
4334 1317 889
9458 7876 840
5600 459 488
2141 5523 599
8822 1453 542
3853 4757 499
8393 6601 20
5664 5335 159
6382 7087 167
6214 8283 147
3906 6889 466
6719 9244 82
9611 2975 479
9384 4506 214
1964 667 641
6079 5707 629
469 4056 829
6115 3980 739
5224 6700 677
6782 9747 217
2545 5398 731
6398 2304 536
9605 4624 623
9721 9972 656
8369 1942 6
5231 9939 758
3482 8130 900
5854 5500 424
9069 2429 124
4729 1341 586
3748 7817 465
3490 9585 237
8834 9383 476
4229 5903 829
8481 6731 741
2919 9295 844
9787 161 41
1396 731 119
2621 1607 166
4054 3571 597
1423 313 144
2885 3923 512
3628 2189 127
6627 3480 217
7451 7653 444
786 518 951
1832 5697 338
4098 6993 421
8033 1058 223
1456 1463 999
8605 5841 362
5301 2728 165
2576 8382 219
5527 2256 86
8130 3011 884
1608 6502 21
8757 3832 969
5087 3287 136
4218 5058 38
4862 5763 565
5697 3478 1
9324 5598 260
1948 3579 391
5389 9759 851
7148 2023 522
9979 1057 710
1567 659 441
7032 9713 789
2874 5211 332
1118 9211 637
5513 3772 147
5308 7040 399
7660 192 67
2148 3416 886
2313 2248 499
2686 6640 362
7210 9039 286
8253 4482 241
1890 8380 419
6627 5454 199
4638 9238 400
9021 9942 602
4970 2746 843
8240 7775 611
8708 823 286
8831 1862 3
6820 808 823
7811 7045 538
720 7362 514
4684 6019 984
4442 7461 642
9969 2706 129
1216 2606 79
4764 8299 299
6574 7805 170
1986 753 503
1251 654 53
1372 9457 770
8194 9579 692
282 2882 92
7081 2482 118
6785 7932 582
1829 623 187
4634 8087 877
3645 9483 393
1213 2482 454
5057 7425 381
231 5148 215
1215 5796 894
1231 4326 803
3714 7941 94
5385 1579 843
8918 45 290
368 4846 829
5753 9838 192
7815 8976 257
5637 5978 277
8780 6585 846
7569 5208 514
7297 969 303
4780 4476 850
6206 9553 93
2657 8866 935
2079 961 172
34 3935 806
8351 7644 607
9954 233 938
1304 1998 777
3665 9523 132
1328 3080 586
4050 2699 608
4069 1946 736
2802 1535 919
6806 3479 778
7834 714 134
4759 9710 680
169 6547 81
8310 1001 79
3772 4415 884
8503 8005 959
419 7501 971
6578 4057 262
2081 9090 729
5773 2671 177
7279 3295 557
851 8538 711
6433 5879 96
4611 7459 832
2219 8015 423
9719 1362 8
8243 8892 651
1019 3834 821
7536 5487 152
8397 7767 937
2487 2976 686
4926 2825 774
3487 798 447
9263 680 687
2081 3318 62
8888 9743 433
220 8479 24
6560 6366 645
9944 2171 915
2624 479 729
2891 2217 912
9766 5749 952
5759 9156 531
9324 8959 630
4106 879 291
4393 1317 842
1027 8396 433
1269 1874 802
3774 1249 645
8557 5460 538
4966 7565 157
2407 2226 361
2210 8867 831
3005 2001 729
379 8109 20
9276 321 856
9773 5853 77
6169 2745 480
8210 8330 627
8073 5249 234
6131 8003 637
8257 3166 433
8213 2601 975
617 4865 272
4302 2981 689
1315 6696 644
9986 1612 840
3961 891 103
1757 202 31
4802 683 884
4571 3715 583
8548 1867 566
1597 6985 392
6119 6875 361
9341 3781 388
3953 3538 424
5638 3736 992
5277 9933 806
4510 5343 532
7898 3227 976
8856 585 629
3304 864 150
5689 5660 370
1886 7788 267
1207 9474 786
6997 6986 811
1613 102 741
2521 6161 570
3780 4860 709
7288 5062 87
2804 3788 994
610 1013 560
8254 5231 951
6579 9021 255
5393 3492 426
8550 7922 560
440 7788 804
1267 6597 413
9438 2387 190
2196 4698 595
3500 203 891
4815 7095 758
6212 4299 426
8969 9925 537
2863 1350 239
963 3380 860
8283 1749 335
6252 9037 935
2726 278 351
6730 7514 948
7027 2480 693
6125 1736 273
169 9965 522
2666 4211 450
2467 1161 520
8954 4790 871
6150 6196 62
2949 3870 868
5442 2843 576
8963 2315 308
6649 6854 145
9646 3185 717
4403 1017 535
3391 8206 989
7673 8748 784
2409 1694 755
8550 7737 975
3726 3266 24
8485 666 417
4982 6292 763
9404 1172 33
8480 5540 590
2912 6827 148
3615 826 404
1034 7227 36
9382 2742 721
331 8969 990
6801 6791 674
2097 2941 237
1976 7866 673
9410 2960 504
1079 9956 996
8204 599 507
8215 5810 437
7448 8596 740
9293 1685 623
555 2875 990
1412 9319 326
1158 4640 33
7540 9957 261
6127 7492 928
7745 7624 360
7713 2864 96
1682 8065 625
8582 2328 660
4231 101 123
8699 1889 792
8588 7 501
9017 3136 637
9512 1979 606
253 6280 574
5734 7776 62
8660 5589 681
9686 2914 942
3539 4017 544
2011 1259 869
325 3212 87
883 9909 686
1799 5482 764
6312 9179 554
5191 3795 350
7163 321 560
273 7071 627
6142 4547 125
3856 3436 879
7567 8128 76
9055 7671 891
4312 5552 453
6713 6169 557
2436 4279 422
6433 4318 813
2938 2247 565
1982 7081 740
3612 6895 108
6007 5909 627
4779 8432 132
9654 8291 239
1859 9553 432
6190 7431 134
3445 8018 43
3252 9361 437
1036 5573 740
1720 6814 374
4202 3584 741
9182 3215 142
9134 5899 612
2235 1318 561
1833 243 258
7725 372 793
1865 4218 793
4764 1280 337
1282 1465 389
7318 4544 625
5998 7352 619
5981 6266 633
9062 2735 727
6616 6599 490
7646 107 982
5812 9293 400
723 8618 788
902 1901 157
5489 3231 592
9949 2039 785
7871 1899 573
4742 2051 963
4139 6440 658
7490 2682 921
9427 1860 157
8970 7729 537
1450 1770 798
8312 4374 938
1866 2869 848
2830 724 479
100 9830 880
253 2595 334
5706 9563 832
4451 8186 47
9359 6999 273
6401 33 183
403 3786 819
4763 4237 684
1856 5501 424
882 2132 302
3670 5113 130
5893 5372 944
184 6729 586
9436 1498 633
9703 3967 412
7002 8640 866
4748 1898 43
5472 7551 578
6166 2540 74
4585 1950 726
9412 6550 909
1299 7443 70
9323 5307 524
2959 248 702
2503 1308 905
9513 1866 50
753 934 685
1082 3258 818
165 2617 508
3778 1157 604
6997 2472 898
7215 8946 179
3030 2040 44
1222 8703 560
207 4874 201
6682 5663 565
6577 8303 931
3981 907 664
7135 360 15
5318 9437 830
4911 6791 988
1505 1325 674
76 6595 330
2604 1328 113
2338 1339 300
7927 4854 548
1721 780 466
7888 1679 543
3536 9621 867
7178 5748 90
2922 8446 594
6266 1988 288
3333 804 620
9546 8537 986
2534 7485 875
3074 1394 765
7480 3586 1
4661 5819 671
2365 7085 299
4815 1286 433
4380 308 722
148 7980 268
3004 7829 90
5456 3153 729
1754 2690 735
1385 3899 43
7839 6453 541
9595 9060 953
1757 4250 540
1766 9212 230
1399 7060 295
8390 3550 848
6223 5391 917
4913 1363 285
7276 3999 605
644 4642 637
7059 4727 779
982 2951 729
2565 6478 929
7266 9085 139
3203 9204 623
5308 869 718
6213 4616 994
4881 8711 402
7291 3842 612
8140 7858 896
2072 3146 298
2182 5383 576
2373 3026 657
6910 1653 559
5903 6755 184
2191 3709 736
9686 5414 776
9990 645 35
7849 707 303
7256 4346 400
3801 2077 17
1663 1695 359
611 7316 383
2879 2819 161
9547 2704 155
6022 283 305
1890 3448 554
8100 8790 665
1048 109 900
3545 1200 855
8382 420 402
1940 6876 644
8164 20 142
9745 3540 800
705 2989 290
3782 7792 580
4076 4240 965
5628 7417 137
368 8802 682
871 7071 950
3310 9703 415
5535 1845 125
2458 6698 912
8659 6753 103
1622 6420 843
2700 2930 378
4255 2462 355
2277 6215 469
2588 3620 646
9184 6085 49
7747 8729 633
1904 934 778
9531 8160 674
2672 9282 741
7939 1022 852
493 7938 373
6578 2810 543
163 3360 887
7255 8778 137
919 2015 59
7472 186 183
9538 698 225
9450 7804 306
1620 613 262
5916 5466 221
7599 4438 121
7334 1937 716
134 4914 340
9316 5360 878
3603 809 600
7123 7603 740
8947 3044 810
2631 2011 964
6269 7003 275
7538 3940 53
7074 4679 89
2501 9297 14
7095 6887 912
6645 2807 893
102 5516 841
7109 1272 716
6921 5767 884
7170 7520 626
1038 4267 453
2135 8707 50
259 301 4
3880 4445 679
2365 8139 631
8699 2671 810
9846 2213 410
8240 931 907
1207 1952 44
9186 4669 736
4724 9 122
1176 3101 428
7389 9460 778
9796 7201 952
6777 3525 557
2972 1873 128
2442 4969 665
9378 1932 299
1625 5677 21
5623 933 5
9790 6398 23
174 9511 66
9884 7132 145
9417 5906 42
4346 5744 895
2343 8688 954
3158 2751 530
2473 8630 710
9436 6580 452
954 8761 474
8474 9521 926
4381 1328 807
2492 9267 634
2101 4686 513
593 3144 620
5432 7767 886
2696 933 973
5438 4439 235
6807 6207 809
3844 5787 105
8444 5808 485
9940 5806 621
2327 2966 91
4432 2111 249
1846 9747 874
8500 946 679
55 2584 939
6396 5511 662
9176 7119 420
5855 2061 258
9014 5868 895
2418 3710 223
5582 5158 325
74 3298 707
7540 4399 39
1224 2250 879
9747 1174 353
6855 4826 703
5346 1727 255
8548 2387 85
5550 935 366
1042 9904 888
1355 7243 222
4206 4096 851
8146 6564 537
6591 1338 455
6147 9882 646
3165 8949 97
1653 392 64
5538 922 738
3326 313 525
8555 5082 491
4463 1593 22
1855 118 856
803 2617 330
6426 1180 80
167 9897 692
7171 3076 387
753 2392 603
7404 793 597
1162 5162 476
7635 2586 509
2018 7215 606
398 2471 666
4477 1138 843
3988 5124 278
8175 9340 534
4341 7861 780
4901 9600 679
9035 2214 558
2275 5938 463
3548 7078 131
5220 2830 38
742 8099 494
7460 1662 397
1420 9466 484
4998 5896 225
7290 2638 524
9711 1803 25
3357 2031 537
8140 6075 264
2495 7281 415
2227 2329 733
3421 8551 504
3448 3026 607
9882 92 15
4463 2921 161
7311 1659 66
7961 1054 305
2938 9552 234
8271 7628 158
9590 7056 502
7112 3076 787
1973 4619 363
6580 6461 891
3697 8759 974
8899 1643 171
1715 6325 43
1267 7021 173
3946 9019 943
2089 4294 97
251 9628 605
7793 5022 883
3562 710 23
8423 5839 622
941 7404 4
925 6642 506
127 5236 578
706 2709 4
5953 5763 392
2077 2180 285
6930 1596 262
5333 5800 629
718 3795 234
5181 2887 345
514 7323 337
237 5699 272
3502 9720 700
2852 8127 488
1877 6515 415
7874 921 944
6608 1452 253
9785 5805 875
9264 563 856
5320 3940 79
6189 9705 852
37 7871 605
2789 7432 386
7239 538 59
2272 6126 674
9610 8103 236
9005 1700 251
8710 5936 142
1936 6276 189
4372 6763 362
2087 140 770
2174 1796 732
7904 1459 75
1965 574 109
9920 6135 990
5277 3253 792
8234 7695 524
5431 733 611
6674 2774 159
9609 6710 143
6599 5865 803
1637 2684 777
7394 6686 325
2024 2612 824
8866 1731 534
5210 6162 869
9558 6493 702
5757 5460 75
974 514 653
5782 1730 370
2068 7276 892
4740 6545 161
437 9194 103
2189 9388 724
2785 9424 438
2161 2709 956
9426 3334 484
2074 1621 740
3976 8807 566
6213 9846 896
1122 5639 446
6947 6466 404
4489 8304 515
9457 8019 377
5415 9022 929
4110 218 270
6949 6587 792
8304 7791 54
7085 8620 638
4420 8093 538
2791 2307 949
1615 5901 949
5745 4010 906
8819 3552 182
8181 7160 325
8352 4173 384
3887 356 629
9401 8635 450
7192 8417 104
1727 1654 248
8043 5290 744
2831 1348 156
1897 4545 753
9443 3253 385
3234 409 198
9764 2637 112
8973 3448 267
2297 8534 470
7858 7414 959
2540 6668 740
7106 173 200
5005 8752 285
7672 9932 537
7384 347 330
9082 7610 163
1993 1158 725
937 6743 736
1430 5168 558
2855 7944 503
2802 4619 30
5523 226 247
7851 7949 722
2888 3644 183
3504 2565 120
213 8334 200
2799 4618 447
5252 7889 640
3885 5430 384
380 8563 657
8521 1905 263
6261 1351 556
1874 4744 552
3504 4986 15
5276 7899 320
3671 7723 104
318 2135 415
3167 3867 312
3650 6762 450
1280 4296 609
5015 4947 672
9768 7412 692
3735 5175 724
4898 9790 683
9542 7254 14
4283 5643 876
4473 2141 115
3280 4850 754
3005 3347 175
3919 854 70
4078 5077 508
3070 8486 860
1371 3281 271
7700 2936 120
8693 9364 940
1981 4617 14
3395 1383 192
8506 2365 747
192 611 197
2005 3249 23
1176 3304 568
1922 8056 82
4290 8781 458
5651 1510 435
6557 9296 163
5029 8396 131
8005 222 614
565 8018 753
8908 5903 458
8882 2666 573
1662 4586 609
7044 4536 31
1956 4374 28
5499 3034 219
6165 1900 220
7650 6882 988
4936 129 563
9250 9693 905
1167 961 319
4677 1823 927
9989 516 289
256 5473 381
4445 7972 160
4051 7884 46
8963 9657 411
5063 1445 815
2378 6155 551
6958 833 426
8144 8057 93
3881 9216 20
8160 9090 94
5633 1775 673
7896 4889 688
8761 9276 320
3659 1287 773
1660 1816 876
2104 2599 489
6737 2200 91
4754 9990 598
9549 1870 259
1877 9141 36
7395 333 437
6850 8150 742
5472 2816 934
7960 8566 928
2916 6336 949
6412 7203 957
6681 9297 77
8652 6791 27
3702 8809 854
113 1742 159
5504 6411 618
8106 4080 785
2293 9842 523
9309 9171 291
3276 3811 998
8419 7035 624
7429 884 150
1265 8585 571
2115 8446 234
8879 6548 447
506 4350 900
9941 448 236
1585 3396 543
1302 7458 111
5672 6934 651
509 5126 367
9687 2339 616
3580 5733 98
7500 964 838
7034 4474 801
1382 9879 399
1009 1073 979
1323 9133 616
5348 8709 424
8716 5559 781
7673 1995 229
794 8957 696
8837 4278 702
1567 7347 126
505 4065 743
8830 151 981
889 9261 666
2632 4268 365
2323 4783 312
7125 8321 762
452 5130 412
9251 2563 796
466 8879 631
4677 3418 196
9108 8903 136
9156 9686 86
2697 7376 573
68 1119 369
3784 676 991
3563 6040 33
3768 1852 983
264 8943 307
7344 3522 449
844 9856 991
3088 803 253
4336 6074 726
9670 3779 718
9544 6804 628
4905 6636 896
7810 8368 79
4061 1200 351
5265 8038 173
3409 156 715
2662 425 918
1112 1914 656
8444 8271 991
967 3416 664
1427 688 29
2765 1349 296
343 2667 533
6344 8856 750
2761 4852 1
203 2370 307
8734 132 807
5417 525 696
9520 9953 352
2121 3037 735
4425 7330 464
5429 2086 185
5168 764 357
9553 5831 693
1833 6259 454
8328 157 990
8512 253 312
1900 7845 418
2579 5527 936
397 935 148
9010 6801 442
8030 8072 118
4075 9870 155
1124 7100 242
5135 544 816
1284 5310 803
6549 3301 5
4519 7875 794
8495 924 477
9757 3433 826
6168 702 743
7327 946 748
3885 5051 301
6406 3983 322
7556 5583 93
9841 3557 602
1961 6805 552
2506 7475 193
9511 2206 311
8703 4718 931
269 129 508
3449 8898 207
1674 7466 213
7179 4940 689
7621 4108 662
9352 7569 488
4914 300 407
366 8031 901
6457 1786 483
6072 4212 722
2516 8287 683
7849 7515 133
2509 3074 154
794 5890 504
8807 461 867
5739 3914 251
1642 9669 148
9475 7176 717
8641 4940 774
9092 2695 873
1950 222 879
764 8827 420
155 8504 438
296 169 35
8659 448 127
4940 659 670
599 6914 843
3991 9933 70
3932 1131 831
777 2628 861
5924 8632 806
3644 8840 455
837 2320 807
396 847 280
6528 1190 248
4020 9532 958
8459 9863 494
6900 3145 415
2349 1341 635
2080 1304 259
8506 430 658
1454 7962 234
8455 7618 65
8222 8485 489
2262 8868 598
7186 5832 116
293 6889 869
1012 3166 697
1277 1254 580
3552 9381 844
5021 2627 40
3951 5952 753
8667 7672 35
1740 9848 382
6846 6933 813
170 9236 111
3805 1751 322
5655 5784 855
440 7258 647
8705 7289 48
1563 4367 734
48 8382 535
575 6188 1
5912 452 469
2432 6408 953
2730 9691 803
7553 3982 542
3527 7708 487
700 3558 468
8158 2647 91
1940 2252 403
4632 3218 690
3596 7344 399
6564 877 640
7300 9078 282
8564 7279 191
4920 1583 990
5277 9331 698
1643 7162 481
1561 5585 206
814 9547 478
2596 6494 361
8274 3809 730
7424 7 163
9037 3282 496
3606 9383 697
935 941 124
2366 3706 870
213 873 30
5535 5751 42
8223 8832 506
5400 5951 593
2493 9240 725
5894 9816 944
1551 1344 827
3532 3451 717
1861 1008 906
1611 991 975
2422 6329 674
2012 2342 238
3806 9679 72
702 692 563
814 66 887
462 1652 360
1798 5192 128
1315 8421 287
6131 8772 829
1889 3887 681
3577 972 114
8149 3419 963
9762 6215 470
4354 2073 640
9861 7532 164
2615 6763 258
6694 4784 605
3807 5474 757
8829 4946 224
2290 384 780
8143 2407 2
7419 3781 754
1600 5693 347
5723 6167 753
4197 4396 948
4227 7272 689
811 2526 212
4436 3147 319
3500 4733 657
5183 211 255
1533 6241 418
7894 1218 885
6216 6496 354
4524 4561 329
921 3997 969
2652 8568 151
6051 1511 245
8200 1893 750
3249 9838 455
8083 3579 868
3900 580 803
5487 1023 485
545 9137 466
2192 727 662
4275 3146 588
1477 5408 248
859 9697 516
2081 3187 185
7682 9622 488
8901 2298 655
4098 146 50
2568 8636 319
751 140 600
985 9836 513
7289 1132 465
9828 9089 91
1552 7254 100
6842 9164 16
7052 1657 11
2338 1887 860
2094 9450 854
9129 2214 219
9455 8193 961
9364 1597 203
4189 7131 286
382 2052 346
2710 5701 465
4368 4859 448
1291 4707 88
7760 3871 884
3685 4186 82
6171 247 201
2503 7230 900
2613 726 900
7354 3304 646
7111 1184 211
1364 3977 37
2908 5772 517
9079 6499 440
858 9679 142
3279 172 572
9 375 139
4581 8713 982
4224 8291 275
989 2644 517
1072 1351 444
6662 2541 296
83 5788 584
9817 1254 226
8101 9491 181
969 9186 274
9576 683 39
1261 7217 456
1523 5579 985
932 1691 103
733 9800 491
3471 354 847
2106 761 494
7981 801 503
594 8211 708
6734 5773 774
8013 2153 330
1673 4341 667
1813 7072 221
173 1993 111
8028 524 614
7513 8585 198
5921 5853 603
5471 9965 230
5439 7991 249
5395 2666 94
2969 4902 247
1236 2665 576
403 6162 879
6461 1136 436
5889 8028 39
3187 9815 802
3577 750 690
4703 6776 81
1181 3985 809
4233 6323 120
9901 5446 954
7066 7248 634
2206 1479 297
8721 2216 487
868 3833 776
9635 1364 364
6409 7178 197
8596 9900 709
9256 2119 984
293 1496 435
6617 5643 998
9764 6686 40
1880 8715 504
3078 679 961
5399 6383 216
852 5919 564
7995 4505 243
2681 2443 771
2184 327 29
4826 5454 34
2052 7064 90
3508 8892 432
439 1201 974
2872 2807 893
396 9905 548
7907 254 700
6740 7664 43
9927 4013 254
6747 9561 637
1997 4965 242
7517 6151 533
1910 2934 403
2873 5243 565
7990 8635 289
4059 6284 345
450 1096 188
788 682 129
6533 9510 361
2192 2603 351
8742 4515 607
1825 9654 879
5190 1267 486
9966 9769 347
2629 4654 677
2936 173 829
435 2310 203
9786 9723 363
4821 6134 684
1978 9477 330
7567 4694 187
2770 8565 417
5919 8323 526
9781 9863 465
9956 7379 661
6684 5672 450
5221 7916 907
731 4574 675
766 4027 470
6497 9846 920
6515 1758 818
6719 6720 515
3656 6973 836
7642 2904 108
7369 4871 838
849 2588 871
1141 8492 920
2280 1010 96
6216 6361 247
2795 8933 124
3729 2696 428
1881 3093 107
492 1789 182
4076 6846 242
6362 9784 590
2553 7733 293
7529 8277 390
7109 551 810
5273 4316 123
1990 7853 957
841 5847 495
6481 8808 117
9494 3042 144
5097 128 200
9029 9541 773
6313 668 342
6875 1830 781
6512 6322 620
4418 321 673
3656 2463 785
1639 2767 315
8192 4519 341
350 9265 190
9212 4107 333
1463 8631 872
4267 2377 471
7003 3694 247
7470 7743 727
368 1546 544
7326 8864 500
4043 5747 31
7986 8802 617
3392 8994 695
2365 3181 504
5070 7091 833
7314 3735 995
2246 770 252
1298 7817 339
5992 8619 98
5447 4049 495
3024 8816 312
5955 748 878
8471 505 388
1209 4122 770
8836 3080 280
2659 4640 545
2691 2541 517
1689 8398 1
3696 1918 280
2731 3143 315
6775 8430 7
1228 4126 33
3574 1907 513
5401 2762 946
1552 6911 49
602 2706 947
8963 4507 380
5337 9156 981
7379 9811 518
9575 6462 847
8735 5949 351
194 5887 711
2980 1149 197
5344 3449 312
7754 5213 312
5764 3854 935
1107 1869 97
7738 4153 56
501 4134 688
9200 8362 261
7803 8136 170
1351 1204 476
9183 8363 546
2552 4833 895
5750 4406 284
5673 3603 850
1345 7215 573
3960 4556 892
6467 3217 718
3836 6615 33
988 8818 974
4004 8112 23
475 1195 630
398 5601 33
3298 4766 449
7779 5720 344
9568 4768 220
4081 8141 221
8067 8978 954
4652 4273 350
9704 1405 908
9972 8288 709
8521 2206 175
2431 950 385
5865 4161 776
6206 2370 456
182 4128 457
3894 7006 143
4645 2579 574
4124 4653 969
7997 3838 987
4269 3315 36
8232 1747 958
8876 2726 193
9310 2548 161
2351 5748 895
9824 5156 470
4282 923 917
3062 8511 709
6354 701 113
3708 8857 554
3034 1823 344
9383 5210 399
9765 4117 281
9416 3648 558
5158 2258 795
2292 9784 148
2760 4601 181
3800 9836 814
9034 6213 98
9056 1315 440
6780 5207 107
9828 7206 737
1278 6556 883
5687 7636 487
7196 1294 449
1028 7765 89
9795 5237 842
8573 5555 560
9963 4821 296
827 1756 695
1216 8345 512
2518 7265 875
8895 9449 447
1880 1301 29
1662 9504 93
7334 6931 285
78 1116 886
5244 909 67
6786 778 386
8171 2385 482
7735 8426 657
3254 911 182
1915 9628 380
2344 6974 651
2532 8797 47
8293 8596 639
3773 4952 325
8483 2218 808
3854 1748 76
5743 3274 856
8892 128 836
3969 3366 712
9376 4191 971
1006 4788 156
9307 2860 167
3713 5751 934
4352 4223 31
6123 178 600
455 1898 575
1958 2511 847
4106 7628 610
7742 786 28
6959 9366 852
2137 8615 490
4943 3607 942
8836 38 631
5702 4299 705
7247 8576 535
7390 2241 996
3969 4823 795
7836 1657 907
8375 9371 91
6545 6988 867
3273 8825 444
8232 3047 366
3399 9799 850
2826 3473 868
283 2160 87
4938 5563 720
3480 747 503
2350 4033 610
9613 1476 817
4975 2199 697
8751 180 897
865 4369 478
6670 6736 918
8614 7047 290
6990 6880 38
916 9872 763
1528 1008 524
9346 8537 532
9434 2283 333
1693 7739 958
8116 3291 135
6336 109 316
302 2745 374
5893 3763 546
2979 3662 997
411 4509 102
8640 3284 317
8406 9644 938
2601 7210 437
4653 302 518
6291 2360 911
4534 2938 896
4653 5137 628
392 2504 910
9982 9804 605
2558 4216 405
7664 3772 417
4389 2531 75
6410 3635 247
5616 9466 409
3419 3920 922
3724 7683 330
9410 5540 682
2760 6404 820
3820 1713 374
8020 2757 139
9126 9238 726
6144 1209 550
1409 9559 293
3821 7050 212
161 5359 753
6714 2217 563
6550 8976 13
3067 6756 233
7980 6862 713
3001 2421 178
6444 4804 575
4789 7712 665
1170 1126 64
5872 293 847
2379 5088 609
4895 4483 724
6518 4893 424
6767 5661 631
2074 381 542
9156 295 323
4050 7382 314
3338 8011 212
2893 640 507
1062 9784 648
7314 9803 626
1563 3348 64
8959 3623 843
2234 938 855
2017 270 245
107 1872 6
704 1697 941
2319 4654 532
2946 3393 334
8140 6804 494
3728 9294 252
8047 8438 350
1666 9267 405
2858 3502 538
588 856 657
9609 6517 555
2588 3294 97
834 7686 102
5161 258 492
189 3354 325
5628 9838 233
530 8676 908
7487 9855 529
3257 5758 189
2873 100 285
6083 2908 928
4009 2022 137
2098 1661 303
397 1659 170
932 6594 960
3066 1588 301
934 9506 621
5448 4986 470
8649 2122 671
754 9457 467
8881 2038 239
1012 2858 553
8274 1566 467
9138 9206 99
574 8426 515
3258 569 838
15 8054 974
1932 6142 265
1312 1107 529
7077 7504 376
3508 4324 345
4110 2493 728
7153 2086 930
7989 9489 224
1737 8798 247
3313 9278 629
5850 1061 321
103 2501 534
8982 7423 496
5677 5153 10
4867 3945 273
8388 6228 790
4172 9728 147
7184 6147 117
220 3712 320
4951 3269 622
805 5380 137
9920 7679 345
3180 3209 339
2051 2808 181
1408 6754 527
8188 9989 362
8234 7390 532
901 4369 598
631 5494 220
3882 4537 231
2282 785 993
8549 6039 86
963 1962 331
8796 7423 875
3561 3643 110
4051 2301 242
3442 1088 570
9477 757 653
5627 2721 933
7264 5248 269
9671 9524 580
1643 2513 778
3364 9560 436
2747 7090 240
3058 3921 35
414 6236 935
4661 9883 727
7006 9414 411
7728 6769 153
6584 4078 635
9642 970 391
8168 8812 140
8117 1769 424
9829 8826 780
1249 661 842
7580 4782 334
4921 6580 967
5062 3485 82
7212 3578 252
4553 6298 628
7472 8415 632
1568 9602 481
6745 9468 102
9292 1266 638
6254 2822 415
7050 2921 75
1553 6500 301
4148 7395 835
2666 9421 149
2615 3065 990
9232 8701 302
5476 8259 976
833 9233 269
849 307 250
2212 522 303
2847 1389 344
1518 9232 373
2568 601 14
776 8203 536
191 5376 724
2296 278 545
3754 1293 827
3298 7057 612
1639 6390 990
9420 6842 548
6578 2717 48
1787 4350 866
3402 2002 681
4812 3769 64
38 5135 160
2319 1825 72
9371 1646 451
487 3234 727
9004 8553 130
6469 7697 370
9638 7299 622
6169 3298 345
1517 6580 609
2704 4776 550
687 8025 83
2582 1393 904
2398 145 363
8135 8561 3
1370 8560 265
3042 124 754
3722 2700 269
6993 261 794
9756 1919 933
1748 3637 943
6580 127 559
5620 1795 309
5856 493 714
3964 2104 123
8492 201 740
4782 1311 86
1484 2845 154
962 9199 893
4128 352 189
1253 8861 307
8406 6223 310
16 3321 856
1733 4292 279
3484 765 904
3889 452 363
3826 7606 881
7638 7158 290
8230 793 788
8492 7537 646
9836 1655 674
6973 6503 900
4015 3741 920
3661 5399 866
4284 1060 13
5104 6037 997
1240 1863 629
5674 1313 1000
9121 5534 980
8542 8355 44
1891 6960 629
2889 1167 278
9131 2167 296
5370 6168 715
2031 4570 884
5593 7954 539
3828 8622 264
1624 2906 407
5574 4938 535
496 2056 714
5918 5583 964
8310 8811 611
6532 4264 756
5159 6010 789
2783 5835 889
860 7236 173
4681 3669 972
9475 420 917
5802 8404 591
791 3424 368
4771 4028 742
8438 500 655
1391 3453 993
7522 6028 588
3141 541 253
4821 2229 625
3028 3391 540
3351 2557 180
1723 9190 236
2795 9565 613
2437 559 90
4613 6705 231
8978 8979 71
5567 357 517
7674 3534 105
3731 1690 457
5427 1464 261
2977 7145 232
7367 7345 7
2228 5672 611
1200 3788 453
459 2800 469
7161 7491 616
9595 182 17
8786 4424 198
2678 3357 254
5903 1976 979
8082 2710 186
3313 1217 347
4794 9062 527
4422 3412 936
1957 6976 909
340 2003 614
1275 5364 767
3817 2619 862
2756 9881 762
7322 2495 931
7056 2732 822
3768 3642 899
8234 3136 799
5961 4918 39
1894 3181 248
743 1430 501
2264 270 469
5447 9318 930
101 2218 737
6618 132 160
1093 4670 363
1655 1205 834
801 8729 2
2303 5848 432
5946 4458 281
3382 1116 113
7060 9196 243
4491 2867 57
3097 8168 711
678 8694 81
1962 7071 553
5481 8007 372
622 3620 719
9129 8729 342
9646 7091 258
9088 7933 420
9274 2447 753
689 2036 109
8019 890 743
7875 377 345
1596 2487 262
8919 6027 419
3318 4323 410
1150 7980 628
9952 680 343
7369 1679 720
3042 8215 921
8495 4443 364
8381 9570 847
3609 5617 324
5476 6517 586
6595 1870 143
4298 1932 70
836 5241 993
1072 9562 159
2434 76 356
3905 6618 96
655 7586 403
3284 3028 188
9100 6102 152
9639 8714 598
5304 217 781
3228 3848 870
8165 3025 358
9498 7028 548
1467 8933 118
3894 9490 807
4430 952 364
5516 3314 107
4771 777 466
8903 8189 752
405 9089 243
2912 9662 607
947 3273 957
9390 1458 902
1216 9022 382
579 2475 363
2564 3129 813
1064 2005 288
1765 1495 335
2573 6517 132
8129 156 454
2435 7918 736
7932 2343 549
4824 5308 589
9056 9884 755
9479 6085 961
2105 501 794
3792 7502 185
6676 2966 219
482 3121 176
4644 6340 348
3613 6612 414
8337 8696 602
3140 8273 870
3915 1725 960
1213 2463 968
3086 6430 376
235 4443 588
9241 3436 511
6405 8068 11
8576 7593 551
607 9029 600
6023 1176 91
2137 2453 766
3238 5473 632
6656 4562 832
9700 4135 170
7898 5281 12
5201 6716 391
9999 8079 950
7169 7314 806
5472 2719 613
8790 928 528
8395 3661 115
5119 1589 531
1561 8246 453
6678 5862 832
3694 7089 534
4508 5962 570
8785 8319 892
8524 5504 768
7303 4266 103
4474 3638 749
2355 4430 190
5879 3789 7
4809 4513 15
6002 6100 171
3295 3613 723
6330 8762 903
4196 9943 43
6473 7265 653
1228 4044 570
1299 1179 154
1794 7531 505
2657 9129 697
8496 6070 458
3512 1275 542
9333 5562 994
9267 4368 887
1565 3012 506
9368 5377 846
4800 9548 73
1866 9459 370
9807 3943 490
3264 6723 602
9764 6955 675
2338 4400 360
8036 9201 337
7259 1535 632
604 9254 416
2306 3668 940
5851 2741 776
4559 4248 572
763 2759 193
568 36 275
608 815 327
8309 7247 157
3332 4625 18
8243 9278 486
7064 1094 7
5896 2578 722
6906 4413 634
8774 1841 239
7752 3585 720
1937 8489 533
2041 2934 322
4315 3802 838
3931 2647 316
7378 3967 861
4469 5122 202
5044 2753 781
340 9051 428
3425 8606 569
5171 4644 306
9097 8323 426
2720 8422 714
8807 2046 507
6853 4207 928
3470 6481 660
2416 9942 511
1401 9680 723
3546 4381 13
5317 5354 433
214 4135 846
9333 9494 693
709 6400 854
132 9557 503
2223 7729 592
1968 773 908
3020 3015 160
7766 1682 673
7632 2450 994
7135 1934 704
2324 549 387
5719 7474 836
83 7884 532
7156 9194 334
1212 4062 314
2780 1651 257
9715 8481 491
7259 7013 78
1944 2643 66
785 3233 988
1463 2861 658
5 1388 882
31 6719 402
9878 7130 574
8989 5780 149
3332 8810 620
39 1634 106
3787 8288 408
5815 2781 775
2903 7935 368
2303 9389 447
59 3893 848
3658 31 557
4215 2338 44
9821 6190 358
1767 7138 592
1221 2138 50
4706 937 508
1866 1981 431
2243 9337 932
63 4920 772
4983 3831 802
11 2552 45
3814 6460 132
2500 8677 607
7891 7830 902
7314 3164 851
3149 893 506
5377 2332 49
1772 2981 457
7236 6260 449
9936 40 229
8510 9987 214
2171 5268 495
9212 1478 519
8537 7470 687
572 5337 644
4334 5261 165
2529 8650 233
1025 3956 235
2912 8878 66
2605 9429 992
1411 782 941
205 6684 650
3455 2115 118
1228 2356 9
844 168 929
6536 9698 127
9035 9859 828
5874 8722 901
9845 6171 393
2658 3866 504
4285 2673 182
5033 8835 976
4055 5053 911
9257 3080 167
6691 5476 144
9351 6117 508
339 2070 780
6598 6416 802
5932 4351 267
811 151 574
5892 1149 471
8410 8319 879
2465 3749 405
27 7276 585
67 2512 227
9946 8234 836
8759 3340 799
7197 8129 142
364 3410 894
4312 2374 125
9635 4401 616
4548 2779 948
6320 5720 591
1667 5032 878
669 4540 184
4748 8229 123
7658 2342 120
6897 3374 738
1737 7252 191
793 9976 495
6150 5351 853
539 9726 364
2946 4037 47
9692 5996 266
2447 2492 779
2409 2526 102
6216 6640 712
2711 639 122
9496 7735 285
6543 403 168
8491 2692 411
466 372 852
1822 151 579
3511 2430 899
4489 3547 146
9646 1006 720
6396 8533 965
7824 3908 133
3093 5735 357
6890 476 863
7951 1103 391
5239 573 414
2712 1597 792
1507 8695 281
9996 3716 437
3669 4768 236
4621 8386 324
1504 8811 396
1438 5457 737
536 6286 483
7271 1220 235
1822 499 553
3653 1643 954
6261 8668 225
6950 7036 336
9256 697 488
3243 5277 536
7790 4741 216
4811 8306 942
2347 5164 870
441 9460 958
783 7871 596
7352 5825 193
3641 1202 957
9002 5913 943
2239 3180 367
380 3788 178
1371 8304 700
2911 605 348
900 4581 891
4141 2624 47
1804 2776 183
4227 123 821
2327 5874 559
4583 3259 491
6066 7843 738
783 9401 159
1514 2861 4
8421 6124 393
3343 2063 450
6193 3760 77
3766 4697 234
6526 1981 583
8985 955 340
7209 7822 482
2441 6349 533
6529 3854 537
4678 8497 305
7333 2553 254
7919 6117 142
852 9923 299
7979 2788 41
8045 7207 799
2128 9435 47
1674 5759 540
1126 4842 399
1473 7051 522
8521 6130 22
7811 498 80
5978 2044 948
1842 2145 634
1215 3172 460
729 1040 581
7147 5676 40
2031 365 841
8256 6509 135
2328 8259 744
5706 214 454
82 9760 845
1051 807 127
6206 5460 392
2770 8890 918
1530 235 765
2595 2391 286
2260 293 764
2114 6425 280
3658 6249 164
543 2952 475
7404 1906 817
957 9598 158
5666 4967 565
8406 6728 167
4587 4249 79
1456 7631 923
9165 519 216
3928 8544 520
569 3126 61
1603 2597 235
4411 917 68
3215 7751 413
1863 1939 794
4052 585 122
6336 9992 718
9654 2666 627
8240 7711 118
8783 1695 376
5964 3229 57
2634 9925 375
4900 7709 880
482 1287 260
205 2432 687
8672 1237 588
369 2720 841
9103 2066 744
5426 2139 911
5495 2369 983
1875 5765 601
4242 4083 189
754 4403 600
2575 7031 504
9085 4465 793
6517 4375 799
333 1904 661
5625 1395 163
6440 1820 409
7201 2069 892
1568 4061 489
1152 1478 447
9709 5486 883
3336 1482 64
3055 6368 589
1335 9268 750
7790 7992 792
2144 4382 36
7055 5035 904
9348 1646 213
314 3524 266
9393 763 752
7298 3316 175
7533 2786 557
1425 7105 826
6418 336 917
9911 9105 53
1313 9616 107
4324 2233 171
2320 4545 719
385 7159 653
2330 5775 629
2945 245 287
8208 9362 114
8230 7652 262
1089 7199 278
6574 35 600
2135 2308 524
7948 1483 454
1809 4161 122
4244 2022 554
5607 6735 323
543 383 842
8240 4580 68
3022 2862 47
2475 384 800
2710 995 350
362 5585 824
2722 6313 451
6 6613 899
5575 8817 904
2272 4297 780
8847 9065 82
5080 215 736
9064 2264 618
6416 974 620
5672 6950 647
2738 424 113
7177 427 487
7526 8703 373
8049 4183 31
1980 1150 645
7278 23 686
2659 1273 41
7688 4429 309
1748 5950 265
5041 949 334
4716 442 492
1429 1280 519
8170 5821 709
6263 560 417
1654 2744 925
469 2013 537
264 1587 754
2290 7159 68
1247 8098 824
996 3903 345
4758 7297 665
9815 3895 173
4704 6357 315
1193 5101 675
2734 4245 383
5457 770 534
945 4866 855
9527 1844 910
1533 2027 207
5431 452 370
2445 2350 385
6050 1062 631
5707 4567 232
4730 8327 406
5335 9627 345
4238 1218 588
5532 4113 632
7042 4196 426
7435 6741 993
7422 2324 524
5175 4096 8
6585 9900 336
9865 1040 42
3468 560 582
8406 6442 505
3095 3031 740
2319 1312 803
6693 2267 519
7342 6539 879
4992 1645 205
4007 4041 426
6839 5258 712
6577 5924 429
2571 130 371
160 9385 23
5149 8638 967
4785 2502 623
6709 4374 322
8432 3202 471
1834 3534 933
9559 47 359
630 4221 902
5706 157 494
8373 9335 273
324 645 817
8979 5388 328
4379 9115 951
2149 5681 387
5543 305 873
1748 9109 848
5610 974 312
1949 180 852
2000 9534 408
246 9699 732
9025 1640 96
9065 4394 268
3443 5875 146
9092 5993 480
4054 1554 340
202 6566 491
673 3597 91
3281 6215 862
3662 5553 19
7551 2197 373
9442 4608 938
5850 6270 816
4996 2756 869
5637 8978 200
8726 3168 381
5786 9302 900
1109 1985 162
7968 1039 928
5086 3835 462
8958 1421 248
5984 3456 10
3099 3906 830
7558 6490 110
2779 2082 23
2075 8424 624
2061 1310 724
6933 1240 336
7997 1234 954
7528 7514 475
4636 1395 580
4471 9026 225
9857 658 858
2457 2187 791
4550 6232 505
4538 464 638
7733 2509 878
7873 6070 9
158 6470 510
8359 259 477
3775 3903 592
3437 3073 553
6692 9688 695
1683 799 48
6283 387 869
4402 2703 357
9417 1490 541
7558 747 343
6665 2041 309
1432 3958 202
6690 4351 510
1930 9287 797
8615 1403 695
1686 9458 45
8090 1295 157
2648 6494 509
971 1234 825
1919 2714 299
9741 7071 878
2511 4141 301
7988 4707 999
4925 6353 316
4563 6074 292
1877 5891 610
5698 6512 458
6508 6529 767
5578 9216 206
2530 3961 838
867 5451 732
6185 9443 169
359 2389 232
10 2275 519
9535 7325 585
1564 8178 951
543 2397 567
5051 4888 697
4407 6519 448
7731 209 645
9585 390 527
248 1839 430
8698 9736 995
6865 234 831
550 6997 352
3492 2476 724
9560 9488 787
1990 1817 136
8620 261 943
9570 6073 343
2074 2483 248
9647 7208 648
7519 7789 41
7435 7032 127
2290 9009 263
304 6700 786
2682 1473 173
3937 1704 949
7264 2277 685
833 3041 934
8829 651 499
6148 4758 842
7637 8124 636
1094 2706 228
4783 2506 912
3970 9191 159
7308 6983 907
2355 6971 866
1942 6378 324
883 9139 899
5285 2980 963
4031 5475 15
4949 2133 990
8340 229 186
1523 6345 47
951 4756 328
7589 8363 270
1059 4112 914
121 2499 396
9158 1709 937
9063 1182 11
8268 8900 404
2130 1661 442
8147 4427 543
5978 6288 158
9220 6417 184
1534 8515 50
9259 1443 726
1817 4319 7
4643 763 248
6036 3625 561
95 5699 870
6471 305 423
9238 5888 361
2788 871 436
3328 6106 787
6509 5548 103
7317 4342 735
1355 2967 797
3433 6693 228
1986 2920 447
8401 3224 680
5117 6818 613
6510 2380 794
3421 2025 897
1042 4563 387
5695 9254 962
3315 4301 173
6872 7527 831
8272 2316 817
6995 1532 578
3455 1223 923
6741 9440 178
191 2437 643
8088 6953 737
9778 8026 665
9494 4015 621
6031 672 686
9185 4642 456
2612 989 559
7736 190 642
9492 4995 748
7173 4117 520
7807 1312 726
4464 2105 539
8002 7789 652
6663 7236 238
4383 9108 29
1560 9092 492
5869 6552 813
9623 8789 134
2968 4648 628
2796 1936 239
6416 6992 142
4633 8279 853
839 1253 39
321 5912 512
9067 3442 432
3748 5431 106
5821 5708 118
4021 498 51
3889 2617 727
1406 8115 254
6537 1663 219
3613 964 699
8290 2405 174
6118 3358 564
2981 1726 893
699 420 501
5622 7277 394
8771 309 602
8116 9427 829
847 7972 60
9947 744 545
7820 9664 168
8025 5056 855
5328 1372 87
3760 8310 980
9671 5036 936
4378 4855 490
7834 5722 64
4177 1205 353
6502 2007 208
9670 971 2
282 1335 613
7157 6625 934
5695 4653 701
6852 2710 316
5609 187 933
166 2027 954
7435 6962 793
1949 4186 884
7382 8516 396
7328 2413 181
177 817 830
9756 6316 75
6279 3298 591
7021 8317 803
4372 9300 531
5044 2078 380
481 8037 391
864 2193 844
7723 1636 94
7682 1756 968
662 4330 240
8976 3682 271
8800 8530 219
5349 9402 111
1535 1427 521
5718 9940 223
7820 822 452
362 4012 362
634 6870 170
3834 9172 245
8368 839 946
8332 8630 719
8614 2120 1
9674 1252 783
2999 1963 428
1307 2742 387
9421 1786 157
5291 6500 209
9419 1057 669
187 7775 694
1858 5908 311
2053 6514 99
1269 4173 203
8623 4919 322
8747 6225 238
1273 5171 267
1913 2787 653
5495 1235 709
9056 7403 794
5285 7714 651
5234 1783 333
152 6033 529
2405 9240 596
8283 3273 877
8458 6868 327
458 9655 321
4885 6980 516
5438 7038 269
2717 7114 729
1847 923 422
7136 8975 459
6863 2351 72
8046 8620 916
1522 8963 649
215 3289 514
8134 4641 963
8538 4970 794
5125 4862 828
6533 6493 179
6899 8535 453
2653 44 864
638 1810 740
6144 2236 463
7718 4366 641
9937 4223 365
8348 6423 217
4129 8379 87
8509 7297 998
8094 9716 820
2710 4180 808
9360 3214 199
1998 6313 977
1631 9879 512
9596 8458 647
7636 8757 304
1077 1701 317
514 3181 254
1810 2254 578
2666 6903 190
4064 9675 856
3266 3472 735
6969 843 333
228 7327 946
2328 1966 345
7576 3807 94
7887 599 403
4068 8004 17
7361 7969 752
2672 4401 118
4457 3493 870
826 7868 124
3413 9130 798
8232 1369 73
2880 2763 22
8890 9522 425
5261 8363 814
8734 8512 261
1065 6229 63
4017 6166 723
6625 1741 588
411 8334 95
72 1498 733
8122 7094 542
3698 5103 828
4539 1019 77
5943 7214 114
3628 3947 678
2069 4942 701
1743 1093 935
1171 936 716
1495 2534 648
8930 4261 726
6741 5425 462
1863 2085 344
9134 4988 712
2493 1959 505
8213 7207 96
6621 7773 858
7415 6351 53
8996 1514 815
1360 8024 514
4081 580 97
4658 2782 723
3065 4775 588
2005 7602 936
871 7172 205
839 2879 296
4577 7232 404
6884 7783 161
8607 8953 820
6339 2075 489
5022 2113 324
5575 4778 646
2583 8301 885
5860 7594 742
9273 8602 453
5485 7339 502
1585 6933 75
9523 4720 555
6404 5532 302
7065 9348 714
6390 2269 302
7938 2136 673
1422 7379 473
475 1700 158
8523 1104 126
487 8335 973
3895 4531 152
7662 1980 714
226 315 328
1287 5347 615
8102 4038 56
7858 6807 581
4003 3442 445
3958 5884 766
1752 2980 558
3499 3662 732
3580 4402 760
991 8187 850
9611 2645 737
8138 9820 827
4198 8426 336
6431 9138 634
4603 276 887
7818 4767 354
3017 3604 327
8583 195 399
4428 3204 180
4990 4176 281
5842 1465 257
3571 8765 681
9032 8727 623
617 4579 807
323 1188 640
7892 900 34
811 252 695
175 3602 95
6939 6341 399
3861 4287 704
1805 3978 350
74 1942 612
8983 889 164
9436 1703 678
6559 5099 227
3792 3223 944
2856 2456 739
367 3438 109
2409 5051 677
6995 9590 383
518 9424 592
3834 9949 311
4962 5377 758
9081 8376 810
3526 4928 276
7038 930 469
5008 9117 190
9517 4677 201
4695 6488 395
8860 4537 99
9986 5475 649
246 3905 936
7730 6639 813
2498 2618 96
8108 6344 562
8519 233 838
4673 9925 307
2742 2643 714
7026 1514 841
1607 98 105
8496 2683 75
5169 8614 18
7463 7316 322
7122 3262 862
2020 2224 223
4942 757 435
4136 2739 856
847 1247 17
1736 8910 922
1859 3948 977
3940 7779 537
453 3313 216
2815 7268 876
416 5135 656
7582 1918 883
7432 5938 917
6438 3492 727
8310 4341 371
4614 5318 302
5032 468 812
1480 6096 930
4745 8260 103
7427 9393 811
2972 9334 9
424 1970 477
6602 2287 440
8821 8453 173
6107 3183 71
8922 1850 310
7662 4717 378
4042 7204 134
603 9964 276
1506 7003 115
3267 2090 858
1918 5354 221
1390 7227 409
6240 2648 328
1909 8611 526
8488 6869 782
6314 3592 473
1435 539 522
2124 1998 194
2289 7284 194
8280 2343 199
3837 1334 292
41 4871 541
6776 2323 911
5440 6498 518
9711 62 825
2272 2337 84
6068 1046 690
706 3221 755
8854 7173 507
856 2092 198
2280 5269 395
3256 312 70
1261 6183 107
1889 931 416
6797 8919 978
2395 9884 946
8628 2088 233
1622 4793 673
2027 2466 648
6900 2408 185
1209 9853 902
1652 1573 1
1113 4386 128
1909 4709 139
1861 6088 271
7161 4458 38
4087 6504 158
311 1705 776
1369 7063 724
6721 1019 111
1065 2406 632
9637 2080 708
3033 2319 256
3037 7214 837
2502 7896 651
6488 5553 700
7049 2565 131
3893 127 647
2450 7797 49
6564 4671 703
1767 2830 438
4528 1993 78
9032 1895 977
4020 2654 478
2809 9993 446
6241 6720 328
4699 7095 655
8386 1912 775
7128 5210 325
6309 1313 464
2429 8156 925
9226 911 734
2540 3768 636
2922 1693 286
3568 2806 817
9695 7237 813
9641 6536 116
9618 8258 44
8829 9142 680
8558 8538 647
6185 7419 62
313 1148 985
915 8545 226
7363 3045 528
5931 2055 921
3524 7148 633
4307 741 456
1257 4566 111
4620 2610 556
4475 4535 237
6648 7019 234
1846 3370 502
9557 708 540
5192 3618 655
683 7166 373
5477 3680 313
9028 7790 823
2177 5596 81
1159 1659 348
4294 5963 278
1070 2005 873
2738 1339 831
5657 1466 662
2980 456 548
4596 7732 174
8159 3163 922
3772 8956 992
7750 1458 832
6421 3586 432
8153 5827 831
195 8614 124
4072 3011 596
4693 4223 195
8814 2441 599
3992 9357 817
6283 877 545
299 9669 406
6646 2121 465
6852 5907 524
6026 3737 191
2752 2093 364
8268 2929 93
4751 9488 30
7775 8527 874
3798 6815 828
5002 1248 58
9194 6388 783
1750 2214 983
806 3182 685
2393 2352 643
6314 1245 595
4016 3854 583
5950 2708 133
183 1632 765
6166 2533 795
859 1995 580
8938 2714 723
4777 6 413
9412 4974 519
2751 836 770
9585 6891 522
8196 5445 368
785 6160 274
1005 1085 393
2627 4843 128
6167 4426 874
1183 6754 941
2132 3569 592
8289 7122 872
268 972 851
5459 5848 64
2676 306 332
396 8285 476
1391 3221 520
4350 1468 149
6487 8933 713
2146 2758 126
9901 4395 399
571 6736 647
1485 281 152
1494 1763 904
8689 2323 349
9035 3812 627
3431 5288 923
9503 6541 865
3403 8648 779
6301 3363 572
5622 753 268
8515 594 611
7602 4024 166
7984 2323 188
597 7796 77
4293 7246 890
8972 5087 374
5549 3196 529
8036 9151 596
2652 325 759
7564 2711 258
3808 1976 526
935 1463 142
1524 1973 677
4348 9471 530
9495 7661 131
3151 4714 22
42 442 859
139 3866 189
4542 8552 231
407 1268 325
8339 210 691
6857 6731 701
4249 8330 484
4466 4176 740
3070 8338 633
3041 1391 64
6930 8343 835
7635 6785 8
5547 9400 334
9254 3003 296
9060 6141 552
1166 5153 78
5978 771 519
1633 3095 117
185 9650 257
3630 3273 376
7320 7201 849
5194 1354 482
2865 3010 762
7750 7873 255
7127 3704 335
7301 8983 102
8531 8984 196
6859 8329 305
8781 151 455
1568 5848 380
4520 3082 327
4994 6136 5
32 5341 673
5450 9401 837
3157 9050 612
7335 7333 117
1119 906 817
1094 3320 508
9241 3163 359
5006 1700 227
2740 5861 446
7601 1514 555
6343 2080 844
942 5522 119
3976 8942 771
1776 2241 261
1493 2156 145
1450 7891 265
902 9094 781
974 5644 35
5446 4933 372
8946 1627 162
4916 5980 142
5364 8846 75
7924 9066 997
26 2187 976
2574 1690 993
1546 9940 286
9681 8296 502
8825 4751 602
5540 2111 574
1166 9728 338
143 1256 258
8582 8021 513
5639 2366 663
2899 2138 800
3997 2299 787
2590 1279 904
5312 487 771
1628 9993 278
6917 7865 184
5785 9387 581
1873 340 41
3625 2430 119
659 7750 134
8574 1026 481
2463 1191 145
9873 833 297
1304 5638 229
499 400 340
2558 2323 320
2673 639 824
239 7171 645
7322 5107 341
479 4568 785
9012 8019 218
1038 3933 498
7577 7462 625
2439 2979 452
2179 8356 828
3089 3153 926
9433 9199 658
8897 9446 136
640 3199 483
9395 3197 917
7122 2552 338
4599 3956 923
2702 7701 13
5134 6964 949
5173 7914 448
9052 6352 550
5731 2903 680
2068 2013 111
7850 6975 563
5996 3159 698
9777 4417 419
3693 177 648
3275 713 189
9223 538 695
2401 2948 941
1315 5461 301
705 2847 841
8843 1969 405
5649 3128 916
1468 6388 582
5981 2776 456
4114 2317 67
3920 7329 727
7640 3121 841
5946 6106 857
2635 5485 88
7416 320 501
1627 1660 642
3266 2499 576
6492 1043 983
8508 9740 647
4892 99 768
6655 649 528
8807 3464 440
2483 562 940
606 1659 450
6067 6095 380
8252 7038 428
3 1738 141
766 8751 139
4009 1240 187
5871 5988 584
2129 9371 952
3534 9673 564
1470 4352 514
8554 8672 397
2008 2450 17
9472 9599 401
7291 6904 95
8421 8760 734
6232 8702 877
3078 8096 382
4133 1586 227
308 6946 939
1666 6623 329
3817 1247 913
1814 3725 816
7698 3565 93
1186 5231 524
5832 6335 219
1357 595 27
6508 1392 459
1548 5297 576
7139 3328 659
1588 9200 924
9857 3457 315
4506 7432 182
1495 1562 338
2705 8100 436
7671 1144 108
8228 2042 763
812 2472 46
976 7693 262
8112 5878 987
4161 1430 46
7005 4806 376
1566 4062 602
8062 113 963
670 1827 796
3303 1742 344
5545 2980 454
3044 9873 818
2622 3499 574
4980 1599 708
199 3609 246
1327 704 929
2081 2678 273
2474 8640 684
3621 5737 206
7396 8030 852
983 7499 102
8815 4564 456
3953 85 629
3211 7810 874
3095 9972 532
6223 7822 445
3626 2134 852
731 2952 6
3979 3872 939
9313 2871 589
8966 5796 64
9847 2871 870
6287 1823 330
8517 8366 454
5525 7814 621
7336 163 547
1226 3577 628
2434 704 117
5652 9851 772
364 7747 74
7548 6031 694
3758 4680 28
9125 217 990
2464 1700 58
8729 6965 237
5823 2761 849
9053 6038 745
9977 4206 230
8789 9198 182
4401 1962 128
3710 5221 987
2888 4437 28
2784 378 350
4120 6450 547
519 4387 405
5871 5987 582
1973 798 923
2888 6996 527
72 6578 970
9646 8485 856
2446 3219 706
2610 5580 107
715 1700 352
7858 6483 659
5546 3248 915
6385 107 996
4496 7355 118
9551 9860 793
6082 6571 923
4117 7983 443
7800 6848 983
2460 4529 681
3896 9709 185
5839 1383 659
6212 2034 871
7824 4312 972
2034 1861 163
1294 2935 557
4783 1184 900
2380 901 609
6438 2351 737
8280 5287 302
1722 2298 143
5032 2029 477
1670 4901 906
9564 5888 610
9735 4804 483
2609 1675 134
6333 4503 446
231 602 386
3831 6700 652
6210 1967 794
1627 4886 812
372 2400 955
3032 686 492
865 4611 458
1166 8183 502
3737 7701 384
330 8037 867
461 2432 604
8899 1717 290
623 1052 170
5761 2532 69
822 3473 240
6460 1670 114
7969 6690 990
1665 2276 753
9965 8070 434
8497 8723 247
4745 1727 976
7925 3712 991
5198 4300 266
700 6929 993
9607 5629 574
2896 5823 682
4378 6492 640
7359 948 778
1698 7800 694
1192 7761 935
2088 7921 355
1513 4742 940
3699 4103 812
5103 7101 836
9726 2830 634
650 1604 721
4158 5371 430
7444 4441 620
8572 9952 987
9332 2650 522
548 4102 874
3834 5851 2
7162 7327 980
7251 1935 386
6487 2573 114
4808 9503 269
8002 1500 408
238 2114 620
8157 5617 85
2098 4601 316
6655 5942 204
7646 6934 449
9336 5306 249
997 3405 706
3943 1820 137
2735 2956 527
4532 6342 855
5305 620 636
5639 5498 540
2517 6175 343
274 5361 79
7538 2033 937
750 1678 268
480 9333 999
9396 6533 373
7991 6652 945
6428 6955 82
3284 8340 424
3193 2020 684
9160 845 513
1227 8033 703
1714 5138 392
9146 4132 801
3113 9989 453
1981 7675 274
7820 2385 234
4981 4539 714
1124 5481 767
5399 7289 880
2328 2009 980
2298 5052 16
2495 3096 264
9822 3950 625
1954 3656 99
1428 8097 145
2970 7935 142
1905 9869 199
263 4615 131
1561 6488 602
2620 1321 61
455 8704 393
6143 8782 737
389 1075 669
4030 7052 841
6649 7194 169
618 3018 660
7474 5403 951
8360 8497 194
6706 9438 658
7935 7213 281
3740 3669 869
907 7363 49
5157 9983 29
9314 5526 975
4212 2793 742
1871 1147 171
1407 1354 493
228 4306 923
6418 8895 107
7342 6075 83
9423 657 552
7008 8179 229
1408 2059 238
3441 1657 326
1090 6265 465
1299 9359 586
4420 5546 361
9258 7326 801
7379 5990 395
9260 251 740
9853 1469 352
3042 7455 37
4625 6678 232
2948 280 999
9265 4630 296
3444 9066 407
82 1548 626
1408 5774 413
7046 4561 272
441 6212 361
649 9054 304
7653 9816 253
799 2661 760
6326 3810 589
4468 9761 429
5851 6160 888
1081 4188 425
3875 7062 364
6088 9924 229
8741 2251 373
1541 6911 589
3614 3708 682
7024 1483 825
7888 7143 77
6088 2806 448
2816 4613 20
1778 1805 540
7435 7828 905
2144 4126 287
7262 1187 61
5812 6096 406
2262 672 810
2617 2396 415
4210 8357 669
1951 1971 976
6750 5495 698
3937 578 255
7771 2212 35
7425 188 640
584 3433 962
8503 799 306
9603 414 173
8041 9332 782
5660 3821 828
5338 6828 599
1040 659 62
9342 1392 568
1604 774 890
9137 2597 282
1262 5901 264
9136 4162 195
9494 1317 871
8134 2581 920
3771 6997 130
6771 2480 370
9599 7887 756
4824 9173 423
9635 3331 587
4600 3171 323
2288 623 342
5473 4102 11
829 5317 704
2125 7858 647
4525 8078 247
6484 6717 952
2757 2099 83
2087 3584 129
8772 2561 305
170 3423 235
9916 8513 997
1134 8628 714
6907 9827 763
5662 2782 867
206 454 454
2826 247 276
2590 5748 165
2598 3330 320
2658 7964 106
508 36 613
5111 5569 262
6724 9708 129
8999 105 895
5055 6828 989
1567 9910 1
7182 9223 788
5325 5836 708
9471 4727 291
2260 8017 876
3994 2144 248
7443 2379 364
4730 7714 173
4124 919 89
4014 1225 783
3023 2332 692
7318 85 38
5097 9900 400
7670 2056 130
3683 2722 433
4386 5268 851
414 7390 53
9702 4229 924
302 2346 509
8673 5209 392
4625 4643 415
4689 3812 547
7745 8885 980
5875 5456 16
5409 4356 417
3786 7584 716
6932 903 699
2006 8148 4
1467 905 964
3467 1849 558
4887 849 305
812 4361 566
376 6982 716
3940 8415 272
542 6315 264
4782 9369 269
2553 7606 562
9558 7343 558
919 7830 405
1505 931 266
2453 1366 867
575 5038 9
6126 7201 319
8471 7184 3
9587 9428 608
279 6213 431
7587 8537 893
664 1688 887
9412 4744 78
8540 7852 330
3034 437 124
3585 1110 419
83 2803 270
4107 7370 252
6084 8066 855
4989 3367 892
6799 7255 407
1615 492 347
9901 2539 527
2883 1017 150
5720 4070 171
2413 7220 168
6790 8045 30
4768 5185 227
7049 4799 264
2400 7220 918
899 1338 127
134 4846 879
5413 3653 393
2595 3339 296
4808 27 560
1188 8605 434
7589 3458 764
7773 8879 331
8864 8315 595
439 8092 703
6321 716 885
3536 3324 413
7902 3824 129
6897 6723 404
1982 4390 811
8660 1869 997
8664 4636 872
5495 5872 274
9575 6153 897
321 1576 732
848 789 439
433 8835 679
1311 9827 488
300 9519 396
5749 8289 152
9341 9530 425
2246 2048 276
1731 6965 712
8171 341 398
516 1406 934
1818 6167 797
5291 2030 428
1559 1696 959
9040 6269 273
6800 2856 158
4841 7802 181
9453 2514 468
2509 7433 94
8323 7540 931
8655 1571 243
9181 882 398
1391 2881 265
7421 909 999
6248 6005 181
8123 1600 900
452 1774 619
676 4943 284
6311 414 324
9727 7447 123
6267 6338 709
5959 702 544
2093 9191 981
1565 4118 348
8325 3165 738
8137 769 612
7257 386 745
6182 8688 5
1514 176 480
6445 8750 350
3636 4100 414
862 658 297
3037 2645 230
5091 9975 225
6844 4725 970
6895 6069 602
2788 510 803
3698 533 100
4848 8582 550
2495 5876 488
2818 3326 86
7015 660 121
541 8498 9
4238 7998 250
40 4454 89
8797 7919 631
7880 440 383
7347 1920 685
9466 849 403
5454 28 595
940 1416 177
7975 8188 651
9381 7714 445
3113 9386 442
3302 7613 837
5058 3854 759
5553 9644 316
6645 4857 562
6942 5371 200
3813 6624 694
9459 9506 464
1973 9481 754
9304 6281 346
1224 651 335
7014 3905 548
9148 2887 831
27 8208 338
3270 2721 302
8746 5579 558
4115 6 441
9057 8165 211
5478 1128 310
4701 1413 296
4505 9786 917
2255 532 519
7643 7880 78
3943 3011 312
4619 5513 213
247 2990 978
270 5272 758
2396 3779 980
6452 2117 973
3499 2756 114
8842 4069 410
6093 5272 473
3175 7604 272
2948 4420 917
6520 68 102
7631 5241 477
8075 7410 490
2548 9475 498
3245 5642 235
2704 9673 731
742 7546 223
1191 1341 355
6753 5177 681
8518 472 902
9213 7647 261
3776 1945 787
722 5036 181
4825 6777 129
9851 449 549
1795 913 356
1705 9094 877
2131 1574 38
7969 5821 504
5822 9569 820
4987 1096 986
2903 7122 269
78 9925 856
7517 2957 240
1651 9184 646
8464 5773 462
8446 4226 181
1981 4408 320
2509 185 455
8202 9885 985
2072 9382 697
7920 1826 916
5670 3264 298
6997 1675 246
3843 8758 78
466 1491 303
8292 6101 284
4089 2892 672
1224 2102 246
714 8982 603
2240 6130 989
8852 8546 734
6846 4775 459
4068 8120 268
4043 4287 766
2251 5011 613
8195 9038 617
6974 6896 185
5616 1031 389
8783 9064 207
7527 9591 362
305 6833 959
5542 8868 414
8335 952 872
1389 7081 657
1746 5982 215
1850 4385 669
8286 6790 546
8085 7146 344
4809 1838 211
75 1217 553
6358 5257 214
1219 3974 830
4689 3921 308
8901 987 364
8556 1579 925
4469 3611 907
4128 6770 974
1986 1785 601
8069 9748 879
148 7544 759
568 9085 96
3614 1376 476
713 9080 532
6552 3638 435
78 5475 126
8938 4098 760
2790 9551 840
225 4343 677
6394 2524 209
4485 2465 838
2488 6659 52
2403 8622 874
737 3500 841
3334 9238 746
6662 8736 465
5794 4302 927
111 7882 568
1292 5875 403
2176 471 583
2191 519 425
4679 1533 594
153 9732 810
6215 5155 823
4130 2029 462
4847 4968 411
1597 9516 266
1372 5104 476
3417 8922 860
5703 615 33
8272 3294 426
1341 8121 217
8032 9655 449
4105 635 315
1331 283 615
2029 3938 974
4705 5846 866
8023 1011 169
5863 3211 205
8755 6965 380
8046 1858 816
6976 7148 21
5645 431 8
6309 6353 243
1997 2059 416
884 7306 370
3296 8133 6
7621 4768 129
1556 1372 659
2139 9111 435
8769 156 984
1836 5207 277
2229 8991 214
256 6540 742
9506 650 505
9510 1716 284
4268 6659 906
642 3871 554
5813 8331 302
8669 547 979
6023 7723 647
557 3196 694
8614 1885 103
9449 7026 285
885 9450 380
2566 5558 124
1446 953 901
3816 2503 22
627 7389 658
1782 8288 597
8953 5492 852
1306 9422 537
4787 6777 35
5224 6456 221
2035 7926 403
1936 1048 270
349 2358 805
8789 9779 306
2351 6601 858
9796 4480 215
731 9467 828
9710 303 568
3136 4166 36
1435 5839 917
1536 6059 335
7243 2629 88
2412 4012 558
8522 2675 270
8889 2367 386
8371 4173 145
5366 6721 486
6135 3724 865
7799 3590 812
1101 1864 334
923 8397 848
2945 2776 651
5740 3802 673
6774 424 163
1151 228 853
7858 2304 364
9972 3732 155
7811 818 73
4329 9924 93
6611 9154 117
4598 8450 317
8296 4615 489
9421 6688 87
3519 3936 277
8908 4214 849
5689 5168 640
2169 811 143
4011 601 812
863 2226 859
8129 8425 263
8850 4648 207
2069 887 214
1927 5763 13
1776 9359 758
6831 7745 65
8845 7529 187
9041 8891 109
521 2364 904
7975 7173 164
6385 4130 454
594 8946 268
5708 3299 25
6791 1559 53
1229 50 156
8955 7583 592
2673 904 847
4935 9220 17
7330 8388 430
1342 1954 461
2998 1442 655
4558 7844 656
4149 9528 434
2657 8694 327
2938 2131 585
9171 5492 148
9370 3586 222
6528 6709 259
4330 7047 525
9798 4818 803
2706 4227 743
3288 7451 160
9514 8924 359
430 4314 169
1762 854 464
3249 9918 304
7032 82 272
9941 2129 226
6613 2446 485
4028 1821 499
3629 8499 327
8657 3679 935
3429 478 650
7502 8456 758
4260 2437 999
2564 5217 54
4245 8057 375
9612 7057 152
1328 1149 673
7350 2239 960
2337 6716 614
2439 9681 815
1272 6790 397
4193 5707 749
2249 1209 1000
2394 7948 713
9317 9683 276
2718 3546 931
1963 3317 492
1170 1161 812
4495 4482 810
9807 6727 959
3328 6517 568
366 2636 818
1108 3586 241
765 4613 155
5466 5460 84
6600 6422 95
2153 9174 384
5363 2564 185
4044 8121 812
6946 1982 662
422 8346 989
5259 8968 655
6505 7927 14
2420 5633 556
5372 5238 952
5495 5573 988
9712 9908 388
582 5415 50
1690 1649 218
1315 5103 273
2679 767 892
9449 2311 521
9760 3448 444
8698 7857 684
4247 460 597
1035 1886 106
1650 2591 180
9862 7099 338
1769 8434 52
3739 7739 580
3632 327 501
3212 832 372
9407 1463 351
8249 9438 905
8036 1602 141
39 8496 883
2292 3643 841
2179 3713 107
5022 6499 468
1475 4035 190
1128 6386 551
6379 9894 683
444 9545 11
1230 4503 204
3478 3622 457
2189 1763 603
6397 1454 739
363 6715 237
4199 6012 708
5760 5546 198
2295 7531 295
2583 5131 574
2316 2166 358
9355 4093 948
9862 7326 940
8288 990 182
6791 3610 515
9595 338 282
4807 3584 919
4930 8366 994
5115 7921 224
7009 4387 306
8998 5696 302
3012 1015 976
5013 8659 661
5810 9208 943
548 5108 763
9571 4883 330
1050 784 159
2057 9080 123
7788 5713 366
333 4949 433
1169 3602 126
7472 4701 637
5591 7145 825
5617 6020 253
7443 1154 243
1056 6982 605
8958 3557 377
2854 2313 755
4818 2377 422
68 4499 723
2335 6867 107
2505 1148 734
2136 57 462
2085 1515 600
8947 2594 189
2395 9691 833
9841 8122 9
4578 65 538
6015 28 966
3387 8299 852
3562 7209 518
1166 5128 726
1048 5491 79
352 6276 813
4763 7758 265
1247 7460 665
1243 2576 731
5209 6967 569
3010 1486 47
6788 9283 832
1341 4264 612
441 6066 211
785 4497 161
6391 8010 506
1184 3600 407
7533 5223 732
2890 6100 757
5140 3668 402
5111 8883 578
640 3929 436
3689 7842 50
6681 1784 505
587 2369 93
6962 713 953
5490 1727 539
511 5449 276
5886 7211 654
1364 2591 942
6668 5989 840
3511 4755 618
383 3932 569
3528 9355 814
7294 3715 961
6569 1764 249
4510 5642 622
9431 733 97
2120 9555 971
1017 2168 26
5074 5422 604
1170 3907 854
5300 4027 167
491 2697 682
9768 7856 367
5054 4963 994
7134 2166 785
2025 5591 258
9358 3239 45
8922 2553 128
6769 4948 38
739 8579 666
6720 9184 518
610 8243 586
7316 6848 385
2567 1073 801
3714 5853 540
8505 1818 383
4355 7520 46
8305 1775 377
1055 7392 728
5827 50 918
1090 7571 503
7716 7792 713
2609 7480 55
3714 5493 650
4495 4070 766
9914 2173 275
80 7564 956
7058 860 686
5558 9368 556
9833 5470 192
416 4166 95
38 9135 771
282 4207 234
7462 1012 24
1429 3218 790
8340 5407 896
3458 1466 861
8127 8442 78
2906 566 570
7327 2721 882
4657 1705 942
8788 716 364
8850 1076 997
6100 9821 612
4442 1130 953
8486 200 155
733 4847 745
1448 7799 736
8708 390 22
7619 6916 134
3566 7611 35
1791 941 807
233 8827 998
9536 3951 232
812 1961 529
672 6641 847
9204 4123 735
840 4780 643
2727 2001 194
328 1017 75
9627 885 531
6197 3660 779
6925 5040 156
6156 2052 159
11 1507 149
2173 922 970
1725 8100 667
9220 750 667
771 8388 757
2863 652 134
4202 9190 896
3125 872 296
130 8524 213
2094 2391 832
836 3896 278
9661 7281 329
9892 793 21
7918 6691 22
3011 5983 84
1236 2425 749
4378 806 163
2477 3377 380
8500 6131 823
2785 7559 67
1770 246 62
9571 3242 798
4392 4373 176
8427 4232 148
3463 633 323
861 8553 954
7851 2417 981
18 7914 935
6656 627 912
9639 5498 84
3217 612 587
7773 793 417
2398 9087 634
8200 2436 538
951 1279 476
3062 3929 5
3401 1757 578
2035 9845 737
6280 8429 709
2291 7493 627
2620 7844 716
3643 4764 7
5214 3538 786
294 8198 267
9034 1540 586
3671 5004 843
5340 534 781
615 5431 180
5200 1227 517
8775 6974 10
5208 7776 804
6017 4552 328
9453 6219 397
2213 7063 252
1710 5286 954
6603 1201 859
7934 7881 803
7200 1308 407
3426 8835 56
8888 6153 580
7821 5178 452
709 1138 691
1957 6394 196
433 4998 899
3356 394 64
6528 7178 37
9211 2556 626
1681 1303 172
8990 5997 163
8626 6732 952
8988 6709 778
8098 5200 923
2327 250 434
1058 4003 121
1561 8620 409
8982 1429 753
3316 9140 154
4041 2057 273
6560 5482 532
697 6361 814
861 9483 485
5353 1299 289
1779 7322 81
3446 4457 328
2041 1203 749
2879 3743 114
2405 3746 671
423 3684 307
2978 3827 334
7881 332 571
7862 2306 385
609 2685 425
2074 2257 174
5449 5963 327
9232 7003 407
8047 8580 284
189 4252 399
1083 6244 382
2578 2753 221
6110 6048 914
5721 2827 624
4947 7259 826
60 2629 646
2185 9185 257
2538 1077 472
9371 5123 773
5420 9852 659
390 9253 595
1962 9424 732
1116 627 649
1704 1380 648
5425 7960 924
9048 3694 122
2924 6024 9
5036 6105 224
5176 9393 745
7143 6949 62
5239 1306 655
5077 5139 145
711 7626 76
1418 8414 196
9408 67 309
1070 2131 330
6373 9583 830
1679 1345 766
9226 3980 472
5178 9997 883
1823 3114 508
2665 7007 720
2130 2346 82
1395 952 525
6596 4765 310
5089 9568 274
8800 1528 88
658 1124 939
1793 7841 259
4542 2110 517
5486 5382 396
1071 7900 512
3934 6302 705
7507 9361 528
5241 4257 827
7083 4493 218
1576 4475 876
6074 5661 68
9606 1364 865
539 2021 727
1600 6600 365
2912 6346 551
3990 7471 596
2375 7792 270
2821 9401 774
1936 2499 557
4621 9959 86
4466 8639 249
8286 1270 331
9443 1361 261
5664 1662 288
3356 4810 137
1338 5520 299
1943 8681 762
110 5971 716
9206 5560 497
5372 3637 383
1903 1907 928
4544 9340 913
453 8380 55
1457 1063 51
8251 1580 681
9252 6418 717
7067 9986 639
5477 9560 403
8569 3215 559
550 9581 38
5201 2955 410
3221 8890 224
3483 9168 316
8160 8081 850
2584 150 247
1254 3975 147
8042 2345 400
7620 8584 104
2066 9136 256
3238 9660 265
3979 1689 170
2072 4465 734
971 3182 591
433 58 264
1487 7450 354
3874 2409 149
9677 5512 225
6232 7614 873
6113 1282 77
2869 8152 922
3828 7704 491
5581 1200 263
1515 61 442
4795 4655 230
5310 4148 11
1314 251 239
8809 9704 124
6851 2112 369
2391 7128 106
1795 3900 649
8770 849 504
2204 1229 571
8147 6776 168
8337 2926 382
1443 8910 281
5987 245 555
2508 437 368
7425 8996 459
4541 731 297
2874 8987 564
2574 9549 853
1285 7784 509
5618 3577 906
2186 5193 612
3936 904 803
6121 611 981
11 8659 781
2298 1012 415
2405 9121 747
1744 1021 6
8493 499 106
2896 6001 12
9044 9538 857
5120 1111 21
2589 8149 568
425 8360 647
6212 1124 295
9868 2774 297
2752 378 199
180 5191 279
5835 5829 439
2721 9313 347
583 4960 619
852 7994 89
3128 1674 980
2196 2574 720
2586 4336 195
661 5241 637
4846 5544 137
7082 4266 773
4963 5656 435
286 1649 807
1907 8510 590
6344 1895 650
1854 3898 294
4489 3222 217
9290 2438 959
5100 8250 635
2223 6869 478
2095 265 895
7693 8987 382
8715 564 962
1028 9539 176
88 9942 523
2910 9773 572
8333 448 601
1564 4820 403
8866 3809 987
959 1107 243
2918 7503 880
9079 2249 73
3007 3393 440
2160 3617 559
695 5376 738
4255 6611 825
6468 2828 8
2472 9707 949
5669 9794 933
6471 1341 947
4400 3764 119
2871 1928 996
1944 7502 505
7939 8567 973
5882 9234 418
5962 8443 842
3399 4384 160
151 3141 908
4222 1250 340
623 7742 129
9106 2342 856
4179 1256 654
3753 1582 844
4044 1408 820
5280 8108 566
8126 6987 199
3444 5407 663
2219 2609 540
6011 342 355
6497 7089 474
270 5744 58
5240 8843 271
9097 4814 971
5415 414 34
973 6068 980
4860 4580 618
5676 2319 236
6116 1395 81
4518 1147 730
860 3106 189
2461 5283 436
9587 7806 240
1291 7056 90
4125 7070 847
180 1546 943
9876 6513 807
5012 4102 660
5754 876 531
267 843 1000
6596 1010 750
8498 4211 142
1337 6729 243
788 8447 845
6942 4899 20
3249 6076 504
7850 7319 363
712 8715 128
8354 8947 976
4907 9443 935
6961 6038 128
8163 2574 275
7685 4805 814
6885 8606 582
5397 947 802
8172 1051 812
4616 3648 27
2660 7577 90
6170 5526 623
6841 9961 434
268 3271 315
4257 9758 797
859 4279 354
6339 1240 439
5350 2522 202
5597 6899 238
2122 9472 987
870 1589 551
3263 2141 874
8518 5540 14
1884 281 887
7596 8369 456
5279 3656 172
9067 1426 846
8032 1408 458
314 6174 515
3193 2639 489
7581 1787 560
7856 2296 324
8811 8955 521
7210 7970 426
3831 1339 676
6939 6308 866
6780 8514 762
1502 7880 957
911 3763 29
7361 4212 573
1672 4063 666
3698 2712 811
8526 8360 26
9823 2591 352
7045 8771 261
4129 1800 728
428 5167 41
2925 1969 181
9440 1369 709
1336 9034 546
6224 8390 314
9110 3128 408
613 3479 897
1132 5396 76
5495 4230 408
2839 7466 151
1633 8329 769
1678 6447 644
7859 1687 277
1578 6505 97
1531 8554 648
7853 3219 244
4774 3683 918
2389 6555 95
4512 4132 338
9884 5825 285
8671 1999 589
2382 6227 440
7535 185 86
404 1825 642
1108 9511 87
6641 1764 168
7797 5969 821
6605 349 34
6433 3865 414
1061 167 435
1129 6039 587
1193 3838 487
4337 804 207
1562 7866 717
6731 8111 502
7585 7334 103
9483 9937 670
4375 1356 797
2457 2649 494
4290 126 520
4367 3314 521
2227 1719 947
8691 5291 276
5434 1201 992
5904 2633 859
3281 3310 639
4736 8203 670
4687 9912 205
9412 3660 162
5969 7720 843
2816 1052 33
5729 727 250
827 103 443
564 4091 771
5315 1963 464
1857 521 178
29 1073 125
4943 5212 411
9274 9322 589
6977 216 233
6119 3923 708
8323 5366 969
3149 2475 694
5500 7376 496
8311 2566 487
7467 8297 788
3245 7104 98
5528 6629 825
6326 492 27
407 5734 236
5899 9650 724
5163 1938 347
3510 2865 178
1544 5897 603
3449 8096 263
8651 8947 928
9948 7986 543
9789 8598 27
4976 2858 179
8010 1589 796
6032 3309 395
9932 823 818
4322 8029 480
6561 2877 64
8035 2107 838
4724 1988 403
9761 3345 984
2171 2375 775
5712 603 726
786 5268 974
1663 945 74
9845 7953 527
263 608 196
9857 164 977
8072 8378 965
6100 7703 932
166 4973 592
5383 4230 296
2381 3799 569
1830 2576 552
9577 2319 865
8429 6093 35
9651 155 380
8413 4808 207
3395 2650 490
1871 8566 366
7884 1551 348
361 2704 514
3070 3704 186
9876 2937 134
8212 910 649
2677 8259 410
1264 1151 634
735 5536 578
6926 9343 645
5588 3387 591
6511 6082 973
9606 262 343
8656 3410 375
5436 4164 216
7223 9947 227
5042 4517 72
1661 1934 100
5474 1183 692
648 2070 463
4344 9258 413
1155 9161 727
6423 5706 169
4278 5008 146
6247 4041 690
2068 6841 475
1779 46 941
7772 3761 567
1170 6057 899
1640 4954 895
321 1081 947
9984 8295 714
6639 167 190
5107 4736 401
987 9165 936
8526 7364 707
7664 7918 224
2387 2031 727
9623 4458 174
4462 4330 647
9953 8939 460
9662 8008 754
2945 888 351
8807 5110 344
3155 3050 761
7306 4662 771
6282 5495 949
7416 5114 108
4776 1253 234
492 3817 819
5520 3978 321
2004 4238 996
1967 5598 388
3029 2594 414
2143 5106 626
3279 3817 991
5041 747 962
6906 6384 936
5895 3128 71
3015 5403 582
8397 7505 460
3475 9961 107
2175 397 688
7492 8958 857
2704 3013 873
2759 5468 320
8955 7013 265
6979 1550 322
4936 8927 25
7430 7622 164
4793 321 256
4304 758 345
4283 9984 112
1624 1314 286
4001 4924 449
7651 8349 121
3122 2742 287
1924 6422 718
957 1577 999
7405 1808 368
8331 5645 533
515 7931 639
8567 1324 661
930 4656 348
9951 1465 477
4615 9869 401
7778 5222 916
3593 2238 716
176 4770 416
6022 1315 97
554 5125 607
5890 9445 190
4774 6111 46
7052 6208 498
8575 7995 749
6696 6889 144
3739 2358 296
6848 4762 256
5775 8606 390
967 7694 385
517 6835 193
6949 362 426
5747 1584 25
9424 9739 928
8307 7799 262
1972 5284 512
2749 2560 108
7643 2736 693
459 8292 178
6248 8665 399
5183 450 53
4860 9892 688
7475 6966 350
1387 6043 225
2894 1258 312
5898 5875 599
3182 1860 417
7744 3456 168
2857 8207 929
7132 8040 60
6873 1175 436
1377 4794 588
2900 5790 332
6085 5863 502
7541 5802 680
6873 7077 723
7433 1948 258
3858 9566 710
4071 5332 347
8981 674 153
960 1056 854
3201 5003 78
9198 3538 543
999 3587 544
2285 6817 352
548 1968 510
6195 3385 181
1003 1911 730
2874 6236 672
6327 1286 895
7623 8602 922
2158 951 637
6295 4681 839
175 8928 963
6329 2967 848
1131 4194 799
6479 4431 762
1092 993 268
9126 1109 872
6233 2021 139
8523 3508 520
2368 3151 509
1014 9667 181
530 414 834
8700 4090 918
5161 5177 230
7139 1530 11
501 1074 773
2740 391 543
1803 8629 445
7612 6469 225
830 2765 747
950 7925 89
8265 3231 881
7275 260 357
7157 2985 30
8590 4649 613
1126 607 184
3 684 918
6309 4690 491
4995 8679 142
3120 329 84
8573 7442 167
3517 3497 666
9404 6278 53
3069 5402 306
1364 4967 802
5068 9926 75
8688 1777 316
7032 1952 868
142 6262 433
345 6579 842
8162 4478 817
6029 1962 767
830 124 124
6642 4342 820
3419 8210 389
388 6754 919
5511 4808 152
3638 7358 122
3497 5365 437
1611 2648 450
3395 7715 980
6901 8257 262
808 6450 343
920 8208 411
9780 8177 537
3910 2133 500
5552 2083 152
8397 1278 497
4137 9977 602
1081 8621 907
2191 6298 797
9308 3967 455
469 5762 720
1710 6102 125
2935 6243 664
5982 9963 276
6940 2768 227
6886 6753 555
5818 5144 469
7182 8473 46
3935 926 390
2329 7731 749
4004 8997 917
3100 3027 987
6905 4299 513
2936 7642 480
6681 2782 354
911 7739 409
3338 2634 677
3973 9138 809
7552 7902 739
2619 2653 511
1107 2885 898
4527 6953 946
832 8625 753
564 6311 348
3250 5026 988
6195 6958 210
1209 3413 818
3393 5461 206
895 4489 671
4111 7441 810
6165 4717 646
1893 2385 566
7512 9380 855
729 6454 294
1392 6709 840
681 5723 418
2538 6969 988
5872 9691 1
9397 1133 766
4111 3588 515
8640 6964 189
5345 3963 668
1594 3312 419
5123 9056 537
480 4121 980
1005 3955 80
574 1653 612
7747 3052 211
5571 265 18
1177 277 586
7761 5705 521
721 5534 164
20 3203 884
2183 1850 839
8244 122 110
1238 9996 435
188 2333 469
6467 8509 360
5842 6839 962
2634 9870 522
2157 4851 341
1489 3620 592
1086 6007 207
1441 775 41
9869 1295 2
4853 1826 325
1519 9879 787
8888 9953 724
7221 9418 725
8611 9722 731
2344 24 173
6097 873 586
1129 7266 975
72 1653 887
1484 6504 891
1900 7994 232
2378 621 861
6969 120 139
1345 656 779
2086 9229 598
7594 2285 841
5835 2527 77
5828 1006 592
7303 8945 856
4526 69 850
99 7454 773
1661 5829 487
8854 3958 17
7370 4347 742
8095 185 487
8579 2322 905
9200 5376 403
3225 8030 910
4900 1136 669
5282 1456 426
7002 1481 105
9212 3835 522
2042 144 314
4443 6319 915
7186 6855 401
709 8298 158
7286 4872 787
1741 4080 709
7757 7215 172
2547 5743 52
8103 6761 30
306 484 942
4253 3641 873
8543 7774 875
851 1713 200
9404 2070 824
9762 7814 442
1831 5999 736
3282 7225 546
4000 4407 495
7539 9167 20
1370 1218 556
2411 9772 300
2163 5385 914
5037 7279 573
309 4645 189
3662 3274 301
788 958 238
1659 2546 721
3453 9476 984
7171 9933 482
9545 4337 135
3958 783 46
5950 352 471
2241 1690 229
3534 3893 903
9343 7555 338
2306 1971 550
2450 9132 536
7130 2014 347
3884 2816 481
2773 99 188
3013 366 130
771 7229 611
4032 565 707
2807 1430 520
7203 5815 833
389 9088 370
1246 6431 982
2211 5269 456
5303 825 665
2302 6569 510
399 9407 72
7951 2868 1
7784 8012 532
2222 9342 473
513 1277 576
7716 2289 659
7737 6952 459
988 1138 521
5139 8877 333
2849 8204 948
2884 4226 957
6059 1602 212
639 9344 751
9225 2454 296
9074 1864 678
1006 8834 399
1224 110 174
1973 668 711
6414 2463 601
2216 8985 577
6676 8418 88
423 6294 543
363 4204 625
3369 9850 746
1339 9190 663
1355 2076 834
8947 1009 629
1333 5189 161
9953 479 522
3093 2217 449
129 7673 514
6838 6527 190
7569 5339 339
4022 339 570
6018 5655 606
2309 7469 668
6188 6121 169
8112 7369 160
8568 4444 954
4404 2390 50
256 489 311
6539 8942 498
527 6967 583
6703 2186 963
7244 8374 941
9688 2773 447
5380 8417 213
4084 4670 556
4179 5040 766
9253 4798 759
931 1864 328
3167 9370 846
207 846 634
2849 8544 972
3856 6827 132
9130 5988 628
2840 9635 956
5491 5912 170
1832 7383 204
6196 4766 526
5637 4207 199
8645 2753 555
745 1697 45
9792 7838 286
7299 4025 669
8918 821 888
6976 452 912
8753 1518 817
2068 9755 25
447 6531 396
9154 5165 184
644 1540 394
1418 7038 174
4773 8289 642
3117 7076 873
3054 1474 275
8613 6855 703
3952 7733 226
8752 6989 722
1607 6064 29
7817 1489 881
1579 6639 127
3976 4767 924
7543 2296 650
5955 1931 358
8908 7625 28
253 4676 604
5167 4419 576
3454 4485 179
1637 9938 959
7213 5457 198
5866 1427 679
993 9639 749
3468 5511 846
8279 248 154
5588 7969 822
1628 4994 55
5399 1683 425
587 587 636
346 6920 130
8339 6203 952
715 9145 231
6176 5347 495
4324 1009 856
4058 8499 659
7382 7487 468
2038 7746 825
8081 1297 693
6993 9851 654
5675 6478 634
4925 5572 269
7425 4977 675
1074 1064 40
5965 1416 559
2966 8412 317
2599 5036 909
5578 2355 101
6191 2569 655
8922 2078 703
1904 3982 342
3589 484 444
8571 9634 875
968 2792 507
3694 3531 191
7821 9343 203
1969 3985 553
1378 1958 74
7498 1678 559
8084 1934 9
3041 3237 429
7914 8517 216
5576 6628 703
2591 7264 285
3643 3905 224
5529 9111 797
3372 8824 709
1862 2850 949
2087 5183 303
1505 8136 769
4445 5472 344
4810 2972 778
8944 248 903
4388 47 95
8696 1736 924
5607 5071 210
2853 689 575
7077 3240 459
9753 2382 128
9835 572 998
1027 664 493
9518 2945 431
2004 3582 255
5749 8536 310
188 2352 972
2881 8451 587
7193 351 515
865 1966 498
6220 8857 838
5139 4419 747
2105 9325 991
5219 5461 722
2077 9363 462
7318 8201 886
1555 8969 446
9826 819 728
7160 4997 864
9558 5696 484
1796 7535 727
7848 2225 981
4494 7433 93
8567 8910 519
4509 4262 476
6359 2369 658
7655 5771 889
9613 5877 542
8662 6734 338
6862 3436 808
6731 1731 6
6620 1194 326
115 2805 931
9661 1120 554
1246 8527 646
5377 9078 499
5285 3258 73
2390 9240 18
1041 4548 315
2801 1931 382
5267 374 461
9509 3934 865
869 134 19
8337 9272 223
6538 1335 121
8145 3118 371
5090 4118 394
2758 2335 132
627 2560 465
4147 5292 586
3465 7628 567
5358 9462 819
1379 6366 192
2214 5689 603
9798 4934 556
3103 2237 149
7560 2684 457
576 3041 942
3369 800 375
1215 9182 900
5569 426 589
4081 1320 2
8278 8148 533
6435 187 687
7262 3993 60
3402 9077 105
6186 2724 841
6284 4627 491
3801 347 63
5296 126 559
2496 1158 512
640 5303 628
2052 1305 724
2241 3285 601
997 6080 113
4501 8812 724
5701 3732 914
4694 4915 44
7016 4500 642
8259 6816 236
9295 6928 143
9834 2419 227
6262 8030 909
938 4353 169
7218 9070 120
26 9234 646
1076 5788 725
3362 6252 58
4277 1130 544
3806 4997 344
221 1341 378
98 5667 791
9282 7173 475
1990 5275 103
2222 6493 76
5268 7938 332
625 2852 613
8505 7299 818
8383 9152 271
6775 1635 94
2921 552 222
1739 8416 606
3811 6222 19
4677 8303 317
8612 5599 585
3261 7532 369
5955 3215 599
838 7687 580
3346 907 612
2026 9482 348
680 3847 702
8981 7347 733
992 3586 825
8575 4480 619
7992 8995 930
1826 7738 384
4953 2231 261
6298 5780 158
3762 7204 175
2119 595 598
573 279 576
9799 1557 477
2779 9964 538
5312 8923 553
4672 5862 142
1879 4316 480
1179 5191 635
9157 2599 542
2102 2731 109
8130 260 925
7411 9196 288
5066 1723 478
1325 4106 56
2783 2727 814
2130 8420 68
488 7707 2
7403 6625 210
8641 5803 434
1064 7387 815
6541 5666 829
3768 1781 422
2789 7916 571
1257 5669 614
4611 2832 415
8846 3262 366
3930 4299 24
7061 6035 597
8925 1032 111
9072 3568 105
2608 7942 636
1175 2102 564
519 9178 984
3752 4492 282
6948 2121 720
9884 7491 191
7886 4894 624
9925 983 398
3291 4389 340
1190 5609 58
9742 1058 158
8819 8969 349
1773 1903 795
6048 799 708
8587 9941 146
3773 2376 572
516 6907 288
1412 1073 202
4787 9028 721
576 6966 889
3558 2233 124
3147 4396 95
4482 7636 617
9041 3642 56
655 8241 218
1811 888 426
5973 3680 170
145 363 350
9635 779 613
6152 1222 504
3428 1844 246
9070 5330 643
1555 9729 560
8987 5275 322
8074 3578 618
814 4576 508
1053 1096 350
3575 3004 137
839 7413 622
9303 9853 321
4025 60 484
9573 2682 664
5960 12 42
994 580 324
9106 3323 92
1342 7392 739
1221 5384 546
7264 2331 746
2514 3428 348
9041 3211 510
1580 977 307
9980 1191 262
1666 2576 62
532 2138 168
5052 837 495
7315 6608 731
3088 2640 241
7759 2295 801
1189 1801 70
9105 1282 641
1298 6137 848
3910 4884 241
206 4597 21
525 900 372
6762 381 321
5223 3385 194
8823 7946 459
2918 6092 456
9787 7276 178
8468 2141 800
3633 9895 802
2079 8162 265
8443 6666 551
7075 2596 159
650 3820 548
4073 8564 610
7209 5089 311
1843 3433 52
8830 573 462
3183 8235 59
8450 7225 529
9217 204 392
475 2074 849
1623 7548 87
5726 4822 545
283 5693 690
4020 3165 191
7287 6402 630
5809 8531 575
9636 2857 948
9512 5078 515
9637 8858 760
4703 7597 257
489 8373 793
3348 1603 76
6787 8191 755
111 530 64
5794 6042 4
2407 9635 27
6458 8279 214
996 8923 378
4076 8800 67
2180 6412 60
6373 6126 13
6392 5399 470
4021 2334 253
3949 3882 818
432 370 903
570 9385 549
6537 2705 945
6494 4843 158
5154 7183 494
5178 163 47
9565 2058 328
6681 4040 226
1209 6268 782
3139 5812 396
5433 7773 13
209 9333 769
3733 8806 442
8328 9184 605
330 184 851
1961 2892 161
9814 684 346
7506 1231 506
7544 6834 839
3389 4758 227
57 9018 760
7273 504 917
4500 4724 352
6833 4732 562
3680 6826 684
7170 3150 958
9718 5132 755
8841 620 700
849 5096 158
4280 7146 617
1397 1824 203
1593 335 558
9377 5430 252
14 634 270
4216 8943 944
2975 954 467
2881 4640 235
1652 8267 639
4524 7263 38
5469 98 341
1369 6800 811
8711 2930 272
6053 5507 185
5052 4708 5
1972 5205 589
8415 3104 930
618 3755 806
3454 6133 688
172 2495 391
7540 3654 552
5467 897 221
2850 9383 395
311 2494 91
9408 4790 383
1958 5553 381
174 829 329
2065 2173 964
5435 7613 759
7914 7081 608
728 4064 434
4714 9257 723
4003 5261 815
9770 3938 881
6613 2050 422
4371 9623 360
4843 4878 465
9638 2445 506
9014 8482 931
2148 8901 507
2310 22 185
6422 5106 625
4944 2208 588
6129 5039 60
4660 1336 196
2648 885 877
3036 7011 779
2334 7046 1
4860 5723 367
9162 5994 957
6207 1656 568
2639 316 8
1739 2028 958
619 523 473
698 381 674
8068 563 957
7004 342 22
2207 4824 85
3333 9790 918
3253 8439 734
329 511 453
8225 1615 298
1400 3407 78
490 89 4
1249 7254 105
4829 2348 398
3178 9403 164
8573 2509 283
698 3163 494
3533 1762 246
4574 7660 967
979 8327 501
5386 5311 317
2707 586 203
1578 1066 686
4743 3330 3
7841 5037 25
5528 8620 226
9562 6313 915
6761 1377 341
249 1097 411
1445 8429 687
805 7821 761
1607 5546 428
2752 9591 649
863 5625 292
2350 2241 569
2698 8000 301
6037 2734 539
3335 3472 230
47 6680 874
8579 8960 256
1026 8894 543
3409 3958 889
8097 7666 160
1239 207 801
2730 2030 206
149 1974 948
5519 5970 255
4840 1170 662
6164 8154 550
900 2006 942
3292 1071 864
1781 6877 145
7366 3709 881
3180 577 426
1906 4409 842
628 8768 1000
2517 8587 911
8207 4449 832
9245 3342 341
4974 848 10
8189 4049 311
832 2764 230
664 1725 788
91 7106 772
2332 1824 316
8335 8209 606
7974 8409 457
8575 718 36
6276 8311 390
9622 4307 897
2419 5298 838
3541 6290 452
6880 2048 902
501 5894 212
2813 8208 544
6106 9523 115
6183 6493 127
8890 1304 33
3469 2368 959
7420 3596 560
1695 1987 657
8244 3777 600
795 3651 852
9203 1344 640
8532 1719 408
5529 9358 31
2529 7637 290
4128 9362 529
7594 4312 373
2933 667 151
3150 8410 393
2773 937 911
5007 5261 763
5813 8111 360
3727 7503 423
1877 364 974
9637 1359 317
1140 237 199
5881 847 888
3388 9156 881
2975 3737 478
2165 312 710
9850 6484 400
561 2194 361
9114 8110 697
9730 4695 188
3985 9825 806
2011 3551 753
7598 3403 251
7636 1770 470
6924 5180 564
3024 9763 857
2389 8414 438
5267 1467 622
1921 8225 804
3973 4120 153
4651 5542 176
2560 5849 65
1182 5956 53
2515 5104 656
3847 621 299
6224 5057 871
7093 6950 583
966 7188 684
9129 7875 910
2763 5454 166
4611 4187 700
1067 9903 396
5701 300 772
3349 8531 855
1904 7707 520
3673 9355 220
7951 9211 388
9948 9111 836
7340 1511 713
4528 4891 376
824 8528 697
8370 1425 737
6504 1357 627
1953 6168 188
6760 3519 483
7020 9444 83
1379 5263 150
2526 6096 322
749 1731 814
3179 4956 102
726 9968 465
2899 7660 356
8051 5538 609
3899 9146 354
130 7776 411
9988 7969 100
7764 2002 338
570 9197 607
569 2281 528
9208 746 706
1698 1964 113
7642 3186 512
2459 6154 209
5302 3988 749
7267 2366 938
8842 4333 213
1090 3955 719
974 2954 477
1277 791 455
4305 5736 61
5488 1458 490
8954 1810 8
818 2525 270
9660 5404 635
1704 7837 93
6710 3017 930
1709 8995 406
8329 2270 311
2394 6672 285
3724 1002 842
2222 4009 840
228 3453 64
2179 1944 986
5029 7253 890
2084 8995 420
8129 7449 800
8309 5776 436
7676 846 934
4937 2414 42
2730 150 368
9523 75 554
4932 5587 856
3186 1759 947
1531 4337 341
2016 5443 32
8077 8402 562
182 3518 903
9164 3746 914
6632 7985 959
2914 7194 813
9583 4227 464
4462 9859 639
4959 605 626
2583 9602 121
7008 9871 847
8344 9744 426
8441 5576 933
3136 6407 997
9814 6141 590
7971 3905 604
9434 7735 561
1347 3803 425
3058 3401 637
2325 1652 926
1536 9570 694
3794 6554 665
5590 129 1
2346 9134 852
878 1373 689
6403 1374 581
5598 2971 490
9897 7075 626
4650 1125 558
1651 1286 750
4017 1190 437
6165 2116 142
857 1134 807
2586 4306 554
4936 1332 818
2898 5594 222
9242 5004 119
4895 6611 355
9454 4968 415
1994 5792 211
2016 1969 880
8318 1361 235
7482 1948 460
2367 8582 509
6484 7078 52
8632 3181 373
5625 6502 512
4707 4339 488
955 2748 666
2587 4104 432
752 4139 157
7958 8042 102
2196 613 791
2099 9284 564
3969 5619 423
2607 9985 502
2437 1949 288
1153 874 353
155 7023 899
1838 1854 549
327 1342 149
651 7483 508
3943 1111 358
97 1604 484
4927 1044 664
7251 5916 261
2192 8392 436
7364 2493 633
6078 877 718
1163 1340 503
6803 5390 755
3597 8024 889
5756 2837 966
5992 4936 455
9432 2381 742
2248 4308 750
2049 4432 993
3910 8545 776
3024 245 942
2416 974 804
6548 280 936
6028 9659 109
9136 2695 183
511 6600 402
9544 3497 116
7232 1994 736
877 3538 511
6247 4890 822
6579 6394 610
3838 5417 682
888 1235 317
5985 4622 161
145 8990 806
9300 9420 219
3740 2075 399
9765 2519 709
7466 6188 290
3585 5591 108
7254 6130 572
8618 8083 35
751 8283 686
975 7117 394
5797 2028 148
3856 145 169
874 9233 923
9597 6318 4
2994 874 853
3403 340 171
8871 2077 403
225 5003 664
9682 2772 560
2867 1384 400
1406 2098 108
9950 204 59
2218 4389 99
8713 628 24
8179 8998 685
1489 6837 303
994 8886 305
9563 4450 428
3568 636 823
8834 4756 585
3021 1119 87
9579 2075 254
6913 222 184
8280 7934 474
6904 8794 464
9499 7527 473
7313 7390 93
1100 4907 870
66 986 179
4221 7028 243
1619 558 126
9667 2512 899
4395 3884 475
4170 5924 786
9363 382 279
5589 6251 995
2945 443 856
3825 6652 29
8831 7877 644
9379 6196 532
8758 873 493
7410 7787 740
8016 9779 100
6792 4691 999
8646 7852 123
1723 6152 937
1918 7477 154
7710 8796 120
2792 9127 755
129 8367 711
963 5497 584
1908 5091 501
8115 9962 153
290 4701 11
2655 3541 277
3277 1164 602
9027 140 208
442 8394 978
6140 5907 577
6236 193 747
7980 1015 505
7700 5016 539
2419 8927 478
5886 6154 626
6047 1348 832
9364 6538 94
4351 2546 122
4584 4697 123
5931 7416 880
1937 5942 435
1328 3745 179
2018 5828 77
1670 1038 854
5287 7037 295
3 5329 161
1459 8518 771
1708 6725 300
4669 5754 196
1024 2717 51
7582 5688 315
231 5885 568
1715 3755 144
6389 7147 107
8525 4605 918
3440 6062 828
2832 5708 9
5842 5339 20
8828 2844 201
8422 217 967
9931 4298 271
1221 33 198
4057 1457 451
220 3746 629
6856 5991 593
9942 8660 894
8826 7814 687
760 4509 994
3844 7801 683
6261 3496 492
6894 8061 740
8777 3128 117
435 7464 967
6675 2248 415
3799 7666 730
9161 6681 739
8089 7864 851
2751 2262 28
247 9072 334
2100 6264 281
5256 276 859
7746 5319 80
571 8161 985
1064 4943 894
4905 2364 48
5838 9418 866
8309 698 749
2605 4865 488
7885 4865 56
4162 1593 525
13 7846 841
4423 1752 759
9349 4590 639
2657 4035 972
4858 7922 423
1722 8323 231
5456 457 774
9125 1224 630
989 9018 163
4030 383 258
7140 171 994
3886 1429 293
6990 1970 782
2948 532 358
752 8732 895
7167 1074 98
9226 1079 195
7463 8147 155
5297 4707 38
1083 8362 459
9148 7415 1
694 9501 7
8851 1581 372
5244 3770 353
9451 2462 729
9601 1783 102
5401 6124 444
901 3180 587
6116 7219 257
2163 1292 340
4864 194 888
4521 6166 239
2456 2803 58
5695 9939 885
736 7726 219
619 910 939
3096 8029 382
3759 7202 592
6004 1638 377
9655 4896 351
2656 7966 174
681 2914 64
6668 1510 10
3313 1587 381
9041 5726 74
7314 7588 995
3055 1049 652
7085 263 915
5043 6570 681
6600 2707 94
8742 1110 729
6048 7379 776
6618 6595 970
4698 7244 561
7862 8092 112
4197 4446 854
7543 2136 883
7340 4347 775
9565 8833 279
7698 5275 328
2657 7232 58
3304 6343 425
7457 744 400
268 810 556
7861 5483 426
855 4128 564
5717 5106 691
3641 2396 163
155 3897 472
5009 5079 288
8044 2087 628
7669 8614 127
187 4619 38
2721 8509 835
9426 1556 797
1767 5177 940
1375 8921 559
2621 8336 485
1784 3975 830
1621 7744 194
2377 3636 58
2084 1795 765
8144 5257 412
5365 9035 786
6968 6110 27
4265 9149 317
665 8187 919
6198 539 207
1478 7398 520
639 9204 178
573 1701 431
3486 4047 96
6646 3016 889
1862 7098 383
5320 9355 650
6742 4093 971
2939 3717 491
613 8903 458
9339 7234 46
7555 36 964
7115 5167 422
4329 1033 30
1553 2610 445
2983 8129 207
3253 73 813
9790 9433 747
304 5756 889
6535 7679 874
2016 3756 765
7019 7360 884
1812 8094 21
718 8260 671
1830 8445 545
5987 2073 824
40 5508 814
4050 2857 89
2512 7437 380
6953 2647 19
4373 9569 257
7590 1434 749
3970 4689 215
1348 2617 94
2255 575 702
5585 3806 994
5417 532 373
8308 8412 917
6846 7124 924
5725 5240 692
6020 938 533
2867 1938 215
698 4790 822
9330 270 454
1984 2391 615
2448 9153 827
3546 2272 909
2932 9849 407
2072 2719 362
8712 5951 121
2077 3125 744
2202 542 415
5916 5487 876
8838 2555 311
5049 7782 905
8001 9980 186
1152 1692 19
1405 1598 910
7156 4863 281
2721 8806 540
9720 2971 51
6660 1251 245
369 8198 590
8398 7794 614
2737 9888 280
9569 3316 452
797 1478 594
9682 5906 80
8771 492 486
3289 8455 867
4698 6169 135
5449 8594 264
7670 641 334
376 1672 700
9546 3094 865
3230 6579 770
1393 5336 483
268 4071 287
4239 1162 796
5764 5303 24
170 4853 213
2871 9717 797
4338 5625 520
7256 3949 516
2186 281 661
8277 2362 23
2146 2903 161
9077 3423 291
4800 9673 402
6922 5354 112
6270 3730 931
2056 8345 21
3688 5389 954
5760 1785 96
3238 1058 237
7861 6475 188
1581 636 532
1968 1419 931
270 2308 996
5994 4898 737
668 55 557
6559 8705 602
7508 2404 427
6131 8084 173
74 4691 184
8619 5168 225
756 4874 568
1886 6714 534
5512 8522 651
567 6499 849
889 5926 274
1712 5602 456
8852 7765 167
9443 9315 294
102 2623 761
7480 9589 687
5171 755 312
176 8533 571
2484 2649 862
6003 1461 643
1614 7053 581
7682 5253 965
4814 4389 429
1103 9978 739
282 2750 121
2967 3313 118
7371 6157 751
4436 1150 189
380 2941 522
7928 1207 660
1563 2832 804
8640 9607 605
4764 5597 569
3581 8419 90
2645 9996 103
1667 5524 12
423 5015 339
4102 9187 317
4319 266 403
5227 8859 700
4827 4615 326
759 461 321
1183 5934 743
7456 5282 281
5502 9412 527
1093 5795 349
6433 8127 485
1490 652 698
7839 4276 67
9550 6132 572
4185 6164 776
50 4854 536
5441 8560 180
7086 5670 222
2571 9296 751
8975 9874 86
6757 628 934
7167 6514 847
4824 5296 844
8563 6146 979
1254 8410 770
6161 7728 751
8987 1298 225
3501 2056 580
1642 4407 90
6155 8468 666
1748 1368 861
704 620 317
4759 6374 789
9888 185 720
9812 5742 850
1548 8239 706
7827 6564 68
1206 524 40
2617 9881 994
8891 2928 945
816 2285 334
4275 4363 377
6587 5249 91
3503 3532 107
86 1893 56
6057 767 546
6872 4688 599
1707 3947 211
3443 6217 96
9556 2375 851
7213 11 720
384 4007 782
1760 8279 899
4658 5382 955
7461 5761 924
1593 2607 396
5173 5948 69
3635 6350 227
6438 2290 548
360 8541 118
6047 4061 808
6257 9198 963
9657 5506 395
5571 9892 265
1360 9128 800
4529 6010 860
7465 9023 4
9210 3277 18
7159 5468 94
4139 1801 710
5888 9183 748
3898 7779 306
6033 4470 362
6470 1620 83
637 2813 754
3335 4429 732
9808 6638 62
1224 8589 540
1673 2181 955
7910 9739 781
8858 8721 192
542 830 803
5996 6575 634
105 1555 571
9172 4176 407
839 6147 945
347 8633 791
9630 7870 314
6415 2826 177
8342 441 97
2932 5032 70
9066 6862 395
2419 3046 532
3271 5335 980
1020 9649 258
579 3283 134
123 3700 371
7601 9741 678
7096 8627 203
4940 9437 658
2401 7173 203
3662 2717 634
3194 1815 957
4037 6963 859
2939 2423 893
3415 2166 314
3774 1515 427
865 2741 179
7988 5222 686
6755 1832 202
149 6396 396
7578 5582 764
2703 3759 68
2050 3428 942
6833 2594 403
8514 5966 222
7033 1543 203
6822 9426 385
7281 8784 708
5228 3318 852
9806 9149 897
6530 296 120
2606 1693 701
6763 788 683
4894 1835 725
1221 6617 14
8150 2061 234
3721 7552 918
1488 1651 471
5240 3084 33
9177 8787 397
2763 5384 604
55 1207 315
4054 2237 413
5474 9547 197
83 1657 44
9396 9897 175
4636 1993 903
4615 6691 142
8806 3838 546
3612 6341 414
1763 502 781
6435 8875 401
543 7181 786
9306 2924 365
3274 9488 885
7219 1854 484
1589 9423 221
311 1747 382
55 8075 444
1871 3807 868
7384 8223 465
712 5084 226
5471 7605 201
251 3543 593
4498 5590 975
9000 4579 900
8771 3322 496
399 4798 35
4972 118 943
3671 9068 570
9070 205 763
994 8376 547
5071 4053 927
3555 9083 239
9773 5412 782
2397 4098 740
2028 1996 868
8277 6244 958
687 1253 130
3055 1086 242
5470 2895 488
7054 7908 625
7230 3456 589
5099 9419 611
4158 895 949
6306 640 386
8268 5260 696
9770 8313 877
5368 78 921
3669 909 696
930 1029 122
2622 620 623
7085 2514 555
7814 9168 902
1765 6518 763
1940 4799 748
616 8045 517
9961 7415 992
9225 7347 923
5853 2636 764
757 746 251
967 408 415
1739 2201 388
3261 8136 693
7087 4348 187
3259 1529 365
1610 7833 774
677 6516 17
6313 9396 821
4069 3647 500
3143 2561 26
5182 2082 385
2000 5521 149
8387 4283 276
1549 4557 305
4982 3317 666
2223 7132 927
4657 5858 11
6578 3918 886
4991 2269 894
1491 355 626
3165 1596 714
1711 3306 250
613 7169 21
1761 165 625
3103 2768 164
9196 5347 143
2703 1549 940
6292 8127 654
2696 5695 521
8832 2827 855
1338 2447 223
9484 1558 985
8218 2958 179
6920 7096 949
6274 8989 418
4099 6678 968
9223 5720 512
3301 5635 20
4689 1641 694
4130 8697 726
9038 9891 792
1835 2695 768
3900 4472 233
5140 4363 1
1843 6273 449
7752 6519 674
891 720 294
9449 5261 335
317 8667 785
6003 8336 952
5737 2496 158
1663 8647 433
85 8361 426
4838 4928 29
124 1348 806
5292 5811 355
9117 1781 524
3644 9334 660
1622 1754 795
1071 86 451
6286 1218 127
174 9980 219
5181 1055 442
6008 2562 696
806 4071 848
4843 9841 862
2679 3726 852
6997 2953 877
8433 5280 541
3222 8267 753
1386 4265 825
350 4324 351
3222 2823 563
7621 8125 51
2 457 299
8931 2501 236
1349 9439 879
9048 4292 504
1906 6195 222
5301 5928 429
3631 4754 59
903 2776 838
2752 4108 70
3187 4849 228
4342 6668 642
1855 2000 954
6940 8687 577
6311 1969 833
1702 1543 695
9246 3414 851
1201 9084 711
9024 2442 994
6739 5000 107
1548 2332 8
1678 4612 542
8865 1652 578
2964 9466 605
1229 6782 598
5782 5314 969
9498 1056 85
9263 5819 742
4390 8489 501
2614 8509 163
6294 8588 336
8279 5892 44
7916 2252 252
2167 6875 639
5781 5591 606
531 3020 118
515 7213 506
308 9176 571
1227 3208 873
7183 4336 153
1125 6735 935
3597 9624 111
1736 361 157
8312 9500 826
7250 3938 122
5580 9129 472
4362 745 251
4483 6381 892
5624 9450 700
7990 3549 864
8128 1377 397
2527 7274 572
355 3956 813
6630 7526 874
4113 774 766
1164 7696 138
2823 2261 774
1238 8595 986
925 368 709
5323 9390 218
7227 9605 927
5567 9515 83
2497 8922 730
8103 8145 203
2856 2635 962
5891 2440 853
929 4186 583
7171 2705 607
4643 9626 384
8184 9046 158
9586 3522 970
6869 8764 587
3079 1100 619
2022 1740 303
4742 5320 387
4067 753 793
151 7934 460
9300 4714 713
972 2130 514
2700 8992 835
1731 3467 406
4735 868 48
887 5653 331
7977 4720 290
8633 2236 291
7340 2462 488
8717 831 964
6261 4609 872
159 2015 221
7056 1352 503
660 1779 430
1611 7268 497
4030 8231 992
7869 684 499
4248 2340 451
8206 8695 977
1905 3764 758
95 8807 621
2448 1413 735
3214 8934 673
8558 6419 283
5286 7285 957
4722 5648 130
4664 2223 690
8660 3689 483
5830 2256 750
6308 5829 109
2302 6308 711
8791 7259 729
2861 5738 525
9653 5700 860
6601 439 981
2008 1185 386
3764 328 62
940 4461 955
8187 6001 846
1368 2332 233
7081 8642 822
1632 1240 124
8585 7188 966
9263 8708 292
9131 4937 592
6455 4912 256
2823 2707 692
40 1526 255
5878 3673 641
515 9285 132
6342 9486 340
7247 2589 896
3281 6735 398
4009 3601 118
3068 5826 228
9566 1328 339
1175 5324 640
196 3481 8
5858 3424 757
3557 4780 31
706 8684 566
5067 2264 541
8946 1261 636
7112 8498 825
2525 752 755
4831 8920 706
9745 6315 289
1918 8020 271
6987 6931 785
1992 4034 223
6875 694 15
2647 1019 960
6163 779 14
1024 376 998
7310 2482 620
2717 9164 715
5711 1950 172
591 2591 611
585 7107 498
2367 9963 877
2997 9464 510
3945 4242 741
1878 8061 470
394 223 79
6308 7162 953
6581 8580 45
5300 6718 305
1306 5864 823
8610 1157 345
6016 1574 293
745 520 821
1712 8814 54
2996 2104 709
8018 969 690
4087 4387 745
8163 6012 635
527 9334 949
2912 7141 645
9006 3347 151
7948 779 374
2510 316 874
5042 1035 574
7458 5895 853
9501 82 160
2564 7378 126
1509 3431 50
4925 3138 699
4131 5438 737
2932 8559 476
2020 217 16
6216 2157 571
9996 7326 313
3055 1763 962
1938 5125 655
9189 4797 47
5578 4706 300
3453 8431 134
2268 152 618
8176 4161 591
8665 2085 840
1855 6567 294
1405 1293 687
5702 7887 649
6398 1623 489
8627 2076 685
9458 2561 52
4741 1983 797
2401 7470 719
600 7619 113
2288 8067 371
1798 8328 304
3148 3200 759
9716 1995 833
7763 1936 8
280 2379 376
8068 4618 584
6836 5197 918
1384 3485 617
4462 9101 874
5368 979 286
6515 1108 281
8685 853 13
2427 457 80
4856 5175 924
6925 5296 853
3879 2197 192
1500 2901 22
3592 1006 158
3046 7990 797
3237 9157 734
4118 9924 358
4565 8125 325
9446 6059 249
2036 1897 927
3185 6572 513
8071 7039 255
3112 7264 4
2051 3624 683
2084 1257 208
457 6627 935
7986 7232 881
2264 8987 990
8850 882 379
3285 7017 169
4182 3656 174
9586 3642 317
2613 138 649
4659 265 120
2729 7558 544
2001 8739 209
9497 1451 785
9315 8932 275
67 3350 905
2435 1836 403
1627 6590 384
3514 6686 598
4216 4121 895
7296 8074 10
7043 1182 315
3482 1019 542
6838 8999 646
1720 6866 10
5247 2222 230
3173 2664 47
352 3463 56
8333 527 997
657 2152 421
2051 7517 489
8153 972 562
1292 2244 127
2523 5864 515
2066 2242 968
1124 3587 115
9663 612 12
4202 6232 816
687 7055 332
8299 1627 256
8312 2863 245
8656 8381 624
226 8743 417
9965 500 851
4551 4208 211
6917 8563 808
7118 6598 832
2317 3675 980
5181 4772 475
5920 1589 195
7177 4506 54
7736 7780 799
4468 493 707
130 1279 814
8089 6336 251
6166 954 160
1087 1591 156
611 8488 488
7761 7696 374
580 8100 564
1630 1145 218
4432 1338 886
3611 7979 543
9504 3912 265
8277 2479 720
3860 6980 69
9910 4690 109
2726 7589 71
2222 470 359
2437 9667 24
8705 3369 425
5115 4108 448
4572 3978 864
2306 2764 371
7593 2318 27
2535 2158 150
3282 3868 648
6924 4413 824
9248 980 764
7111 7884 220
1668 1703 612
4338 2933 810
1695 2901 148
99 1307 902
4124 5077 525
1152 2129 680
8510 9942 606
253 6295 132
9231 380 838
3417 5369 763
6241 5756 969
4874 314 244
8018 1134 852
8596 8139 155
7349 7503 216
3573 6973 560
1399 5424 590
821 3926 646
3004 9356 244
9777 9470 703
9661 6746 589
8685 2074 146
3413 177 72
30 2243 967
1831 3936 38
8851 8158 84
5296 3796 797
8704 7854 378
3356 2976 718
260 1346 448
1665 8773 96
651 6417 575
9471 4476 917
7304 5623 412
7555 6677 266
4355 1829 772
9744 9802 575
2742 6572 808
6863 53 70
7907 9334 434
2419 9017 47
6571 5962 40
3933 9923 632
6715 7010 802
4495 4694 501
550 2162 444
587 4866 756
1886 2913 742
4650 5375 353
5063 6310 606
8844 4936 789
9692 4951 889
8147 9975 904
4152 9942 62
2978 4158 880
797 6280 571
1921 7355 583
8811 1420 74
8207 2066 176
9935 2235 703
1915 7443 495
982 9002 33
5817 5296 835
4257 1587 382
1767 2604 56
476 2802 73
8189 1187 693
591 9194 833
183 4996 145
9149 4743 598
6294 6277 860
8592 1791 714
2513 9255 262
2671 8115 190
3565 2126 460
5550 578 564
5582 9450 707
1006 5848 10
9971 235 933
8325 9134 116
3157 8133 185
706 9115 430
1261 6206 833
4160 774 439
3065 3045 143
3359 7054 924
1057 3383 674
287 9411 796
8433 5890 643
1330 317 237
4142 3793 444
3660 3741 916
2551 1069 225
6457 9852 434
8016 1102 206
7135 1416 217
4564 8174 412
8132 9599 217
3365 2326 480
2096 4274 277
7353 8876 162
2394 6842 419
969 7918 872
4125 26 164
1441 7118 757
2942 7819 437
2505 9301 685
5100 1667 859
6710 9841 424
8452 7237 76
7639 9012 888
1890 442 834
3809 1001 982
3261 4846 485
4265 2950 224
6371 7477 87
1782 9501 554
5834 1099 853
2328 2853 957
9261 6700 28
1632 2701 619
783 7370 894
21 8950 480
9888 6300 811
8073 4471 566
1831 1969 243
1758 903 345
8079 7498 504
3933 3706 929
2553 358 853
1331 2072 577
3661 7269 919
8543 7545 196
5048 6975 910
8850 1207 521
1441 576 823
3964 7364 827
9376 5819 893
2762 1696 298
587 3022 103
5296 5427 474
2991 4432 834
9518 755 288
3931 9055 55
1861 20 969
7938 2454 492
3735 3799 177
8255 3850 498
5347 2470 329
7185 8756 472
9728 32 218
3597 5084 425
3541 1381 701
5708 1547 948
2941 3596 460
6289 4864 266
504 8920 741
1094 1792 556
7100 9107 907
3769 9904 211
4314 5993 110
1875 8638 412
1135 175 696
7118 8331 505
1329 1156 990
5758 1003 911
6152 6537 368
9828 9079 741
442 3491 24
7053 2074 23
9286 8406 964
437 7338 248
7971 9192 91
6968 3905 749
9791 6418 10
6458 4595 21
938 7196 856
6871 7340 522
8495 5163 741
7708 9711 31
1256 200 228
9099 3378 373
5521 3775 393
8761 7209 693
2857 2561 339
6031 1031 888
172 1561 465
4809 5409 698
5550 808 989
3248 7522 670
7888 1514 461
6003 7809 81
2981 562 645
9465 4448 143
305 2468 990
1963 6940 473
1430 8820 160
3715 5929 534
115 6764 956
6463 4121 44
1298 498 692
9053 2993 642
598 769 875
7345 1102 565
5048 8169 146
8807 9426 19
3668 2183 849
8295 5792 50
1960 8811 917
6357 4120 303
3706 2296 331
6896 8666 208
4524 6059 955
1041 5613 421
4692 5404 633
8105 4829 382
7267 5609 3
6913 454 392
2556 9991 335
6128 7703 611
3664 3344 352
6139 4031 688
3459 9155 326
8935 2263 939
7267 8909 85
2853 9779 717
2705 8095 835
7501 8064 960
2087 929 962
1424 1582 396
6235 6136 814
873 6156 941
8092 9354 199
7079 4199 454
931 8967 54
2744 7364 96
1590 46 919
244 3128 351
148 1162 579
1688 4317 703
5910 9881 910
7924 6625 147
3006 2694 124
3957 9813 243
1079 8536 622
3019 1708 983
6015 7629 74
99 7102 821
1132 8630 423
442 6434 726
9411 6572 45
5197 2539 973
1752 5926 813
2623 718 914
9710 4455 735
4605 2793 689
111 9570 935
6493 7536 622
679 3976 278
6235 464 493
4683 1299 597
1933 5093 81
6568 1365 149
7706 282 112
6914 5297 401
8068 7765 284
9155 6497 661
6801 1891 271
9110 4861 98
6327 7214 646
6487 5093 728
8471 3714 924
445 6924 621
1723 7903 487
3604 5471 199
8530 1575 513
6066 4006 213
1121 5208 860
2059 5627 534
5569 7830 881
572 1231 885
7329 9264 970
1931 5073 636
168 6195 216
398 2005 764
7174 2583 157
8023 6767 439
4635 2495 475
7279 4282 25
1770 5374 466
7371 343 896
4942 1154 298
891 6099 599
1602 4724 675
1426 3323 154
6731 1769 388
9449 2306 250
348 4978 75
6016 1863 153
3956 4243 451
2800 544 475
7112 9482 618
3733 3711 969
2827 7703 665
2212 9662 393
7604 7451 642
5652 4746 469
1760 5096 90
6613 8429 120
4747 792 658
881 1502 42
3227 8220 748
74 8988 935
6288 1227 162
410 2573 516
697 1512 395
474 8450 701
3734 7459 192
3576 5136 871
4075 4641 825
139 6284 908
9764 166 514
1638 739 632
3596 3711 61
527 1080 217
7335 1571 236
2145 2577 701
5603 7763 611
5756 322 882
9175 9112 355
2432 2416 818
9082 539 692
2603 1838 322
4270 564 410
1190 5375 726
9597 9108 654
8995 4854 289
7877 3981 284
1175 718 374
3526 5312 206
3527 2886 144
1073 3205 187
1560 5982 81
6903 6887 684
5262 8982 140
4653 3816 392
3626 8394 620
713 2355 31
8226 1719 832
3401 1546 67
2567 5541 910
2020 9911 970
7356 320 464
5714 2464 381
6974 2021 31
9215 7200 327
5390 8187 35
9347 1260 859
1085 3856 413
8794 5583 395
5953 795 530
2269 7116 309
1197 3286 311
6858 9621 441
2143 2448 479
7250 6693 439
1954 910 870
3204 3697 234
1412 2461 471
711 5420 206
5139 4132 257
9676 951 556
9601 9112 955
7818 2790 758
2503 562 648
15 7089 498
754 7028 92
2225 2210 868
3922 6238 20
4575 5306 804
1889 619 933
6741 5572 567
2222 885 421
8223 6393 64
1498 9871 830
1790 4803 267
8749 1589 932
4783 4475 640
2032 642 350
1168 3316 72
1630 8816 362
1433 7189 973
224 6676 912
8741 7928 472
5278 8447 585
5164 4120 380
9798 1820 962
6044 1397 855
4610 8068 490
5960 9110 294
141 2250 282
5042 6145 319
1618 1812 759
330 6229 230
6843 5660 403
4319 9956 188
4840 5364 890
3866 3953 774
5067 3214 638
5732 3567 220
2121 2050 621
6451 1815 90
7213 7382 260
403 4167 979
8020 8231 716
322 4047 729
6892 7152 628
2622 8935 261
5273 7387 776
4786 3882 936
5151 7863 560
4100 4566 212
2652 8809 302
6535 3645 585
9890 2421 541
168 4164 500
2283 4116 727
616 461 811
4854 3900 195
3956 9339 548
1532 5993 121
5297 395 962
6998 8885 394
8430 2516 887
2090 8358 119
4345 1922 778
940 8968 974
2152 7943 260
3490 7434 701
4881 8319 176
4020 3596 188
6061 4263 898
9849 3390 391
3710 512 425
2558 1057 174
9882 3726 791
2001 9876 554
7 241 670
1771 5884 43
1467 293 106
3964 3439 835
9682 5859 847
1424 6082 707
8296 199 46
7887 2114 966
1164 4495 550
3567 5687 418
2286 3191 633
4460 8125 122
9639 554 39
1351 1144 11
7601 9711 910
1657 9060 52
8232 4472 518
5560 9607 271
5362 4572 295
5445 8913 410
6544 7062 913
9564 598 566
1741 1126 798
1628 3517 889
4603 7363 911
4562 2967 405
3798 7123 469
9977 2826 129
5223 2127 808
2110 8579 673
2916 7311 532
8924 6740 216
5158 6983 135
8894 5753 284
9581 6293 594
2413 1544 748
4198 8032 396
2286 2185 773
1683 2706 615
5488 3941 77
5808 5619 502
2702 8401 870
4991 6058 304
8697 6081 986
3552 5640 992
4242 9431 112
6909 5611 68
6642 3038 715
5204 3973 482
6075 4854 97
23 7105 582
5210 7471 303
6024 1705 275
6836 9998 177
4054 8410 291
8992 7285 552
9696 5669 501
8176 4854 209
3685 4187 390
1713 9006 236
1366 7339 401
2658 9237 934
6087 6978 928
111 9439 125
3238 6458 451
9390 721 813
4076 3566 942
83 2352 219
9031 120 376
78 9878 616
8271 173 461
5701 6424 265
3308 305 79
7112 1227 944
3411 5797 224
2058 1370 134
3483 6911 525
5998 6993 611
9582 4661 886
1933 6160 61
701 7867 685
550 6573 384
6294 3052 372
2320 3030 767
615 4163 431
1628 6198 289
7834 4298 34
805 9337 159
3640 765 544
7476 9826 313
2931 3942 236
1673 8353 479
8484 8924 522
8517 205 774
6524 1456 750
673 8284 922
4063 2720 492
9986 3483 120
7295 2425 949
9384 8749 249
9148 99 899
3595 3520 731
4306 9056 98
7032 5860 914
1623 2017 770
9444 3566 250
1297 9119 66
3479 1758 750
9297 7655 960
2772 7182 261
9405 5621 732
6771 5280 722
2636 5296 273
9361 8209 596
2213 8405 642
2353 3439 905
9656 9309 647
955 584 181
7906 1663 59
6083 9971 472
8876 9283 881
9607 8882 451
136 9629 399
3881 3372 387
7191 2378 187
444 3781 647
9131 4001 963
8442 7749 766
8105 7234 672
1939 2704 252
5744 702 303
9059 5240 510
2717 1433 77
1915 2592 22
3189 3108 542
9007 1009 857
1066 3323 607
9643 6321 883
7635 7488 13
2072 4486 547
6825 3881 775
7164 8471 988
3474 1780 479
5885 2486 316
1272 46 700
8486 9180 62
7212 1763 255
5524 4322 119
2912 7501 345
9354 731 381
2406 672 598
2098 8105 163
9123 5263 736
5616 7294 384
6364 2631 463
9769 9879 391
1306 6988 110
8418 1845 419
7660 6236 41
578 2000 730
2653 8873 720
409 1319 209
85 4372 276
796 4104 666
2179 4146 182
9494 1693 801
7792 4449 543
6644 7558 374
9835 2503 934
6020 9132 266
31 3281 209
8821 5642 373
3404 5387 379
989 1682 594
3893 7561 197
7794 6796 136
9225 539 735
3963 7637 292
1493 2015 195
2225 4614 174
2729 5661 646
2272 5496 216
14 7094 156
2683 660 120
1525 7386 804
1079 1838 360
4070 1853 829
2642 8698 988
1682 3068 394
8861 4163 593
3639 2618 727
6962 2134 334
8418 8380 675
7851 8232 854
8983 1395 565
3691 935 51
8709 6518 181
5541 2239 19
7067 2494 359
4286 9821 960
5716 1406 870
2488 3143 313
1326 3626 846
2118 1858 371
640 2999 108
816 2762 54
4381 4685 233
4809 8616 697
4232 8145 921
7432 8772 895
1110 4496 566
1952 6565 136
1882 6195 598
2678 7158 496
2722 2296 508
7156 8716 214
2811 7274 399
2710 5259 724
8176 9879 16
5978 2269 738
2377 4722 374
181 8393 80
4675 4898 197
6800 3407 849
5696 6674 123
2321 3852 237
1422 4484 681
5944 1867 532
2219 621 436
1248 1839 270
8814 2260 213
1764 108 864
9917 358 616
255 2699 191
5752 2098 309
4995 3078 518
7807 8563 762
6892 8308 679
6435 6008 432
7500 820 260
1916 567 884
598 978 200
1816 5455 825
2681 197 973
7419 5305 409
1683 349 900
297 479 862
5862 1977 997
364 120 607
4514 1804 538
7760 1276 200
5130 807 568
1718 1540 779
4467 1774 666
8921 5965 668
2021 770 995
7136 6549 191
4709 90 733
2689 4495 25
5931 6349 571
6893 6783 769
5950 4915 553
304 7130 602
5472 4892 477
460 6024 685
1664 1951 860
7236 8722 261
661 9789 694
9520 4953 765
3146 8970 31
9327 1681 844
4690 7670 4
7485 5684 790
6300 4150 93
9059 8659 547
420 4383 644
2356 214 750
5152 2053 212
1357 3139 699
2937 914 774
5617 2365 597
3334 4457 124
8831 7061 374
5627 5074 471
6769 4139 265
3023 9435 78
2305 1539 91
3882 6105 173
6040 972 318
5964 7594 742
5626 9803 348
6668 7141 464
7348 6356 933
6504 1014 277
3194 553 989
1753 2037 944
3259 5245 130
820 5484 72
6635 2738 558
4194 5792 538
5292 6064 236
8257 1587 469
1177 7457 556
1763 1430 87
6804 1554 352
9139 6920 720
5215 1557 429
2426 8539 550
3982 6401 687
8165 4375 697
2292 5675 234
774 1856 993
6192 1248 545
7144 4939 896
9861 1929 185
4867 9140 38
3331 2463 184
1904 6087 916
6835 4635 155
6357 986 303
8067 7550 793
8177 2980 152
9375 9697 58
1348 7547 877
8007 1716 71
3446 7565 720
4148 6040 342
1815 4639 88
9346 2268 786
1266 4921 603
1734 8137 873
852 8199 58
4442 6816 528
122 7048 297
649 9151 625
6823 7454 885
8088 2568 594
7619 2193 15
9588 813 53
7825 7089 315
8321 5908 746
9481 74 953
2807 8016 188
8323 3595 389
9299 2488 10
1216 2009 224
7945 864 633
428 390 462
8707 9176 815
8079 9866 420
599 6638 282
2751 5614 449
1222 8533 144
730 4369 644
3401 5448 379
9497 4183 767
6494 9032 561
9294 4354 339
3142 5472 134
6818 9953 254
9335 3212 100
5539 2318 949
7243 7055 765
2225 1898 95
5026 384 849
317 9664 995
6951 948 842
70 9093 224
9137 8830 620
7539 3304 404
5641 2306 590
4850 6072 2
7363 6262 848
9845 1495 757
5917 8457 783
26 1851 379
4497 5375 258
3655 2091 267
5413 4228 71
1756 9519 462
6170 7967 600
499 2956 238
3924 4531 634
6321 8189 193
8635 808 746
8607 4152 456
7936 313 192
6356 4208 697
1938 2726 169
3019 9052 462
6232 793 803
4482 6629 698
7268 1607 759
4542 2307 935
7570 6381 682
8387 7857 89
8301 3738 871
5169 3331 379
2602 9864 735
4424 3858 373
1175 2316 310
300 629 102
6536 8365 93
4678 9306 203
4606 6015 144
6448 3332 757
2416 5359 677
8577 2040 58
9235 444 935
8165 8650 744
5983 9899 506
5709 5001 663
494 6314 441
1797 3734 426
1523 2594 643
2418 8303 802
4089 1439 753
9625 689 549
9068 8460 960
9038 8095 56
4970 8247 128
35 1683 594
4481 2314 528
3551 1313 123
6769 1156 300
7548 7185 871
1285 9451 889
5745 355 775
9794 7637 961
9151 7065 209
3435 2978 872
6597 3422 358
2243 6874 855
133 6049 117
2359 3301 972
3123 1149 343
5049 279 644
8467 939 778
1942 2681 101
6002 8202 275
8848 9030 466
1281 6652 865
3072 9437 530
6550 1386 985
7961 2723 635
4893 7391 680
348 3477 707
1881 2475 754
8185 9362 627
1664 8309 907
884 8808 571
9293 9628 607
2190 2068 62
511 1856 109
571 7644 522
8257 6510 753
3812 1899 35
1124 3519 398
3883 1584 73
3650 1449 26
6537 5561 881
7022 7771 885
3058 2970 22
1557 1921 115
1036 2064 760
9639 4642 713
127 7875 522
3411 4810 214
2429 6886 122
8757 9252 282
1913 9984 952
7044 2376 325
2720 5415 819
7908 4268 861
7024 3619 856
3182 6539 947
3587 9488 942
5314 7008 336
3431 9890 732
6576 4154 977
2177 3689 913
6507 8379 843
6097 3958 194
9051 3135 636
1703 1683 523
2758 5370 560
6652 9990 203
9393 2723 726
5031 2355 124
7439 2149 109
555 9013 738
560 2043 9
1530 318 85
4455 1936 448
3927 5354 688
8064 4883 332
8603 1014 305
5946 5763 409
6551 2062 623
636 8504 439
6448 2996 211
2159 1093 143
3055 4124 165
5775 2459 721
9196 4054 42
4709 6703 756
7878 5204 83
9151 3332 133
1122 8859 282
1644 5248 138
7116 7377 589
2158 9252 153
6908 5405 931
7699 8236 619
7115 8493 956
2110 6256 567
348 5614 295
5376 2073 372
2028 8161 490
8773 1850 623
9409 4614 735
1493 4348 922
3422 2721 45
7874 2513 261
6510 205 494
6337 6705 576
3505 1239 879
8671 299 143
8343 2564 618
4549 4729 287
2505 9519 811
7304 3761 939
6621 1257 7
2729 1640 103
9408 3092 412
8986 7115 655
7898 8507 958
2253 2367 830
4300 634 395
8176 3485 264
3056 7947 502
613 8199 239
8290 2619 423
9771 5073 103
1103 2900 313
7151 3950 597
6042 3445 33
6912 4406 889
2005 3404 553
5111 2470 376
5477 3796 39
3702 2713 319
5515 6475 115
1117 8427 247
8764 141 504
8864 3155 382
252 7308 652
9541 6036 126
8106 1803 873
8648 322 135
1544 195 835
3776 1134 914
3019 8654 207
3326 8187 769
121 5341 534
5434 3957 84
2790 2177 102
31 864 838
1877 6974 473
3940 1171 387
5720 8330 632
3081 2030 356
3380 3815 379
930 8765 661
4387 4056 113
7119 5849 942
5844 1975 234
2376 331 855
9142 1832 258
4840 4619 154
5451 8389 634
6225 9416 579
4622 8600 11
813 1066 60
2571 4842 58
2512 1434 282
2556 688 982
8674 968 571
4732 1972 799
4619 83 827
1816 3822 152
9829 4033 106
7382 6489 707
7556 7769 419
8358 1554 587
3253 7168 282
8398 2713 976
5530 3458 645
1095 2266 610
517 7922 127
6530 3367 33
7697 4532 755
4659 3166 219
9634 9006 488
359 2857 153
525 7739 606
8917 4031 275
7394 1044 923
98 303 720
949 9226 499
2375 348 46
6381 6165 817
2037 9392 338
1126 887 95
398 9877 533
9456 2355 846
4924 6796 898
6405 3618 253
7704 1923 996
8160 1802 324
663 8333 638
6874 278 813
2036 6904 932
5068 7438 841
9082 9743 995
9881 4466 184
178 7828 309
1815 2166 198
7171 9091 980
3651 681 217
8301 4312 120
3076 2200 897
2379 5166 399
5356 5368 54
1637 6462 467
2707 534 645
9920 6952 688
3774 1032 144
3169 2184 493
3116 3209 825
7953 8498 801
3279 2916 960
5860 4905 469
9433 7165 863
1851 6263 393
2511 2748 443
8750 530 773
2777 6188 894
9267 1287 819
4661 7802 407
1270 4462 884
7282 7583 42
3028 1552 498
2522 1475 630
9478 3488 235
8247 9009 803
3291 4590 4
342 7026 850
2599 2459 855
75 5189 532
8128 3988 356
714 8513 178
622 3170 480
4132 4539 437
9527 8332 107
8814 9801 429
8566 1522 809
2884 1582 339
7799 9004 80
7037 2444 757
7279 3757 160
6757 8433 566
3082 3514 822
8142 720 854
2182 3400 951
2067 6282 107
2645 8177 687
8452 7678 551
7238 3527 332
7710 4639 868
4650 212 783
9207 1706 15
5551 4296 405
3408 2480 421
2780 2275 708
2533 3652 460
5398 1614 519
8732 5844 672
1777 1372 115
8596 9984 849
5597 5184 824
2041 8791 204
8926 7941 70
1322 7731 775
5891 2689 579
5598 9939 18
8734 2391 540
7263 991 510
4285 865 28
7086 6590 449
8469 2941 48
3121 2592 867
6390 6819 331
2885 5892 586
9812 8013 439
1609 5158 428
2549 7409 269
4227 9958 734
284 4262 803
76 9013 522
5662 7438 617
6681 1171 879
8008 7339 525
7572 2859 839
1467 4938 903
1315 2276 220
5141 480 681
1552 9137 897
1595 9387 976
5221 269 114
5893 6771 795
2666 2149 638
9915 7722 705
9129 1602 664
1492 4204 323
3752 4230 664
6947 3388 40
5944 5864 897
5881 2584 92
1030 2529 722
100 3459 260
2407 1614 151
2368 2019 314
1282 9979 468
8960 2277 871
6020 2762 774
2055 3765 387
5352 255 348
633 491 86
497 3479 992
2759 2974 254
1119 7977 566
5438 3660 468
1441 8943 24
4165 5541 628
7348 4756 734
2402 811 75
417 533 104
8537 1629 604
6214 9840 636
1486 511 836
1897 6006 239
4878 410 747
641 2759 927
4922 5474 569
4627 32 189
6490 899 938
1039 6258 373
2712 316 223
1899 1170 9
6431 3256 1
3276 7815 282
8705 4721 297
584 485 526
8675 3910 452
2761 997 495
2291 6633 842
2778 4843 698
8844 2712 412
9413 7074 141
2570 5422 419
5637 9911 496
7871 1025 713
1142 9843 298
2989 9196 998
3694 5276 846
4762 6168 221
1726 9629 740
5900 3860 504
2003 1353 729
5663 4980 284
9596 1099 85
5192 1521 533
6736 9237 839
324 3784 290
8977 864 758
2450 287 376
1999 3799 430
6089 3329 205
5429 9951 374
2648 4121 225
1215 7176 740
6504 8925 52
7225 6217 892
2493 2051 52
762 348 182
835 3918 39
2478 4390 292
5928 9223 815
9728 398 677
9866 8672 104
8357 4343 287
351 8660 402
6280 5627 158
2155 616 313
9545 6074 511
820 5571 53
7239 2722 874
2094 9678 976
6731 3982 761
6432 4172 663
3074 7689 190
720 5276 992
1229 7833 755
9982 7322 770
3202 4770 227
1712 5799 753
5889 1480 353
2955 1530 206
1045 5936 864
1192 8893 802
83 1030 243
2300 1050 413
2669 6596 455
1805 1521 573
1700 304 818
784 9296 484
6723 1659 558
3802 68 275
104 4023 307
1031 6680 91
2764 1852 944
1625 5636 64
7891 598 826
1201 8642 294
9232 3086 491
883 6041 585
1552 4951 99
1979 988 220
8598 2456 315
8041 1165 877
3986 288 653
8167 6588 606
6964 4733 575
1107 3821 393
8159 83 336
2603 4577 988
4086 5415 627
872 5534 312
9034 8357 34
7661 6715 492
46 5554 38
5903 481 410
5680 3102 732
4988 184 588
3291 1836 508
3157 2074 435
5589 5218 579
2593 6753 513
9661 8186 999
2959 8638 55
8992 8879 700
3767 2308 248
6040 1325 250
1281 9468 740
3781 7576 591
6504 259 236
3174 9751 839
8063 1549 520
4994 2640 135
2826 8173 352
5314 8120 594
7908 3135 219
7948 6986 833
9433 5164 511
9955 6525 109
8496 174 615
2810 8544 155
4182 3855 594
4902 2603 246
4759 8405 151
5059 3985 376
879 8105 553
6384 4007 862
4134 9236 565
6580 4896 2
7344 666 356
9443 7769 163
2040 4562 824
6149 3770 718
8330 2237 108
5406 1473 841
730 5237 973
1709 295 735
9154 8402 829
4730 7865 28
8347 6208 356
4627 1284 132
4572 381 190
6962 9165 913
3672 717 501
759 431 867
3033 5454 507
4259 4744 350
1046 8267 844
368 2325 739
1022 7635 673
7430 417 616
3296 7689 714
7896 5192 180
854 8556 500
490 229 508
5442 2772 301
1748 5123 442
4922 4413 61
2084 4261 544
2998 94 35
825 258 315
9311 9 527
7435 658 435
6751 4832 770
700 5805 805
865 8941 892
4432 6376 90
8276 8194 779
40 4726 316
4446 8395 114
2268 7448 157
4686 3768 215
1862 930 330
6181 2328 539
8557 5418 954
7493 9839 145
7880 1964 112
47 3993 244
5026 2593 209
231 1112 902
4135 4983 68
5118 3721 45
7716 4304 215
7418 7973 138
4270 963 19
9300 6607 890
5640 3582 519
115 4403 572
2487 1732 394
3494 798 273
2115 7061 662
3878 4551 979
6740 5391 880
1379 5788 412
2909 929 253
6241 6140 778
2161 4373 663
7231 7576 73
7386 1062 517
2724 9627 154
2217 6516 291
1284 1318 119
3108 210 502
2819 7468 166
8054 5531 785
730 8637 483
1629 1444 106
2510 4541 460
141 5998 932
7397 547 163
8229 555 472
591 8096 90
2201 682 308
6368 2360 626
1015 3860 395
5974 3658 566
310 6378 457
2280 9840 149
7241 5950 364
1089 8170 82
5186 5275 575
7227 7173 404
7779 6463 853
1359 6823 255
800 1612 778
4578 1180 828
9760 4236 833
9046 6382 736
6285 2329 444
4156 2535 515
6787 2548 792
8242 8218 10
1223 2361 844
780 3500 901
1036 8750 375
2081 2804 834
4762 4534 426
85 2756 647
6188 2419 271
7676 5933 382
2237 1949 960
1923 1943 529
1045 5518 429
4071 1354 648
3117 5574 436
8045 8933 840
2166 3603 939
3884 1168 71
8072 1540 916
5866 7384 164
7669 3709 118
3029 1889 264
8893 4256 193
9217 4361 182
3326 7067 127
7064 4918 645
4227 8131 495
8789 2193 326
140 7628 998
1591 3629 540
8887 194 484
2527 2962 667
2565 4554 884
9431 2597 346
3722 1310 871
1198 9636 948
2555 7061 303
5232 1608 689
2987 8892 899
5804 1188 702
5185 2369 260
8982 6153 543
3617 513 5
5473 602 645
8906 7458 280
8807 9358 663
8267 2849 754
1421 8043 696
8953 8597 1000
6501 2416 653
6060 4442 693
1138 3967 95
7556 1234 763
5717 2480 94
2721 7612 408
1184 5171 528
7643 6785 788
8585 636 862
1925 971 161
8900 2130 194
2760 7849 396
8186 5059 165
4152 8295 751
2930 1680 864
2055 7952 360
7930 3494 164
59 3066 141
7505 4487 18
2425 1599 263
4616 4192 747
2720 3827 182
8072 5814 512
675 3093 943
8388 3896 734
2944 4115 50
8743 7319 552
5501 7118 513
2517 3524 1
6332 4437 288
9160 7968 321
5496 8916 330
6216 3104 544
4761 3730 261
3559 7148 71
6863 7062 35
4059 9808 860
4150 8549 172
79 1627 945
4257 6840 508
9482 8498 82
8015 2348 78
8646 968 689
1822 1339 284
9962 8023 365
9095 160 629
2875 7961 563
4465 8621 853
1347 4356 622
8098 9685 292
9054 8413 377
7502 5748 982
4930 4437 802
626 533 737
9536 497 990
428 2470 489
6591 577 444
5331 6457 414
5741 4644 24
1076 3867 758
8043 9908 68
9896 1002 620
8086 4508 499
8859 9015 976
5853 5497 832
3879 7638 498
8066 88 187
8268 1122 351
847 2839 161
5187 6246 229
7015 2200 57
1338 1769 21
356 2350 336
1369 1294 656
4005 442 874
2549 3162 206
8700 7282 202
8029 821 366
4035 295 803
9179 2987 362
8795 2423 41
9382 2808 909
206 1837 256
4594 1515 101
8757 9165 492
5128 1705 54
2542 3854 470
8547 1693 969
1325 6942 857
9569 1902 899
8250 6265 343
8601 6769 634
576 3670 353
6070 4710 592
254 7144 830
7978 5589 354
813 1811 68
9567 3982 157
8443 3242 811
8245 1340 343
8455 3486 142
6208 4148 115
7264 4579 377
7229 1116 666
7774 7065 658
9002 1962 246
5335 657 13
6725 3613 617
5770 9466 589
9170 6815 162
546 4687 280
221 6320 952
8120 8726 973
4672 4730 449
8630 3552 160
7069 1678 243
6569 9842 234
5787 6008 412
3592 5412 107
2080 6962 752
7993 6454 549
9203 7159 640
8599 1471 757
7602 1816 739
428 8451 120
335 931 835
6346 1804 571
1965 1415 945
1391 3591 270
4425 4000 399
9018 971 816
7056 7036 626
7149 5534 491
5959 4441 318
1330 5667 231
4914 8809 609
7040 236 702
2683 6392 304
8005 4548 338
4390 9917 726
5963 8616 446
5261 3413 545
7936 2524 274
6255 1669 286
8677 9787 826
1176 2867 7
5313 2413 23
9319 4867 481
8423 5338 988
2227 6377 346
6119 6684 474
4411 3325 269
9032 9137 792
6993 6830 181
732 6846 784
1401 1928 354
1336 1457 713
1003 2072 469
2272 3631 561
1804 5349 829
460 635 308
5804 1286 23
7431 6627 273
455 8924 265
2313 7405 976
4942 8044 655
8340 1585 374
9249 5480 851
4963 1549 357
3395 6206 230
7927 7884 354
1072 690 652
887 6180 236
4647 4624 532
4196 9940 722
3354 2626 861
3015 8685 7
853 1452 854
4550 109 592
3992 4947 639
9494 6399 562
9671 4484 418
483 5630 965
172 6373 857
8388 3271 553
6610 5098 474
8065 7341 682
8804 2488 742
8315 2841 19
9217 6510 942
5337 2521 529
5887 8487 149
4090 1001 55
1969 1784 4
4633 3001 62
753 5714 539
8913 4933 141
333 1845 964
7120 2132 139
2498 8912 223
7086 646 671
1339 3686 296
9861 9264 836
1628 4244 268
7271 1015 41
1271 3190 929
1480 2287 911
4996 6095 5
3496 3988 549
3807 908 904
3948 9463 576
7528 4406 684
78 3943 540
3407 7970 211
6740 9425 627
2027 2243 611
5972 928 961
9246 6804 878
5629 7973 907
9645 4737 79
9806 164 240
6185 4124 653
2540 6516 553
15 3540 186
9859 2071 774
5935 6556 424
9354 1878 728
5750 7512 409
2575 4125 609
1069 2541 575
6188 4629 520
9869 1898 158
457 3725 852
4859 3463 646
3574 2889 992
6400 1355 126
9730 1079 411
4678 3361 570
1634 1366 714
3766 7827 109
2911 825 717
431 8475 708
6124 2292 425
4624 963 104
1128 3532 281
7093 5978 101
9106 1694 325
6656 384 532
433 2436 305
7007 6371 396
9002 6589 721
315 684 831
6599 7320 886
4252 3530 332
5043 1173 371
4626 998 980
1310 1183 659
1631 1788 74
6400 1713 854
9805 1348 586
4043 7324 550
7221 1723 142
993 1771 556
2906 5006 919
8093 780 803
5354 2522 904
7683 5791 303
9525 4190 529
8000 7278 51
8939 889 541
7899 8193 657
7961 5815 702
1093 7042 397
9261 3746 458
2542 7083 90
3766 6500 301
7643 5365 530
1678 1924 720
1492 3580 113
1539 3554 148
4689 6379 102
3978 8879 897
4302 9406 822
9926 5422 371
1840 3919 478
3058 2080 730
6468 2967 767
2033 1891 242
6260 2232 596
3272 8783 314
1124 2723 760
2768 3950 463
3643 2588 442
1694 6327 43
1143 9311 712
6097 420 835
7281 7290 357
5136 5733 494
5812 7833 752
3396 4615 461
1402 5154 369
9263 7492 956
5979 231 622
2211 6899 607
1072 2584 709
3584 2504 753
7978 2389 491
1699 9823 192
5279 4282 503
6485 5192 492
1971 1604 97
7100 7825 354
4862 670 267
3466 3456 966
8194 2703 713
4150 2050 294
9329 4207 383
7842 1399 88
4601 3120 483
261 6100 212
4028 2905 634
451 6734 216
2189 3491 502
8278 8976 184
6825 9844 310
1920 954 444
5941 8377 570
3035 8100 369
1277 2526 275
198 323 552
433 1712 292
4195 5884 124
2679 2125 156
3690 3628 485
1273 2465 609
6862 5695 249
154 115 167
369 1813 371
2216 1290 821
6192 3901 612
7580 5298 264
3664 1135 329
8311 9805 269
8403 4279 879
4112 8707 407
7989 8191 523
654 2825 563
9683 591 638
2448 4306 51
6677 3542 436
4152 6536 777
3668 8513 963
4366 6380 285
280 1648 492
1573 970 641
999 1472 36
9692 3660 490
4770 7243 307
1621 7616 532
254 8549 514
7610 1250 243
6820 1401 854
4562 187 377
9132 9254 163
8623 3013 214
323 6793 290
5039 2486 504
8592 131 651
7147 3324 977
4103 2161 423
3887 6305 7
8803 6934 607
7675 8071 421
5431 2144 936
5208 5904 276
689 2842 282
8798 4915 57
3747 2451 664
7737 7252 346
1477 6924 195
6935 7743 400
466 374 831
9529 2872 97
9560 97 935
9603 2392 453
782 189 958
6258 6639 704
6619 1720 595
7933 6012 861
3341 34 847
8573 2125 422
8931 5585 398
4239 317 645
2193 3665 816
8991 2691 201
901 1836 445
6683 2820 421
2867 7681 554
2067 8175 13
7027 6982 134
1289 2457 508
4651 9157 733
2168 8947 945
9350 5745 209
3812 6896 662
2371 6580 807
4286 9605 814
8300 6756 724
9552 1975 914
8925 1797 126
3277 3527 9
5508 466 438
1949 2685 736
2946 9726 121
3766 2696 9
4344 5134 399
6962 629 506
270 4141 142
2077 347 724
1850 1390 351
2355 3516 617
168 3976 535
6886 7911 878
9347 9102 676
8932 9303 27
7190 2466 495
591 2111 460
8760 8744 352
2194 1185 434
625 5726 485
7470 3859 263
3662 5266 385
1630 6020 360
2164 2456 998
4012 1863 804
8672 9624 899
9357 709 682
2364 1537 695
4096 4291 771
2990 4267 660
2974 1893 370
8155 5835 819
7184 9259 461
1544 953 287
6235 246 369
6221 5398 643
661 5791 131
7372 5678 692
9011 8411 435
2431 7641 676
942 2006 236
1661 7387 5
8886 2964 260
6780 1379 405
9112 1271 966
4724 4005 908
5425 8808 627
2970 2740 353
2315 3544 584
220 944 876
76 6852 757
198 7399 850
7128 315 199
168 77 926
418 8003 757
4940 675 552
5216 534 719
1400 2017 605
2800 8623 258
4425 2849 377
120 866 84
6685 2471 683
2705 6631 745
8052 7599 993
4379 7655 656
377 1657 413
888 641 923
2458 2694 523
2640 9462 270
7099 7098 749
3214 242 2
5706 7176 600
7005 2663 512
7578 2470 248
8574 252 839
5841 4366 512
3659 2180 334
2928 4046 184
6191 3224 846
1606 4544 264
9355 6614 743
9352 7406 298
7601 4277 670
6553 9605 907
5544 303 188
91 9824 106
1403 1728 851
8792 9244 372
9359 504 98
424 6069 6
516 1620 478
4867 620 883
7532 8379 344
5955 1778 449
48 243 55
1681 6937 606
8630 7524 745
1056 1705 169
4892 8726 872
1121 3959 915
6285 9156 819
4927 842 339
9612 4418 53
7750 9891 363
498 663 560
3850 1865 678
356 4220 714
5614 8254 632
4166 4295 212
6461 752 725
2437 5199 12
7154 1357 970
5751 1008 608
182 8488 578
2698 7020 996
7491 3519 167
6920 4726 414
1614 6227 879
2611 6001 793
3218 8717 378
3328 2916 549
6887 1852 694
8465 8093 974
5601 920 807
2901 7862 263
6471 4835 677
3347 6739 707
5785 7119 492
4249 505 920
883 9923 890
9583 9533 926
8348 9200 993
3413 2306 289
1359 6133 830
5908 5796 668
2668 2512 283
7732 4413 893
4054 3258 183
9983 5581 788
4427 7101 101
1203 3256 794
5237 8965 286
6876 1174 917
4581 5171 393
8855 7551 588
8829 8710 659
8414 6049 641
3643 1821 702
7918 7544 950
5865 8781 493
2498 3424 825
9698 4766 595
90 4514 721
1261 3598 247
7728 3842 921
1372 1327 227
5259 2330 905
2384 5905 455
5218 2222 574
7397 1003 889
8859 1071 38
3724 4829 593
6954 2734 879
2032 5465 959
2767 2792 544
9843 8277 653
2383 4718 857
1011 9657 393
2796 6226 990
7252 2963 28
3863 9685 47
673 2002 815
9496 9454 783
3807 6835 753
3722 8611 745
6376 9707 92
3794 4362 826
6901 7826 397
4614 2508 51
8474 5927 377
1059 863 218
3076 3064 331
9326 7620 185
623 8181 221
7622 2107 229
6738 8003 687
40 6540 577
2523 921 553
565 8480 455
8648 9797 705
8710 5516 456
8924 3796 911
7862 990 530
4465 9104 510
3044 8177 601
8440 1307 267
8949 2013 104
2931 352 72
6979 5321 19
852 1062 294
5858 173 603
6302 9753 997
757 2061 481
1112 22 623
702 8657 308
4131 3059 78
5929 463 143
1474 9963 266
1777 7930 970
7030 4210 170
4585 6645 987
8280 5990 238
6863 1536 69
3655 7962 74
4561 7701 506
3138 2108 330
9980 2567 658
3070 386 790
1185 6801 740
9463 1980 376
8940 4992 449
1462 1863 176
1142 9237 545
7527 1363 613
2736 8701 28
6252 5124 624
86 2046 973
6666 8476 167
93 6745 306
3351 8751 488
4682 9998 553
2871 3277 528
2094 1463 685
5082 6567 321
80 110 931
5335 4191 699
6172 6923 384
41 2413 814
9649 9011 152
2492 4366 757
1788 7574 404
104 4240 31
1199 8884 985
4956 8129 966
10 7334 628
9882 7372 2
8402 2107 115
834 3115 400
1764 9437 399
5497 6836 477
3140 4347 755
8200 1058 151
201 4225 845
594 7999 687
8571 7025 265
9582 9151 155
5506 4404 901
483 2192 599
9895 702 490
1406 231 930
7424 1285 909
1240 8714 829
9212 2163 716
3571 1816 281
5528 8136 995
2962 6036 681
5296 1406 781
5767 1815 708
6956 1217 843
8313 4680 577
840 9253 509
4029 921 580
1659 9911 249
9107 146 255
5216 4290 660
5999 5504 193
6571 775 449
4214 4038 994
5322 7534 502
2056 9048 89
3653 2486 508
3051 3761 955
4696 6304 277
4805 6210 56
1090 6059 653
1524 180 420
8556 776 663
680 496 105
4276 9437 788
7888 3774 549
3871 3447 890
7421 4097 84
7398 3609 490
5836 4953 390
255 1794 996
4833 3470 376
727 8295 725
8636 4951 204
3294 8167 727
7663 6166 107
2724 494 406
4827 1262 582
8664 2751 643
9902 5526 391
1462 2692 128
1440 6624 560
6981 5333 710
3432 4476 112
5084 827 203
977 1247 994
8527 3398 617
524 3949 156
6873 8153 81
8556 1105 577
5301 9978 44
6486 1461 58
2511 5751 536
6068 8160 391
4625 8946 788
7326 1087 207
2157 9661 297
1914 5796 567
9606 8690 987
2302 3572 717
631 3676 279
9324 9332 532
9005 1585 273
6056 5688 580
5573 5644 340
6290 2569 539
545 1712 472
1880 4786 374
8382 2920 911
5639 5797 878
3785 9319 149
374 6428 486
5652 966 634
9365 5300 650
7493 9126 837
3184 5676 401
3779 8443 146
7444 2833 547
7196 3979 805
7477 1442 305
422 175 951
325 1900 679
1220 1776 31
7748 2338 149
7834 1613 511
8986 537 913
1810 8247 545
3543 4498 77
1111 2079 773
7032 5579 432
5973 6712 678
2011 3655 405
7434 7895 94
5761 418 447
926 794 122
4785 1037 231
5720 6721 39
1131 2306 245
1409 1840 338
6570 3957 15
224 3111 320
1445 774 344
8369 9799 314
7694 6996 801
927 917 397
635 7493 678
104 7422 58
5710 8472 302
5049 2719 191
4456 1474 797
2006 3509 106
3372 7501 575
2149 656 685
3228 9945 580
9372 1049 597
5927 337 577
1817 4564 480
9678 920 434
9416 879 67
7036 6659 971
3640 9288 830
7044 139 437
8035 3503 867
2569 2547 748
2281 1889 639
6609 1164 230
4680 9700 49
8852 7205 376
2905 3659 758
2159 1738 331
2599 1921 419
1020 5927 788
9778 2132 945
7581 9225 229
554 1590 817
5022 8485 448
61 3256 19
1259 5914 12
519 2147 701
2603 969 541
2678 3038 65
4099 9323 415
679 2780 256
2344 5992 488
4910 3459 355
7626 2129 281
1797 6255 343
3959 3994 382
1686 1349 933
2184 1764 233
9946 1138 653
7492 5850 89
25 5651 55
1237 6188 793
440 4161 74
66 1023 138
6570 4963 504
741 2298 201
3205 6838 252
7000 1465 167
9407 8661 169
6630 8137 557
8714 1034 124
1815 4446 247
4430 5799 753
6791 7494 308
7211 2044 571
3037 1735 411
9143 9832 300
3803 2972 467
2329 7103 174
5519 6 176
1217 2465 920
2031 2916 978
5830 841 151
514 8666 131
3176 1888 234
7672 3340 997
2888 8793 717
379 7814 628
1591 1320 14
5185 535 119
7409 505 758
5512 1006 735
6626 2198 533
4387 4597 154
189 1189 291
4494 4755 223
4166 6709 331
1670 7860 121
5404 9002 92
7189 1744 468
3588 9525 217
5592 5702 362
3938 7363 637
6674 7540 966
9563 839 760
9228 9700 494
2253 7840 880
3332 5474 851
2036 9788 846
9093 3539 844
1478 729 660
6177 1159 214
5540 7743 493
4082 3797 126
2651 7762 614
7681 6860 304
3661 1008 169
8541 9858 929
9387 1935 942
3787 2268 636
7077 1347 681
303 775 571
4547 8090 301
9215 647 621
346 1721 90
3366 5936 464
4936 7266 893
4837 9223 211
325 2094 720
4779 6898 278
1686 2311 856
6596 8322 479
8814 4115 813
5581 1099 939
3111 9268 989
7845 3665 779
1952 8733 174
9682 6044 763
5559 6684 744
2250 783 30
1454 7869 467
6207 1111 622
1799 7176 656
7433 7045 222
4053 3137 639
3494 9589 561
2303 4640 166
1166 7028 679
1923 4251 904
3664 427 957
8697 825 556
5616 2101 516
3383 1985 89
2732 6574 598
8378 7422 131
402 1181 636
6939 918 285
7766 2163 276
1924 1410 265
6750 5876 30
7230 839 549
8395 2843 791
3962 8373 530
4381 3831 576
7302 1432 374
2461 9614 623
3426 6981 758
5946 8315 309
2534 4640 20
4818 7270 922
209 1767 322
9816 9397 389
7883 1650 243
8019 1647 34
9475 1398 202
6672 711 330
1021 3822 334
914 8462 590
9145 9132 487
6432 749 800
1299 7880 992
5803 5182 944
567 9087 173
2898 3559 405
983 1304 667
6142 866 39
1886 1358 256
7321 8601 2
4395 3778 951
972 7703 430
6278 1116 871
3185 433 169
2299 9111 356
2720 1368 917
112 7052 256
615 1560 543
9044 2236 50
4816 6232 39
1658 3678 294
4423 5724 436
245 5705 977
1477 202 380
9091 2841 8
5269 7100 545
2357 9844 220
1192 8037 223
3042 6826 650
9646 9477 617
3172 9727 675
6094 1894 347
113 1613 185
3696 252 924
1205 8224 952
4901 3957 970
4335 1145 418
5496 3324 928
3435 2753 272
3311 8828 871
4021 6545 612
2971 2322 425
6787 9896 350
4622 6676 677
5480 216 951
7159 9046 370
8802 7831 332
2593 6993 439
9520 4772 876
123 1612 269
7344 3958 964
7791 8400 954
8008 1639 798
9556 6091 600
2644 5519 541
6674 9440 376
1062 5146 816
9834 5869 216
4754 155 184
7877 4559 854
1692 8764 432
7707 9400 491
1393 1692 877
1729 9142 337
7040 3482 332
9622 9051 641
1601 9979 40
5765 3510 28
9992 9903 763
8874 652 803
2300 7299 881
1653 4483 597
3545 2350 830
1265 8576 175
1499 8925 324
9685 1825 290
2129 9950 825
2824 4908 171
8012 6062 950
5798 2014 510
307 8981 388
4176 7515 816
1586 8558 273
4784 2192 889
2259 552 478
458 3889 961
1453 6891 865
3760 128 215
8177 483 691
5646 7263 300
9962 4190 958
4020 3494 735
6970 4388 988
2269 8038 848
9038 5308 508
2389 8309 591
4333 8237 391
89 9617 720
5758 672 17
3157 298 630
2650 7370 456
5794 2461 936
530 2359 54
1530 9633 91
2418 4703 472
3634 1484 6
1995 6124 377
7082 1128 452
6714 1734 356
4395 9946 130
7057 7621 641
6455 2039 346
4864 2616 25
495 2382 193
6161 3598 107
220 8910 811
6547 7514 621
4609 2324 471
6390 9077 988
9033 9025 336
5069 6138 809
5131 2426 564
8951 6390 31
6588 5746 193
3 3818 837
7583 1689 376
8081 2616 24
49 5277 278
9600 3789 291
194 1238 570
7494 7895 146
1164 2169 967
9774 192 56
150 2713 325
6309 1796 237
5173 4924 54
8566 555 256
2423 285 236
1210 5115 51
4291 3951 564
9306 8856 489
6153 2056 529
1065 5539 117
1628 5987 298
8784 2403 874
1552 8908 977
1542 9468 329
9548 4019 905
3664 4259 829
4016 7807 410
5800 6084 998
660 2364 708
4033 5960 737
6086 5927 183
463 1258 466
3573 9146 469
2576 9046 580
3495 2617 787
5731 4871 2
1325 2004 397
1954 5681 584
8712 1091 773
1167 2073 659
9362 2202 448
1179 5194 205
3134 4104 460
908 1459 1000
6685 3245 792
9727 5113 367
6423 9339 899
9234 4050 860
2585 2127 242
633 2012 408
745 6175 743
9323 6529 283
3021 3324 246
1929 8863 489
7962 5981 454
4281 2160 539
9238 7143 803
1523 2700 244
1823 9319 474
7723 64 407
6985 5225 434
1637 2054 973
3833 4685 511
4860 8899 759
1223 6760 554
8824 9472 57
2686 7357 817
3356 7010 833
3009 2692 477
3705 6643 822
6404 5935 787
7218 4766 292
8351 2102 697
4570 6609 317
4307 8064 852
9137 8107 262
348 1868 137
1300 4611 381
4715 2591 130
8393 2218 820
5957 8880 317
8239 9306 913
3652 7670 635
9745 2055 857
4210 6824 439
133 8005 116
7861 2074 18
8706 499 378
9556 7602 352
2083 1086 323
1240 742 991
9895 690 312
8223 8768 148
8721 4778 939
140 5204 771
7508 9480 446
6810 7506 121
8003 6369 724
667 3949 459
9252 1488 102
3766 8691 949
9744 5962 949
6013 3186 706
6630 4829 518
5291 8806 553
2769 7771 353
525 1995 804
8890 8789 64
617 7537 592
1262 9072 570
1755 4639 241
7096 6203 681
7726 9897 605
325 715 348
417 8949 95
1009 4492 449
1715 2576 189
3500 2395 932
5835 2474 467
6921 604 149
6252 4412 617
6264 6143 66
1072 8531 10
1444 4082 464
2000 6393 151
9326 8285 524
454 1876 595
1552 8770 728
6934 8305 593
4489 1183 812
8550 865 263
5874 8906 439
6898 3594 78
5388 9486 69
3964 2613 804
3701 1183 544
62 7872 304
954 4962 353
9779 336 878
6064 8697 333
8284 1379 190
5252 9544 901
6750 5206 184
4294 956 701
3931 7796 67
210 9157 600
2185 8388 802
7652 969 787
8392 7211 175
8100 91 737
145 1429 779
2645 5268 732
1640 7980 645
9035 937 785
7426 9574 833
3961 40 968
3347 5883 973
8995 7752 240
4976 9750 487
4519 904 148
5380 7469 539
547 2771 635
4745 9154 270
912 7383 903
5886 1536 656
4695 247 749
5897 9103 224
501 3883 851
9105 92 687
2189 6332 668
7357 3496 657
5179 5006 581
7085 3996 795
5950 2563 503
893 825 551
5021 1494 872
2710 6583 183
798 1121 103
2932 5868 156
9441 5061 718
5578 7907 374
1511 5707 331
6578 4 569
4608 9043 439
751 3947 629
3251 5939 335
308 7800 325
5967 3114 511
1936 4495 350
2008 2146 599
354 7921 127
8947 4547 683
794 237 47
2488 1862 743
1561 7527 545
676 5952 899
8850 8271 610
8760 8909 486
3899 9896 285
5184 3050 885
9882 420 190
1888 4675 428
1380 618 749
3218 6877 976
2628 370 406
4772 8458 432
3519 1458 342
2083 8432 920
2150 2731 648
5650 4344 599
2233 7237 421
306 6793 442
8175 5150 130
7277 2117 673
6292 1614 556
7616 2080 87
3481 6577 48
9656 1796 885
1486 7568 607
142 1539 669
2080 1102 241
4150 386 968
9683 6142 603
5146 9499 275
1777 1547 652
2816 6590 73
305 1736 942
1175 8397 421
5783 4557 701
9112 3321 168
4811 121 181
1980 1636 600
8114 5199 980
7821 2958 71
1104 9582 554
1327 4381 503
3465 494 783
1871 4115 440
1485 9416 965
8834 2451 311
4131 9640 71
7909 2896 681
2496 5381 45
5565 8172 279
4033 8277 618
5980 7680 117
3503 7563 174
9790 132 996
4142 2598 295
1346 1030 916
3865 3046 589
6094 2761 906
5497 2349 511
2707 9026 948
5275 2052 875
5045 87 446
3490 493 338
6388 2501 569
1719 3502 343
3649 2181 348
9619 1699 752
7085 7889 683
6384 24 511
4593 8192 148
3314 1540 210
8411 1557 350
3081 9772 496
3112 5111 337
4485 4904 360
6134 9143 207
5326 9364 468
7472 5366 780
7093 4870 812
8607 8259 413
3427 6390 804
1307 7655 670
8406 6096 78
1406 83 245
7804 7044 958
4257 7318 988
1910 2898 746
3770 3568 218
5949 4371 441
3127 6213 807
1316 967 856
938 1801 299
1427 7339 311
8348 7312 380
9347 5868 306
4875 9777 255
1075 8816 883
2425 6753 216
2400 9849 188
4449 8046 774
1123 9440 283
3881 1335 255
480 6876 943
1667 7184 97
6694 4845 719
3574 4802 935
3518 5751 94
5185 9710 805
331 1084 539
7973 754 264
4964 5676 910
3897 9319 474
8632 5087 962
3940 146 942
5656 1799 119
8842 8040 34
9074 8831 620
2995 9519 857
8681 8060 456
264 6746 359
769 4878 586
240 5006 3
537 4691 35
3600 6239 709
6115 9883 687
2535 1165 763
9326 3392 972
3373 476 930
3710 6870 489
9833 8008 610
9108 6935 32
12 248 419
5211 8854 145
5706 2512 315
3942 2175 996
3484 2262 152
6927 8888 696
7409 6711 943
3037 7429 780
3689 7473 769
9931 9482 506
3627 6095 737
2696 6243 389
2282 6838 90
6247 3336 111
3408 2532 7
317 818 645
5081 2982 156
2571 6823 744
1290 3751 130
143 8366 234
6514 9772 221
9726 479 8
5058 4236 86
4337 104 640
4191 6428 794
6530 4381 420
9469 8311 325
3353 5713 199
2099 2365 475
8864 1129 347
2359 8291 769
3833 4196 605
8548 1976 984
6817 1108 153
3710 4307 992
746 1492 168
2110 8321 666
1597 3030 921
6240 7773 59
7387 408 343
3973 646 100
2311 7350 106
8265 8932 610
9033 452 490
7386 7287 27
5545 8970 796
5511 917 897
7103 7432 927
2882 5669 210
6604 33 90
9439 9861 607
240 2718 567
3330 4798 994
9819 1983 946
438 8217 465
8530 4335 632
7710 1944 866
1849 6184 564
7720 4405 762
6222 2406 68
5315 9548 546
304 3792 432
652 4697 53
838 6185 362
803 1732 534
556 1393 235
3147 3834 452
4502 9653 404
3681 2601 640
4120 4365 379
8621 4141 171
1086 8473 242
941 8471 886
7639 7062 17
1798 6874 864
975 805 133
7954 706 598
325 3020 119
8512 2318 301
4293 9235 70
9277 2349 494
4864 8135 291
3818 529 57
9476 5253 928
2175 312 952
8113 2772 434
6161 4939 899
3574 5056 35
5126 6155 396
4928 228 584
238 4544 968
2676 7209 643
3480 6304 415
7399 8563 976
5056 5235 174
1795 5231 57
7329 3510 829
261 2789 727
4282 6571 833
7073 4568 168
1150 3140 315
5207 1495 615
7262 1183 981
528 5952 835
7162 2906 751
4226 8885 489
9147 5896 381
6546 5038 989
7849 79 963
5524 6326 745
2069 1271 723
1414 6057 9
34 294 694
8556 7616 153
9651 1268 519
1075 1498 236
8561 514 373
7272 9433 223
3406 1610 572
7331 3251 936
1678 685 553
606 2106 353
4984 2816 881
1250 9088 667
9399 4323 58
5116 2346 235
5610 9897 733
4711 2508 39
6340 3397 20
6212 729 910
690 8062 542
1346 2150 603
3660 1995 545
9474 8988 659
108 3482 315
7815 484 474
5011 5241 638
673 5432 480
6848 2039 848
7563 7817 411
3287 8566 289
3374 5697 523
3836 8760 321
1564 2114 513
4122 3336 963
2571 84 589
1634 422 234
358 2215 628
1425 8708 617
23 7283 393
3044 191 485
9539 3215 560
8574 950 665
2939 1457 381
8766 7212 940
4274 8404 100
5466 9932 603
1256 1854 25
6516 658 681
6076 6968 494
8630 7432 725
672 8532 630
4797 2220 188
1235 9703 70
7172 9254 962
531 8450 337
6495 9303 885
8621 255 184
64 5019 29
6491 9976 56
9213 4174 689
6864 7964 198
1140 2895 826
7242 3908 163
7326 9447 609
782 9400 182
316 3564 613
1011 572 223
3310 1934 712
2595 6786 687
6518 5607 358
7462 5916 280
5642 6321 525
2877 7022 426
8526 622 756
6896 4113 54
3399 3021 18
5099 9677 887
1960 1331 953
3683 1462 114
8900 407 323
1481 8109 974
2655 8217 486
9586 1871 216
1265 3021 650
7211 4227 144
5532 3485 744
1424 4691 263
9919 1661 753
1561 6759 285
9402 5575 490
7641 9838 455
8329 9542 297
10 1232 671
7865 5506 132
7793 775 99
1282 7215 450
6980 4914 215
593 8552 883
7196 5391 784
4304 2581 435
2387 4292 214
5785 9329 43
7982 891 12
8697 2089 700
1897 5590 655
5751 9933 778
7733 2723 699
6781 1130 794
2565 2658 652
4282 9665 21
1396 8123 366
819 6783 850
1158 1505 790
1141 6607 240
3649 1536 333
3607 40 312
9698 9650 618
2174 5129 145
6961 6791 543
9108 21 105
9891 4805 696
1608 2967 590
7602 5762 559
2365 5447 799
7426 301 62
5037 3479 776
8522 6547 554
5842 694 365
5478 39 876
5663 2437 711
3663 4277 406
9249 1971 155
7055 6277 993
2448 2636 967
1111 2041 438
1097 1567 371
8558 7616 967
432 9068 378
6081 3358 516
7350 8028 380
9304 5725 2
2950 5180 567
5155 6451 133
7257 3875 342
8283 6046 695
1090 18 923
6 673 819
5879 149 527
5680 6827 731
3954 9264 966
319 7028 840
4181 295 12
1507 9745 402
1234 2578 289
767 3610 423
8338 2024 363
6718 315 818
9353 5766 174
1294 1279 7
836 2196 688
1773 8400 798
512 3148 727
9396 4855 867
6086 2543 358
477 141 487
5925 8462 435
3672 9628 732
9730 2506 785
6694 5108 145
4257 305 829
2861 6138 112
9627 266 696
1740 2484 994
839 1069 431
2393 873 23
5662 2218 695
5137 8394 665
2701 1354 559
6712 3082 156
2681 8590 381
8701 3543 708
4542 1148 783
4738 1956 537
4955 7610 131
1712 7475 986
4337 816 243
744 6064 671
2733 2241 126
7592 578 603
2627 1495 54
8036 5459 500
3025 3251 182
463 9701 909
1628 1331 420
2594 8796 350
1610 9569 270
327 4052 377
2448 8849 831
8090 958 559
4571 179 774
312 617 805
7651 1414 635
2672 1840 737
3140 7229 327
4553 704 899
1474 2396 693
5070 6242 973
4873 4333 694
1406 1293 115
447 4543 171
2112 9377 999
1925 8968 236
2258 4510 917
5500 2371 20
1825 9630 348
8174 3542 237
452 9970 401
1243 4041 499
356 9227 175
889 7436 423
9703 1785 530
1797 4435 919
3509 6616 560
1633 1832 420
6325 9726 272
3161 1428 46
674 1196 214
7619 3922 83
6996 4801 326
3367 3243 82
9620 4839 375
6366 769 826
828 2777 933
2541 1185 228
3795 6358 46
9033 3900 432
6215 9545 206
2433 6098 280
7977 4456 637
3428 6419 778
4187 2497 221
4767 4537 945
2694 3600 339
2066 6654 420
1941 4136 549
3508 5775 413
484 4075 240
4742 7188 994
5078 6984 359
2715 6245 106
4412 6020 911
1453 3470 398
4803 7098 231
6151 2992 586
8073 5477 507
1740 7902 636
8775 9266 248
1841 4437 485
7499 6736 157
9227 9306 259
4668 6109 679
3460 1270 198
6351 3277 429
1713 2445 550
8762 7994 806
9591 2204 432
2029 7943 567
689 864 604
7919 6167 83
1947 4821 665
7043 6146 233
4021 9429 436
7984 1372 528
7605 2848 991
9697 6606 650
409 918 996
3295 989 404
364 4999 937
756 818 437
8026 3020 186
351 7115 475
6550 5836 736
4167 18 959
3616 114 396
7363 2139 713
2863 2983 415
4919 9810 149
3657 7866 645
1870 5195 29
364 6848 313
6150 751 818
7624 2256 1000
4086 4160 531
1551 7192 193
4739 5322 455
5213 7055 369
4810 5989 75
970 5309 303
1319 9960 772
341 8769 937
2951 6353 217
8904 7550 864
2724 7912 463
1813 5227 578
9174 7832 412
9641 3708 582
3577 7140 739
2034 8328 68
1192 7796 36
2990 6626 185
9977 6891 955
2788 3029 950
2901 6740 197
9286 6086 989
4558 9917 647
9883 4429 264
8417 8389 273
1463 4865 382
72 7815 390
4626 4583 919
7072 7695 942
7392 3403 33
1690 5393 245
1779 4909 9
1484 6530 891
7118 9915 700
5767 454 215
90 8430 364
9845 2562 217
2045 2366 520
5897 899 5
765 8326 801
7321 5584 977
9009 8982 973
6611 5091 593
3355 428 470
1539 4027 848
3060 677 221
5704 1833 590
7029 1053 172
8761 5286 210
7889 7418 525
1083 2526 66
6250 2888 773
6769 11 502
658 220 929
2504 3997 103
3302 9082 354
4484 5327 582
9367 9269 167
5155 7501 86
6045 5659 747
487 4727 75
5863 944 846
5632 3470 590
3972 9464 959
4117 3259 751
1995 214 359
1555 5191 260
2031 9618 965
3841 1289 11
5224 9030 228
8138 7135 251
8049 4152 996
3595 9036 642
317 7380 632
360 58 141
7665 865 960
3505 9262 109
1549 7268 38
4963 4133 59
9866 6861 117
7384 43 913
9454 470 405
9841 2228 370
9797 3020 800
3403 2695 502
2978 788 780
9678 8427 399
7465 4031 754
8644 1059 369
3573 3162 834
1857 75 653
9011 9614 72
1161 331 421
4680 726 344
400 143 181
2562 954 25
265 8546 318
3133 1809 122
4289 4791 933
886 2885 263
4183 6289 135
1652 6445 499
2403 4628 668
8825 2622 896
9831 6045 549
4308 9487 256
2924 1157 885
7917 3281 318
6438 2312 603
9228 9087 855
3925 912 946
24 815 446
5007 1115 574
2732 9054 49
7619 2004 651
1741 4762 757
1660 5570 908
3455 8599 461
3127 1726 783
2044 3140 521
9465 3383 738
1739 1994 222
4697 8250 532
1548 9721 726
1712 9090 36
4252 1637 351
1473 5691 754
918 2778 119
4768 753 249
2605 3060 253
1750 478 532
661 4172 159
8432 3300 797
5671 2315 565
5035 4459 521
7501 1249 543
7875 2875 409
2046 1153 878
9927 2700 160
4217 9173 634
812 803 800
26 7231 194
1604 8627 155
296 6348 207
5060 1710 308
4051 6618 225
3082 3831 790
90 1434 262
6730 5490 961
9104 9950 285
7421 3070 840
7254 4803 982
9307 2564 80
8337 4780 484
6564 3472 649
8607 164 822
466 1670 39
6490 5285 82
9708 5515 917
8489 8402 657
2418 3470 951
7602 4199 327
1789 7746 216
597 1410 447
3250 7528 806
1436 9832 121
6059 8363 19
100 376 249
601 5486 223
2484 2865 3
1520 504 558
3595 3717 651
1738 5669 471
3838 1053 501
1768 1621 998
9554 2491 185
4769 267 513
1467 8482 316
6030 1187 153
7011 5571 51
5055 9856 268
2909 7695 28
6341 8452 328
6625 5777 202
1554 7490 932
1261 6248 316
410 5927 261
9302 5414 199
7625 973 919
2042 1534 915
7944 134 686
801 4119 792
104 1682 209
7668 2866 465
7852 8061 865
4094 1740 270
8247 8566 338
760 1516 25
4714 2124 240
423 412 596
1903 3997 366
1390 5287 516
7920 4657 926
2780 9608 466
7272 2855 54
2064 1999 152
1866 1055 731
1678 2805 130
2381 3852 734
1549 4606 715
6326 9058 901
7137 6157 674
3873 9380 806
9359 5716 626
7353 4519 953
1459 5657 211
3383 2281 581
7993 2997 726
2018 71 113
2439 5320 977
796 4288 227
4756 4040 224
3774 2420 253
1158 1827 179
7432 7300 862
235 9645 331
8987 4390 615
8712 5989 196
2133 5477 864
805 2607 291
2225 7719 673
2814 4597 602
6703 993 735
5186 3723 316
3246 8445 674
5427 7686 526
1805 9921 982
9305 5935 917
5794 4280 947
6628 4753 837
4400 6455 498
4288 2358 590
6666 8396 219
3725 1394 645
8906 2549 79
1677 8916 478
7137 271 985
1909 6864 83
7456 2449 996
1132 9037 266
2772 9094 203
6523 7249 932
2227 3911 116
8289 251 242
5701 365 914
642 6254 674
571 1934 663
7856 8689 901
1539 8438 698
8938 9731 73
3798 1711 457
858 9369 400
3496 3939 215
2161 7306 322
944 7682 674
954 885 378
8915 2198 697
2122 776 399
8211 6667 358
9968 3588 27
2199 5464 644
443 3096 527
1122 7301 781
2029 6515 493
5348 1655 777
2492 8695 988
4976 6701 958
9055 454 378
1588 7061 642
5902 1889 90
7462 3201 896
8399 247 335
6889 6622 629
4218 2250 961
1574 2681 802
2264 8639 433
4214 7082 142
1947 2191 942
6714 4118 44
2666 7092 999
220 6180 530
1726 4990 174
2305 8490 789
2783 7394 992
5414 7464 633
4968 4676 549
1594 504 742
7053 8589 453
9174 6675 684
4839 918 310
2929 4509 47
6125 1173 177
642 6663 767
1405 5426 234
6634 4237 313
7770 3723 215
7962 7261 809
1625 4695 685
1549 6946 148
4958 7284 44
8587 4128 546
4680 4354 774
3650 6674 682
2632 2684 806
1417 1623 669
7884 3354 79
365 5056 100
2274 397 653
6248 6338 47
5547 5567 78
5771 9317 724
4689 2127 688
2573 4024 623
5418 7471 659
285 2047 594
1645 4995 402
8547 95 638
7210 6746 42
1109 59 947
5268 1595 142
3872 2444 345
787 2135 65
5343 9870 48
2425 3164 152
970 2286 133
2176 7702 189
4978 7577 963
5794 3575 398
4004 3446 570
2395 9703 538
8264 1709 184
4353 1845 893
9694 5832 195
25 2411 881
1754 1932 969
1794 7042 704
9003 7959 933
1272 7274 119
5840 4962 194
8181 8811 453
7957 5949 383
2456 9605 451
9752 7155 335
9070 7403 114
6206 8186 977
823 7630 734
8852 2998 443
6779 1506 360
985 5983 512
6480 853 833
4041 3874 515
2501 9303 285
5689 506 417
1334 9364 827
2245 5255 194
3947 3360 272
8408 1860 428
429 3181 361
5057 1791 894
9338 7536 920
4731 6104 571
6841 8786 234
9401 2726 435
5408 5905 805
2916 1654 492
9802 5349 195
1304 4967 590
6194 8658 754
9592 6536 284
599 5474 104
8807 7944 797
5819 9890 850
4706 4388 76
9770 362 163
615 6952 958
8840 9470 731
9865 5315 616
2909 2370 265
5453 4199 270
3490 5592 56
6189 7168 782
8146 2700 154
4894 6406 883
5242 5753 338
7368 6132 660
4776 2292 409
6764 6480 380
43 5513 944
163 2801 518
4380 3486 757
5728 1049 176
8460 8940 46
5303 8173 350
8396 686 278
3880 2277 636
563 6720 748
3781 657 981
9651 2520 466
83 8699 593
6802 276 839
4264 2529 145
6242 329 874
3018 90 989
5292 3435 717
1081 5246 928
2363 9494 824
5186 492 425
1079 6754 540
9587 9098 357
3571 2276 235
3248 7354 308
5816 5870 611
682 5275 544
3656 2520 46
7500 1807 942
635 2394 533
2790 6099 322
6336 4288 213
506 4369 103
3265 2703 578
964 2110 673
8324 306 817
5173 6445 329
8335 1301 47
8175 1324 234
7420 3363 133
8029 5953 52
3763 2570 225
8730 2561 382
1292 3339 952
2434 5743 473
8633 4816 846
1394 8779 126
1039 8968 389
6866 5264 681
2670 3036 156
882 7235 146
8418 4256 9
4703 5414 15
1828 7853 852
1479 1959 270
4403 5451 517
1733 1942 924
4839 282 73
6358 2583 838
9466 4448 212
8411 2853 794
2639 2544 413
3130 3149 980
8168 704 294
1416 1362 691
